archive,source_path,bytes,sha256,disposition,canonical_path,reason
BIE_BI_DOCINT_ADVQA_001.zip,TASK_RESULT.json,168,1e1c9fc5f1e9fc1a2e063d4a9d7395810aec95c10c29eb31bac462d0fea289b6,PENDING,,
BIE_BI_DOCINT_ADVQA_001.zip,TEST_RESULT.txt,1174,73969126e46277e6fdd70200bec6853653b74425eb11cb90b43a83d9a0075296,PENDING,,
BIE_BI_DOCINT_ADVQA_001.zip,docs/SPEC.md,143,da05261361a3c5567a70eb62d25c0c4540f6b3e64ef37f5a3afe0b8f88820289,PENDING,,
BIE_BI_DOCINT_ADVQA_001.zip,tests/test_adversarial_document_benchmark.py,464,fc56226006abe91d0fd507762c97e02443b2d99286f16fa671f480d504d1a83f,PENDING,,
BIE_BI_DOCINT_ADVQA_001.zip,tests/__pycache__/test_adversarial_document_benchmark.cpython-313.pyc,1570,3202384e93c7c00a5fb09b7e951903eb620876f98f1dbf513849dbfd5efa7dfa,PENDING,,
BIE_BI_DOCINT_ADVQA_001.zip,app/bie/book_intelligence/adversarial_document_benchmark.py,528,37b374963c6edebcb6cfbb2fb93298abe9ff1c287be149b16e137194a220da9c,PENDING,,
BIE_BI_DOCINT_ADVQA_001.zip,app/bie/book_intelligence/__init__.py,0,e3b0c44298fc1c149afbf4c8996fb92427ae41e4649b934ca495991b7852b855,PENDING,,
BIE_BI_DOCINT_ADVQA_001.zip,app/bie/book_intelligence/__pycache__/adversarial_document_benchmark.cpython-313.pyc,1801,73325bef70c4d0629e11962d862571e469fc39c776436e00035716955685e91d,PENDING,,
BIE_BI_DOCINT_ADVQA_001.zip,app/bie/book_intelligence/__pycache__/__init__.cpython-313.pyc,168,5f0fd6a23f9bbf9089ea19477a633e371483d773e1407432529e4ee202d06cc2,PENDING,,
BIE_BI_DOCINT_CROSS_001.zip,TASK_RESULT.json,163,415f395aea97b4c37a5d021c480664d4e6c2b3df72ec4948426448d64befb6bd,PENDING,,
BIE_BI_DOCINT_CROSS_001.zip,TEST_RESULT.txt,1174,73969126e46277e6fdd70200bec6853653b74425eb11cb90b43a83d9a0075296,PENDING,,
BIE_BI_DOCINT_CROSS_001.zip,docs/SPEC.md,143,d75bcd6433bb4b5b6b65317698c853f0951eeacea0e6dfe55152cdd5358fc27e,PENDING,,
BIE_BI_DOCINT_CROSS_001.zip,tests/test_cross_page_reconstruction.py,552,f1f536e08421cfe26ccf880aff78df7c3bb0be76dc69bceca470b7a4000b7285,PENDING,,
BIE_BI_DOCINT_CROSS_001.zip,tests/__pycache__/test_cross_page_reconstruction.cpython-313.pyc,1485,493a09e103d89627dee2e6cf2e7b8f3e16c80432c2e480c262e4c5ead011fef4,PENDING,,
BIE_BI_DOCINT_CROSS_001.zip,app/bie/book_intelligence/cross_page_reconstruction.py,446,7d618bf1266146afe7cbec1d5184293a121efca8a4014989664ad46b0bafbe7d,PENDING,,
BIE_BI_DOCINT_CROSS_001.zip,app/bie/book_intelligence/__init__.py,0,e3b0c44298fc1c149afbf4c8996fb92427ae41e4649b934ca495991b7852b855,PENDING,,
BIE_BI_DOCINT_CROSS_001.zip,app/bie/book_intelligence/__pycache__/cross_page_reconstruction.cpython-313.pyc,2029,2d8516d0283071b309b747d41b0d2f7eb4171102a6e1feb9826462d8ac5b86d4,PENDING,,
BIE_BI_DOCINT_CROSS_001.zip,app/bie/book_intelligence/__pycache__/__init__.cpython-313.pyc,168,d841b31462e26b543efab0fd847f52480cccd23317af83fb6c27fc56a3283a0c,PENDING,,
BIE_BI_DOCINT_E2E_001.zip,TASK_RESULT.json,161,04e89665af4b0ec8257f7464ab158d6f8437787e7f7da9b8e9b26bbb293546c3,PENDING,,
BIE_BI_DOCINT_E2E_001.zip,TEST_RESULT.txt,1174,73969126e46277e6fdd70200bec6853653b74425eb11cb90b43a83d9a0075296,PENDING,,
BIE_BI_DOCINT_E2E_001.zip,docs/SPEC.md,137,156c827845c6a57cb4f255ef4121a2d4f9a0a1d09d1873aad3dafa18e30bc857,PENDING,,
BIE_BI_DOCINT_E2E_001.zip,tests/test_document_pipeline.py,476,f6404e50e499ac78745b75a5c0aae6f014aa6418b1e4e7b9f6cc56119b97b23d,PENDING,,
BIE_BI_DOCINT_E2E_001.zip,tests/__pycache__/test_document_pipeline.cpython-313.pyc,2043,15d6d1b8162e7ffcaef99b04a51b305c35254e8c9bbd5e8f1c611e7987584bd7,PENDING,,
BIE_BI_DOCINT_E2E_001.zip,app/bie/book_intelligence/document_pipeline.py,431,4fe77cd3f99bd652af9c69745004b4e3386975a1ba40e45c95391f89f63b88be,PENDING,,
BIE_BI_DOCINT_E2E_001.zip,app/bie/book_intelligence/__init__.py,0,e3b0c44298fc1c149afbf4c8996fb92427ae41e4649b934ca495991b7852b855,PENDING,,
BIE_BI_DOCINT_E2E_001.zip,app/bie/book_intelligence/__pycache__/document_pipeline.cpython-313.pyc,1212,4a5d1734b6e6d4c0e9b26128e680ae04733e8d06f87c5f8ddd83bfabb8a9a62c,PENDING,,
BIE_BI_DOCINT_E2E_001.zip,app/bie/book_intelligence/__pycache__/__init__.cpython-313.pyc,166,02883420bc2d502f725f4d3915279e23651d5ef24ef9f6ce55ba467cb5bca40f,PENDING,,
BIE_BI_DOCINT_E2E_002.zip,TASK_RESULT.json,161,86e473aae907923f3efb459d9319b11c1e2827cf83ec1d1837c69ad2f470e661,PENDING,,
BIE_BI_DOCINT_E2E_002.zip,TEST_RESULT.txt,1174,73969126e46277e6fdd70200bec6853653b74425eb11cb90b43a83d9a0075296,PENDING,,
BIE_BI_DOCINT_E2E_002.zip,docs/SPEC.md,138,cb43f65e520bb41f244119128511457650dc2d6da0a57c7b876944cb923011fa,PENDING,,
BIE_BI_DOCINT_E2E_002.zip,tests/test_real_pdf_contract.py,389,2637a10f2f0b5beb8c5ea63ee279a72a70e65f869077933895a2b1187c8f07ba,PENDING,,
BIE_BI_DOCINT_E2E_002.zip,tests/__pycache__/test_real_pdf_contract.cpython-313.pyc,1370,4f8215526532c1052e40875e3be3f087054de2229fafefbe945d29239dd55903,PENDING,,
BIE_BI_DOCINT_E2E_002.zip,app/bie/book_intelligence/real_pdf_contract.py,308,6ed94aba3e39cee1881d4d86df098434ebd9de2255b2f18ee1e7b0cb19ca37ab,PENDING,,
BIE_BI_DOCINT_E2E_002.zip,app/bie/book_intelligence/__init__.py,0,e3b0c44298fc1c149afbf4c8996fb92427ae41e4649b934ca495991b7852b855,PENDING,,
BIE_BI_DOCINT_E2E_002.zip,app/bie/book_intelligence/__pycache__/real_pdf_contract.cpython-313.pyc,1038,95f86ef461e430e583db07ecb7d5d56785c4b13b2eb21caea9227e6f96065c03,PENDING,,
BIE_BI_DOCINT_E2E_002.zip,app/bie/book_intelligence/__pycache__/__init__.cpython-313.pyc,166,df9c1e53c0e47eb6f56e838e009457d80fdbd6d2bd9e5e17571d9c036e4db9c3,PENDING,,
BIE_BI_DOCINT_E2E_003.zip,TASK_RESULT.json,163,d43a116949db28bceb65953592676714fd8d515528eaa167b98baf836fee1e1f,PENDING,,
BIE_BI_DOCINT_E2E_003.zip,TEST_RESULT.txt,1174,73969126e46277e6fdd70200bec6853653b74425eb11cb90b43a83d9a0075296,PENDING,,
BIE_BI_DOCINT_E2E_003.zip,docs/SPEC.md,142,9dd4b64f3c6a34a8b144cfe3d6f30ac78499a65d22d31b05b9b33e2778d75c28,PENDING,,
BIE_BI_DOCINT_E2E_003.zip,tests/test_mixed_page_arbitration.py,391,b0943d4845a2a56a272a577598a718592e32b21d6407fa8f1bae9c5e2cf6a752,PENDING,,
BIE_BI_DOCINT_E2E_003.zip,tests/__pycache__/test_mixed_page_arbitration.cpython-313.pyc,1322,0700c7ba7835d00edd8e550013cebc373fa5c42a4e2d42867b15986761ec4e12,PENDING,,
BIE_BI_DOCINT_E2E_003.zip,app/bie/book_intelligence/mixed_page_arbitration.py,317,bb32574ce4dbc236648c69f30e6f980b065e3b566afbe2d74e06e42b84a2cd33,PENDING,,
BIE_BI_DOCINT_E2E_003.zip,app/bie/book_intelligence/__init__.py,0,e3b0c44298fc1c149afbf4c8996fb92427ae41e4649b934ca495991b7852b855,PENDING,,
BIE_BI_DOCINT_E2E_003.zip,app/bie/book_intelligence/__pycache__/mixed_page_arbitration.cpython-313.pyc,845,356aaec5bfaec76ed0a4bd820e0ddc1643f4ebbce55c322efc6230f1eda05432,PENDING,,
BIE_BI_DOCINT_E2E_003.zip,app/bie/book_intelligence/__pycache__/__init__.cpython-313.pyc,166,5015638c2cd35485d3d9a611a906f0e3b0e4a8845f77aefd602fea276fa5c710,PENDING,,
BIE_BI_DOCINT_LOSS_002.zip,TASK_RESULT.json,164,918237b9a795e0842a80b5219e04675b47ae69eab903607b0fbdcfb9624b973b,PENDING,,
BIE_BI_DOCINT_LOSS_002.zip,TEST_RESULT.txt,1174,73969126e46277e6fdd70200bec6853653b74425eb11cb90b43a83d9a0075296,PENDING,,
BIE_BI_DOCINT_LOSS_002.zip,docs/SPEC.md,142,6b8620be607aee04366ca82dfe6df75232440601b327f053db51e3320eabe3ac,PENDING,,
BIE_BI_DOCINT_LOSS_002.zip,tests/test_roundtrip_coverage.py,377,be33693b8e4f83be408c137329bb5ae5ab1665ada9993d84f00c4bbd99c217ea,PENDING,,
BIE_BI_DOCINT_LOSS_002.zip,tests/__pycache__/test_roundtrip_coverage.cpython-313.pyc,1278,0eeaceb2db90a7e3083d4314e51a55568bb693e435d8c0825b4e55e9a8144c9f,PENDING,,
BIE_BI_DOCINT_LOSS_002.zip,app/bie/book_intelligence/__init__.py,0,e3b0c44298fc1c149afbf4c8996fb92427ae41e4649b934ca495991b7852b855,PENDING,,
BIE_BI_DOCINT_LOSS_002.zip,app/bie/book_intelligence/roundtrip_coverage.py,338,b075d6b4209658ee71c3107f299ed860a66ac30c4cf5095acad1482c13e87725,PENDING,,
BIE_BI_DOCINT_LOSS_002.zip,app/bie/book_intelligence/__pycache__/roundtrip_coverage.cpython-313.pyc,1090,6a67597f2a46ce38d669a55fcf5183b66c927d64e082878058d5680c657cc7b3,PENDING,,
BIE_BI_DOCINT_LOSS_002.zip,app/bie/book_intelligence/__pycache__/__init__.cpython-313.pyc,167,7a038041322a0f24c2c34f8188331a3940dbdd7257b9f4d8bcaa38e62bb6579e,PENDING,,
BIE_BI_DOCINT_NUM_001.zip,TASK_RESULT.json,162,a61eb0a536d26d1413b88af038507dceb0d99b92bad3f17b755e349a35dda4b4,PENDING,,
BIE_BI_DOCINT_NUM_001.zip,TEST_RESULT.txt,1174,73969126e46277e6fdd70200bec6853653b74425eb11cb90b43a83d9a0075296,PENDING,,
BIE_BI_DOCINT_NUM_001.zip,docs/SPEC.md,144,f2338c398a9fe523fecfe18a1d59938ac65b0fb594e7c0f40b8ea8f827f58b91,PENDING,,
BIE_BI_DOCINT_NUM_001.zip,tests/test_numbering_intelligence.py,365,2b8446b15fca96c091eb6da57b49bec04bb8c64d67b9e8ef04bca27782c3c40b,PENDING,,
BIE_BI_DOCINT_NUM_001.zip,tests/__pycache__/test_numbering_intelligence.cpython-313.pyc,1241,2b17843aff5cac597b8439dc7ea64b47b47fa3cb20c63fa63a724ba6138fe966,PENDING,,
BIE_BI_DOCINT_NUM_001.zip,app/bie/book_intelligence/numbering_intelligence.py,438,32eafa7b64f0e7195e1a7d06d39fed0a372204c404e9a98850b9fb05cdd5440f,PENDING,,
BIE_BI_DOCINT_NUM_001.zip,app/bie/book_intelligence/__init__.py,0,e3b0c44298fc1c149afbf4c8996fb92427ae41e4649b934ca495991b7852b855,PENDING,,
BIE_BI_DOCINT_NUM_001.zip,app/bie/book_intelligence/__pycache__/numbering_intelligence.cpython-313.pyc,1576,159e73f2abe09b9175b392b04457909ca2432eda0d5f9c044025defb593b8572,PENDING,,
BIE_BI_DOCINT_NUM_001.zip,app/bie/book_intelligence/__pycache__/__init__.cpython-313.pyc,166,8762bcddc4f781600f604425221da9fa06da14f7c3e307f40e438b53fbb2c7dc,PENDING,,
BIE_BI_DOCINT_READ_001.zip,TASK_RESULT.json,163,b5d3f11b59d71034a0b992122a1a4d1c82ad7524d063fb10fa7f2407ab4a6d5d,PENDING,,
BIE_BI_DOCINT_READ_001.zip,TEST_RESULT.txt,1174,73969126e46277e6fdd70200bec6853653b74425eb11cb90b43a83d9a0075296,PENDING,,
BIE_BI_DOCINT_READ_001.zip,docs/SPEC.md,142,56c52e8e69df3269ba47a414568b915d2570cc3f1a600c2e5a26ba5b123fb440,PENDING,,
BIE_BI_DOCINT_READ_001.zip,tests/test_semantic_reading_flow.py,440,bb76d1064cd8845fa73a5e9146e89a728d299ac3f17b3051a926bc214d624742,PENDING,,
BIE_BI_DOCINT_READ_001.zip,tests/__pycache__/test_semantic_reading_flow.cpython-313.pyc,1290,7daeb321fd86a8d0720ab386880d6f7f2b83b4f2e66fe8c8579187d4e8529dc6,PENDING,,
BIE_BI_DOCINT_READ_001.zip,app/bie/book_intelligence/semantic_reading_flow.py,478,df8a7a9a13ae7f11926153026490da6d97d1ce201a884ba731b79fe2b19c0ef7,PENDING,,
BIE_BI_DOCINT_READ_001.zip,app/bie/book_intelligence/__init__.py,0,e3b0c44298fc1c149afbf4c8996fb92427ae41e4649b934ca495991b7852b855,PENDING,,
BIE_BI_DOCINT_READ_001.zip,app/bie/book_intelligence/__pycache__/semantic_reading_flow.cpython-313.pyc,1264,f27c963f88918b4c85a5b607699b7d60c896f519d3e4850d9f6fbea848338355,PENDING,,
BIE_BI_DOCINT_READ_001.zip,app/bie/book_intelligence/__pycache__/__init__.cpython-313.pyc,167,58e2e4e094ec0b0797961683e526c5b6640a1df75c467e4daf78d7632ad65141,PENDING,,
BIE_BI_DOCINT_REALBOOK_001.zip,TASK_RESULT.json,163,bcab4593c9edf942e31c25fd8800bf8f677d9999b45cb21f8c08f55551db0f41,PENDING,,
BIE_BI_DOCINT_REALBOOK_001.zip,TEST_RESULT.txt,1174,73969126e46277e6fdd70200bec6853653b74425eb11cb90b43a83d9a0075296,PENDING,,
BIE_BI_DOCINT_REALBOOK_001.zip,docs/SPEC.md,165,d0630c3efa08622eed31ba80e9697acc13b6d77c30241c4d0ba51aa5d083ef37,PENDING,,
BIE_BI_DOCINT_REALBOOK_001.zip,tests/test_realbook_acceptance_suite.py,551,771d2e87a72a1045db31e395670ecd41da35c86c9751a015d3900fc4d9fa541c,PENDING,,
BIE_BI_DOCINT_REALBOOK_001.zip,tests/__pycache__/test_realbook_acceptance_suite.cpython-313.pyc,1800,b16e525080a8b3ef9b86179b9f51e2524d184dc2061439a87df2fa6b7d1584d4,PENDING,,
BIE_BI_DOCINT_REALBOOK_001.zip,app/bie/book_intelligence/__init__.py,0,e3b0c44298fc1c149afbf4c8996fb92427ae41e4649b934ca495991b7852b855,PENDING,,
BIE_BI_DOCINT_REALBOOK_001.zip,app/bie/book_intelligence/realbook_acceptance_suite.py,556,21d59ce5ebfa436b90161a47bac97e2e85d5979965be53133231bb4bcadcecb7,PENDING,,
BIE_BI_DOCINT_REALBOOK_001.zip,app/bie/book_intelligence/__pycache__/realbook_acceptance_suite.cpython-313.pyc,1447,412aae5fe7c4bf34ee2d4ec80de1c2d93c72b4848672aa4061709a50f719d230,PENDING,,
BIE_BI_DOCINT_REALBOOK_001.zip,app/bie/book_intelligence/__pycache__/__init__.cpython-313.pyc,171,b9d10d2860560e3e061c28df5d64c8cb9f328881553508522b2605ac3145c057,PENDING,,
BIE_BI_DOCINT_ROT_001.zip,TASK_RESULT.json,161,1375f3d0781a9efff5e1b7a402cbd7af1833f27422f4ab5851060aff38a44d4b,PENDING,,
BIE_BI_DOCINT_ROT_001.zip,TEST_RESULT.txt,1174,73969126e46277e6fdd70200bec6853653b74425eb11cb90b43a83d9a0075296,PENDING,,
BIE_BI_DOCINT_ROT_001.zip,docs/SPEC.md,134,83df2f2aaf13d7633e4bdddd2c03ba9151a6a84b54aa2bbf9def5f8628ecbfed,PENDING,,
BIE_BI_DOCINT_ROT_001.zip,tests/test_orientation_handling.py,399,89d5e6e57245ea1599920fcdec227aef2c767f9d03488bc96e50f1102885e029,PENDING,,
BIE_BI_DOCINT_ROT_001.zip,tests/__pycache__/test_orientation_handling.cpython-313.pyc,1270,95f26db9ae7fd8b8e6c249cf94d60e0b8919012468b95eadb9792f0170863d4f,PENDING,,
BIE_BI_DOCINT_ROT_001.zip,app/bie/book_intelligence/__init__.py,0,e3b0c44298fc1c149afbf4c8996fb92427ae41e4649b934ca495991b7852b855,PENDING,,
BIE_BI_DOCINT_ROT_001.zip,app/bie/book_intelligence/orientation_handling.py,299,c92fe5877cfd418cbde9782f9fb9ca3099966f3f16e952bcfbd69861e7ad211e,PENDING,,
BIE_BI_DOCINT_ROT_001.zip,app/bie/book_intelligence/__pycache__/orientation_handling.cpython-313.pyc,857,cf9a13b4a6bb0feae643d4147296e1edb9546aa2e93612238babbbb7bcb026e5,PENDING,,
BIE_BI_DOCINT_ROT_001.zip,app/bie/book_intelligence/__pycache__/__init__.cpython-313.pyc,166,ac26cebd9d91b4297e53b4c05afbd36cafbe447518b6553fe1aa9f88f093e103,PENDING,,
BIE_BI_DOCINT_TOC_001.zip,TASK_RESULT.json,161,53e51daf42187be42c646b8def6eff7b636ee3035c891c468116deb1abff1875,PENDING,,
BIE_BI_DOCINT_TOC_001.zip,TEST_RESULT.txt,1174,73969126e46277e6fdd70200bec6853653b74425eb11cb90b43a83d9a0075296,PENDING,,
BIE_BI_DOCINT_TOC_001.zip,docs/SPEC.md,137,ed501de198dce5e93b4af91a578eff587aa40ffacf2033ed58443159072ec98b,PENDING,,
BIE_BI_DOCINT_TOC_001.zip,tests/test_toc_reconciliation.py,468,f235b3d4f7451fe0b26e4c4a9ebcbb2a3c64a4b5bf6cc0c0e556c1bf21575145,PENDING,,
BIE_BI_DOCINT_TOC_001.zip,tests/__pycache__/test_toc_reconciliation.cpython-313.pyc,1377,2969040a56ccbfaee5cf08a973d8a263e03abbc1fbe76a06c919e09d6e66bb75,PENDING,,
BIE_BI_DOCINT_TOC_001.zip,app/bie/book_intelligence/toc_reconciliation.py,389,2a5c0c201636a3ae86d842286c6e5fbc515d2cbcfe58f12c045d345b48abf7c6,PENDING,,
BIE_BI_DOCINT_TOC_001.zip,app/bie/book_intelligence/__init__.py,0,e3b0c44298fc1c149afbf4c8996fb92427ae41e4649b934ca495991b7852b855,PENDING,,
BIE_BI_DOCINT_TOC_001.zip,app/bie/book_intelligence/__pycache__/toc_reconciliation.cpython-313.pyc,1241,cf240da4be218565ca13b102b5085a5efcc10be2dd137d3d47a125c11d37a1f7,PENDING,,
BIE_BI_DOCINT_TOC_001.zip,app/bie/book_intelligence/__pycache__/__init__.cpython-313.pyc,166,48b3d10914f3bb5b31e3c74affcfdb7ae0a4e18eb82efdd8a785de62eb459a21,PENDING,,
BIE_BI_DOCINT_XREF_001.zip,TASK_RESULT.json,163,f84048f92717aa726fa92031f12bb6588448bbc3cd545309fda54ae6e8f7e741,PENDING,,
BIE_BI_DOCINT_XREF_001.zip,TEST_RESULT.txt,1174,73969126e46277e6fdd70200bec6853653b74425eb11cb90b43a83d9a0075296,PENDING,,
BIE_BI_DOCINT_XREF_001.zip,docs/SPEC.md,145,0da9c617d0646363098267b6c73f3bb337097c4d2e10bdf6f499400ff046e779,PENDING,,
BIE_BI_DOCINT_XREF_001.zip,tests/test_cross_reference_resolution.py,414,382b756e7f02ce60c26cf4cd903671ebe3070459c2b99c209c391d1554c34217,PENDING,,
BIE_BI_DOCINT_XREF_001.zip,tests/__pycache__/test_cross_reference_resolution.cpython-313.pyc,1234,ff93785352dfc2f7861b5d80207b71173528924c264e9d390b11d4696b1123ff,PENDING,,
BIE_BI_DOCINT_XREF_001.zip,app/bie/book_intelligence/cross_reference_resolution.py,413,762fa477a318e63afebf55412bd0869e98382a2f2af25eabb6919c353167bb16,PENDING,,
BIE_BI_DOCINT_XREF_001.zip,app/bie/book_intelligence/__init__.py,0,e3b0c44298fc1c149afbf4c8996fb92427ae41e4649b934ca495991b7852b855,PENDING,,
BIE_BI_DOCINT_XREF_001.zip,app/bie/book_intelligence/__pycache__/cross_reference_resolution.cpython-313.pyc,1257,923393b023243874403614fb1af8f3dd28a5ba67d3a24f6fd9d9d27893fced6a,PENDING,,
BIE_BI_DOCINT_XREF_001.zip,app/bie/book_intelligence/__pycache__/__init__.cpython-313.pyc,167,fc6ab489b9578d2effc63b6a0521930e5296ee05d31dd183ea897fe479b12f41,PENDING,,
BIE_BI_EQ_001.zip,TEST_RESULT.txt,1179,c467fe92fb82537ec073726bdf048de734b664497b1d837f9cf47db16ac03db2,PENDING,,
BIE_BI_EQ_001.zip,TASK_RESULT.json,112,2fd063775c6c25506eced0b4dfd4e343b727ef1433fe5ab9c7311463db24d227,PENDING,,
BIE_BI_EQ_001.zip,app/bie/book_intelligence/__init__.py,0,e3b0c44298fc1c149afbf4c8996fb92427ae41e4649b934ca495991b7852b855,PENDING,,
BIE_BI_EQ_001.zip,app/bie/book_intelligence/equation_region.py,455,eead6d1fd2e4dfa68cf9f4fdf26b56af18a24e060bc8b5a711117e954d3dffe3,PENDING,,
BIE_BI_EQ_001.zip,app/bie/book_intelligence/__pycache__/__init__.cpython-313.pyc,158,107b46b327fad6c11ff623aed74934c255fbc999972df515d8d5a5fe37f18107,PENDING,,
BIE_BI_EQ_001.zip,app/bie/book_intelligence/__pycache__/equation_region.cpython-313.pyc,1492,ad7d693a9d0b7da987bf0518e7dec9f6bf4e12fbf4a5925cb3e3522eb4f8b65c,PENDING,,
BIE_BI_EQ_001.zip,docs/bie/EQUATION_REGION_SPEC.md,121,9dd394706a7cf67e26618187978f8c7753d71bc60d445a74cc025c5dba1ecc39,PENDING,,
BIE_BI_EQ_001.zip,tests/book_intelligence/test_equation_region.py,583,2a857e9990358363f3b61a6c1a7a8602dbe3e16eda8706762716f0e12799b88a,PENDING,,
BIE_BI_EQ_001.zip,tests/book_intelligence/__pycache__/test_equation_region.cpython-313.pyc,1797,2e8207bba237bf7fed0dca46b12babc666afb510dabb12de9cd947b9ccb6e597,PENDING,,
BIE_BI_EQ_002.zip,TEST_RESULT.txt,1180,da0de3e9aafb4e993c448757f17dcee7dd4ec4cac83a8d237c2acdd6de251dca,PENDING,,
BIE_BI_EQ_002.zip,TASK_RESULT.json,112,bef75a5fdd5bf0bab8fd4b4f3dfe5f3fe1bd62b4f67d9f64c656e3fbbaae1548,PENDING,,
BIE_BI_EQ_002.zip,app/bie/book_intelligence/__init__.py,0,e3b0c44298fc1c149afbf4c8996fb92427ae41e4649b934ca495991b7852b855,PENDING,,
BIE_BI_EQ_002.zip,app/bie/book_intelligence/equation_mode.py,377,eb07af7bb764596bcd9a29e38ded50a5cd7a1ac9aa6b0fc2f8f3a62d79baa8df,PENDING,,
BIE_BI_EQ_002.zip,app/bie/book_intelligence/__pycache__/__init__.cpython-313.pyc,158,02fa4cb1c955cf6f0c8b91da0240536484bca9f24d8338550d992615ec24faab,PENDING,,
BIE_BI_EQ_002.zip,app/bie/book_intelligence/__pycache__/equation_mode.cpython-313.pyc,1020,04538e417e061b90fd7b127f38be954e01809d11cceb10af1f1a7564ff84e41b,PENDING,,
BIE_BI_EQ_002.zip,docs/bie/EQUATION_MODE_SPEC.md,98,2ff901fccd8bad82720f391e3f6e813130b4d68ca7e97e85918146f886100c47,PENDING,,
BIE_BI_EQ_002.zip,tests/book_intelligence/test_equation_mode.py,597,e3232660bfb520621dd1256d07107ade03401eb6f8edd89ef40398f530349061,PENDING,,
BIE_BI_EQ_002.zip,tests/book_intelligence/__pycache__/test_equation_mode.cpython-313.pyc,1853,2898b13434a4c79a2f3aa00e49abd5b26ced831e7295603856d278412c18133e,PENDING,,
BIE_BI_EQ_003.zip,TEST_RESULT.txt,1180,da0de3e9aafb4e993c448757f17dcee7dd4ec4cac83a8d237c2acdd6de251dca,PENDING,,
BIE_BI_EQ_003.zip,TASK_RESULT.json,112,155e5d760e9972d23dd7cbab0d00bb1194e9e68c5405d02feccf30fb803fb2cc,PENDING,,
BIE_BI_EQ_003.zip,app/bie/book_intelligence/__init__.py,0,e3b0c44298fc1c149afbf4c8996fb92427ae41e4649b934ca495991b7852b855,PENDING,,
BIE_BI_EQ_003.zip,app/bie/book_intelligence/latex_normalization.py,415,b9edcb35d74308399806ce1e916d350dcccd827480040bdc2836fa2778f1d8c7,PENDING,,
BIE_BI_EQ_003.zip,app/bie/book_intelligence/__pycache__/latex_normalization.cpython-313.pyc,1315,57002be56827a51bc5e9442490e09c65cde20b4d290ed0e5e03169c3b122ee07,PENDING,,
BIE_BI_EQ_003.zip,app/bie/book_intelligence/__pycache__/__init__.cpython-313.pyc,158,7ee16c33a60171d82979cf5fff40ba1854dfb333af9e9a92b886c1774991577d,PENDING,,
BIE_BI_EQ_003.zip,docs/bie/LATEX_NORMALIZATION_SPEC.md,122,5728b08e26a9ec8c60e919398f100a08b94bd054325a0234feb2347d85c0ea27,PENDING,,
BIE_BI_EQ_003.zip,tests/book_intelligence/test_latex_normalization.py,551,7ade70e844b6fa854f819d44292fcff7d243cf73f789473abdec409666cc4b6d,PENDING,,
BIE_BI_EQ_003.zip,tests/book_intelligence/__pycache__/test_latex_normalization.cpython-313.pyc,1829,c632ab6978c2943cd097f93d4f12abfad3883a286968232027615eae847be490,PENDING,,
BIE_BI_EQ_004.zip,TEST_RESULT.txt,1180,da0de3e9aafb4e993c448757f17dcee7dd4ec4cac83a8d237c2acdd6de251dca,PENDING,,
BIE_BI_EQ_004.zip,TASK_RESULT.json,116,79ff5bc7cabe534bb9dcfb22fc4d27a25307cfa6feb791ca712f563d59754f2d,PENDING,,
BIE_BI_EQ_004.zip,app/bie/book_intelligence/__init__.py,0,e3b0c44298fc1c149afbf4c8996fb92427ae41e4649b934ca495991b7852b855,PENDING,,
BIE_BI_EQ_004.zip,app/bie/book_intelligence/equation_source_link.py,437,3a86d5da4cc002588f467abe67987e0c294b73f8e62d99f9d133b09999d0222e,PENDING,,
BIE_BI_EQ_004.zip,app/bie/book_intelligence/__pycache__/equation_source_link.cpython-313.pyc,1465,ca99046f66cb7065f4474facd0e7bb2086e66fedaca9eaddc8ea5ba0c1b6d1aa,PENDING,,
BIE_BI_EQ_004.zip,app/bie/book_intelligence/__pycache__/__init__.cpython-313.pyc,158,f7d65b6bb1699a44844b72eab3c79072be1c67a72f07a6d240a300a3eae46fef,PENDING,,
BIE_BI_EQ_004.zip,docs/bie/EQUATION_SOURCE_LINK_SPEC.md,105,e45a4aa6e35a53d7cfe9cabbf1628b29bf3ac58f0f8957617e103e673c091ea7,PENDING,,
BIE_BI_EQ_004.zip,tests/book_intelligence/test_equation_source_link.py,781,a580333c5f904d3b7fe5c95bebb84d1861a714d3d11bfe7859fb13fc7acc96d7,PENDING,,
BIE_BI_EQ_004.zip,tests/book_intelligence/__pycache__/test_equation_source_link.cpython-313.pyc,2475,b898449f501862096b6d53faebcb52fe6cccb44bc2a74dfaeb5d6c6c4cc0117e,PENDING,,
BIE_BI_FIG_001.zip,TEST_RESULT.txt,1180,da0de3e9aafb4e993c448757f17dcee7dd4ec4cac83a8d237c2acdd6de251dca,PENDING,,
BIE_BI_FIG_001.zip,TASK_RESULT.json,114,1dcc63155916ad4e248f2e4ef07c0ff7f8368ae9dc95b895eb154e23fa5aa48e,PENDING,,
BIE_BI_FIG_001.zip,app/bie/book_intelligence/figure_detection.py,480,b43c881922425e062ad153e3de58dd39ec234c02082a5925323f376177ad5195,PENDING,,
BIE_BI_FIG_001.zip,app/bie/book_intelligence/__init__.py,0,e3b0c44298fc1c149afbf4c8996fb92427ae41e4649b934ca495991b7852b855,PENDING,,
BIE_BI_FIG_001.zip,app/bie/book_intelligence/__pycache__/figure_detection.cpython-313.pyc,1747,41391814736dca59dd89c45b691e039d84f95aa246b5711caffd9dcd4def0059,PENDING,,
BIE_BI_FIG_001.zip,app/bie/book_intelligence/__pycache__/__init__.cpython-313.pyc,159,c7ec5d8985027d468f1f55edb438417762643be94f66eb65ffa43b02996c056a,PENDING,,
BIE_BI_FIG_001.zip,docs/bie/FIGURE_DETECTION_SPEC.md,87,916efc5edfbc4818a2143d75f16fd329f9c0ec66160978c75d8a2c461fae1e16,PENDING,,
BIE_BI_FIG_001.zip,tests/book_intelligence/test_figure_detection.py,657,d16db6e1ab426f52f681afd95e9001667baee8259f21b4a0418641944f6e41ce,PENDING,,
BIE_BI_FIG_001.zip,tests/book_intelligence/__pycache__/test_figure_detection.cpython-313.pyc,2338,ab9313ab0884b74ea2aab89da58bdefc7e6e6d2f57d8edcb634489ae58a4102b,PENDING,,
BIE_BI_FIG_002.zip,TEST_RESULT.txt,1179,c467fe92fb82537ec073726bdf048de734b664497b1d837f9cf47db16ac03db2,PENDING,,
BIE_BI_FIG_002.zip,TASK_RESULT.json,114,3c808994d60f066dce050d976f3ca32697efaa7d636af8372f3083a86630ea5d,PENDING,,
BIE_BI_FIG_002.zip,app/bie/book_intelligence/figure_caption.py,528,7715d89cd214fc036938f71f283247dd9e3a1323ce793e83fff40fbb45cb1e39,PENDING,,
BIE_BI_FIG_002.zip,app/bie/book_intelligence/__init__.py,0,e3b0c44298fc1c149afbf4c8996fb92427ae41e4649b934ca495991b7852b855,PENDING,,
BIE_BI_FIG_002.zip,app/bie/book_intelligence/__pycache__/__init__.cpython-313.pyc,159,751e5451f2ccf26292df5f667ec410b09402a35aac7abda07e62aca9d8d5c448,PENDING,,
BIE_BI_FIG_002.zip,app/bie/book_intelligence/__pycache__/figure_caption.cpython-313.pyc,1473,727646c499f3074b39ed1a1f8d39e2264453ac4cae895bdbbc2f5521901cf872,PENDING,,
BIE_BI_FIG_002.zip,docs/bie/FIGURE_CAPTION_SPEC.md,97,4e4812eaea568252aaf0beba42e91b35bfae6727d72aef62d9368db9eecff043,PENDING,,
BIE_BI_FIG_002.zip,tests/book_intelligence/test_figure_caption.py,580,11c30ec8c6195686f90adf7d72bcb4016c65e2a924e36a26398faa51bd5b663b,PENDING,,
BIE_BI_FIG_002.zip,tests/book_intelligence/__pycache__/test_figure_caption.cpython-313.pyc,1697,566eefce93d21a10f4aeca2d8495e3b00a99426c914f656d87d7c73a4b832123,PENDING,,
BIE_BI_FIG_003.zip,TEST_RESULT.txt,1180,da0de3e9aafb4e993c448757f17dcee7dd4ec4cac83a8d237c2acdd6de251dca,PENDING,,
BIE_BI_FIG_003.zip,TASK_RESULT.json,114,352414ab6052dd4c1b726c61589e4f97e7df4e6de5c9d4a8e91b074a2346295e,PENDING,,
BIE_BI_FIG_003.zip,app/bie/book_intelligence/diagram_classification.py,490,bb6ae3830513a056a42f6fe7941187df0e2639c414735a928d89f6e18c1c54a9,PENDING,,
BIE_BI_FIG_003.zip,app/bie/book_intelligence/__init__.py,0,e3b0c44298fc1c149afbf4c8996fb92427ae41e4649b934ca495991b7852b855,PENDING,,
BIE_BI_FIG_003.zip,app/bie/book_intelligence/__pycache__/__init__.cpython-313.pyc,159,6e01821461158b709817dd1ffeb92da84d2a3b552d9bddaf17aa80fa629f926e,PENDING,,
BIE_BI_FIG_003.zip,app/bie/book_intelligence/__pycache__/diagram_classification.cpython-313.pyc,1368,6fc2d9a7ded0d8aa596538097ea58c78126ad31945e6e3a1ae0323606a9ecc1d,PENDING,,
BIE_BI_FIG_003.zip,docs/bie/DIAGRAM_CLASSIFICATION_SPEC.md,150,5c647a1bbddf63dd335c76bb58dd0c0050bdd2028493a048fe52eedd8114255b,PENDING,,
BIE_BI_FIG_003.zip,tests/book_intelligence/test_diagram_classification.py,525,b6a6ec114ec9109272bec55923ed346431610826717c0de7f669a77fc4b1b741,PENDING,,
BIE_BI_FIG_003.zip,tests/book_intelligence/__pycache__/test_diagram_classification.cpython-313.pyc,1890,8a28bfcb34221e2fe94b86715943a6e7d78609e37f1ff64329c6ed7cac63fe39,PENDING,,
BIE_BI_FIG_004.zip,TEST_RESULT.txt,1179,c467fe92fb82537ec073726bdf048de734b664497b1d837f9cf47db16ac03db2,PENDING,,
BIE_BI_FIG_004.zip,TASK_RESULT.json,114,5dc2d33acc8955391736a2c25b50b184d0b1fe2da0d59d4bff4b3ed8aeed0054,PENDING,,
BIE_BI_FIG_004.zip,app/bie/book_intelligence/__init__.py,0,e3b0c44298fc1c149afbf4c8996fb92427ae41e4649b934ca495991b7852b855,PENDING,,
BIE_BI_FIG_004.zip,app/bie/book_intelligence/figure_semantics.py,583,961948cc4f7cc816a0a85e86ed6c8c1f6004036d544c167567cabf65e4dd866d,PENDING,,
BIE_BI_FIG_004.zip,app/bie/book_intelligence/__pycache__/__init__.cpython-313.pyc,159,0d097567025128dc2d878062982256e51230bf8e2586dbfdafa8f3910b41adf4,PENDING,,
BIE_BI_FIG_004.zip,app/bie/book_intelligence/__pycache__/figure_semantics.cpython-313.pyc,1489,d66288ee1ecfcc0787bc79cb4fa7bd9df054a798158a1f38bdd9a0ce94eccf4a,PENDING,,
BIE_BI_FIG_004.zip,docs/bie/FIGURE_SEMANTICS_SPEC.md,143,663997a06385f0d1c1b2dda64186b9c47d13f3bac23119b25f31986c4c8df397,PENDING,,
BIE_BI_FIG_004.zip,tests/book_intelligence/test_figure_semantics.py,541,b720228fdfdc26c7fa2be8b324b413906616fecad96ae233bfbe3ada69619706,PENDING,,
BIE_BI_FIG_004.zip,tests/book_intelligence/__pycache__/test_figure_semantics.cpython-313.pyc,1867,631510e82c39254653d5bb9d011308d657bf963e91bac9d247d1b96ce59f033e,PENDING,,
BIE_BI_FIG_005.zip,TEST_RESULT.txt,1179,c467fe92fb82537ec073726bdf048de734b664497b1d837f9cf47db16ac03db2,PENDING,,
BIE_BI_FIG_005.zip,TASK_RESULT.json,116,3b23ead45bd2510c5fd5146f592cfae547a4e58a76638840eddcc737da1a8e70,PENDING,,
BIE_BI_FIG_005.zip,app/bie/book_intelligence/figure_provenance.py,358,52f4404a115dbc6adc85e599712c86d9f108d71f4f73908796e5b2e695277563,PENDING,,
BIE_BI_FIG_005.zip,app/bie/book_intelligence/__init__.py,0,e3b0c44298fc1c149afbf4c8996fb92427ae41e4649b934ca495991b7852b855,PENDING,,
BIE_BI_FIG_005.zip,app/bie/book_intelligence/__pycache__/__init__.cpython-313.pyc,159,cd462d35d74b3439cd63e1f7b271652d75d3056e754eb746e7d2a21981853019,PENDING,,
BIE_BI_FIG_005.zip,app/bie/book_intelligence/__pycache__/figure_provenance.cpython-313.pyc,1323,5d14edf4e494f63ae84ece0817ebbe9a75de14454605211256db7e2884180e70,PENDING,,
BIE_BI_FIG_005.zip,docs/bie/FIGURE_PROVENANCE_SPEC.md,110,9337692f9d654204748d6170941c4a11b6f4fb859ccc3e5dd4db0734bc124332,PENDING,,
BIE_BI_FIG_005.zip,tests/book_intelligence/test_figure_provenance.py,611,1daaac9083079bc1b8b3f63aeedc0df697ef97c254a6b188d0726003f2ed5c94,PENDING,,
BIE_BI_FIG_005.zip,tests/book_intelligence/__pycache__/test_figure_provenance.cpython-313.pyc,2104,ce4fd7a229b4a8db570d6b09ef66b8d48d2ee89e333e9c7757c15c8430e5a2c5,PENDING,,
BIE_BI_INGEST_001.zip,TEST_RESULT.txt,1181,f2cb519aca98f85bdd6553ad8024f849ef5bfe59a1c341ccfc5721de5ba99792,PENDING,,
BIE_BI_INGEST_001.zip,TASK_RESULT.json,120,947f49503cebec097901f54bc2d4fce8df663f3fc20d38c94c22ea3eef4cecbf,PENDING,,
BIE_BI_INGEST_001.zip,app/bie/book_intelligence/source_type.py,558,361b1cbccc8ce1e24ea52008ebc5dbc4e709830cd55926e95814b152e3b3a7f9,PENDING,,
BIE_BI_INGEST_001.zip,app/bie/book_intelligence/__init__.py,0,e3b0c44298fc1c149afbf4c8996fb92427ae41e4649b934ca495991b7852b855,PENDING,,
BIE_BI_INGEST_001.zip,app/bie/book_intelligence/__pycache__/__init__.cpython-313.pyc,162,30a80babcd11da2af4ea409e9fcc0e6190868e3de59c1490fd1b215767c6a204,PENDING,,
BIE_BI_INGEST_001.zip,app/bie/book_intelligence/__pycache__/source_type.cpython-313.pyc,1411,79bbd643241d94d7aaf2fc87b36888535497e84adcc8a19cdb87ca2597843e07,PENDING,,
BIE_BI_INGEST_001.zip,docs/bie/SOURCE_TYPE_SPEC.md,94,079d489633d27b215c8c9261b857c6599f2970e3c557566564cf661ac01c33ab,PENDING,,
BIE_BI_INGEST_001.zip,tests/book_intelligence/test_source_type.py,646,1b3836f1ec4050f75df4e3abd8bc526c5802baa50e64feb29f812bd35db8cc3f,PENDING,,
BIE_BI_INGEST_001.zip,tests/book_intelligence/__pycache__/test_source_type.cpython-313.pyc,2132,e5067eb1a1f7b00731d112ca2e8fcd90731a305fb0a92bf999ac85586089aed4,PENDING,,
BIE_BI_INGEST_002.zip,TEST_RESULT.txt,1179,c467fe92fb82537ec073726bdf048de734b664497b1d837f9cf47db16ac03db2,PENDING,,
BIE_BI_INGEST_002.zip,TASK_RESULT.json,120,e27f2037bcd50091fff4041fe78384ffefced1ce05bac46abcf6f6ac78ec3dc7,PENDING,,
BIE_BI_INGEST_002.zip,app/bie/book_intelligence/pdf_ingest.py,468,94035088832ae2235ba00215d0d5a8ce3cce454becf7f3bda60f1095844da170,PENDING,,
BIE_BI_INGEST_002.zip,app/bie/book_intelligence/__init__.py,0,e3b0c44298fc1c149afbf4c8996fb92427ae41e4649b934ca495991b7852b855,PENDING,,
BIE_BI_INGEST_002.zip,app/bie/book_intelligence/__pycache__/pdf_ingest.cpython-313.pyc,1502,e3114c9f1c94cb8593739c60d7b9219225f00175f2ece49583c34bd5873aec10,PENDING,,
BIE_BI_INGEST_002.zip,app/bie/book_intelligence/__pycache__/__init__.cpython-313.pyc,162,d421645514b4d4137fb19417825c487cbfacc10ea1215919fb3bf25847e5e196,PENDING,,
BIE_BI_INGEST_002.zip,docs/bie/PDF_INGEST_SPEC.md,140,054904dda5d519cecaa9ffb95e539f3fdf44546a006c915b2e7eab818e545404,PENDING,,
BIE_BI_INGEST_002.zip,tests/book_intelligence/test_pdf_ingest.py,632,405421f11ed79683fcaf137840b8882c619c6fe0bb7a4f92325ac97e11a2da08,PENDING,,
BIE_BI_INGEST_002.zip,tests/book_intelligence/__pycache__/test_pdf_ingest.cpython-313.pyc,2478,648e2b53516f0b88e0cb6cd2befb6211e766b726f25f2f68da1b2b09647a9455,PENDING,,
BIE_BI_INGEST_003.zip,TEST_RESULT.txt,1180,da0de3e9aafb4e993c448757f17dcee7dd4ec4cac83a8d237c2acdd6de251dca,PENDING,,
BIE_BI_INGEST_003.zip,TASK_RESULT.json,120,396cd78665806a6eda9a6ec364e72292f7dacedfebbb7a8d10a1e9b1b0587128,PENDING,,
BIE_BI_INGEST_003.zip,app/bie/book_intelligence/__init__.py,0,e3b0c44298fc1c149afbf4c8996fb92427ae41e4649b934ca495991b7852b855,PENDING,,
BIE_BI_INGEST_003.zip,app/bie/book_intelligence/epub_ingest.py,350,459bfb12303be3a80ea66e539dfceef76576c0bd5ca58e063f7f818d5e77dcaf,PENDING,,
BIE_BI_INGEST_003.zip,app/bie/book_intelligence/__pycache__/epub_ingest.cpython-313.pyc,1114,6202bb974e825400675dd65235325b32a4a46b2332f18195238daf6e28080493,PENDING,,
BIE_BI_INGEST_003.zip,app/bie/book_intelligence/__pycache__/__init__.cpython-313.pyc,162,862016d8dd40e400ad2c9575961d290909cb00d5561f068a0027f4d2f6db7fcc,PENDING,,
BIE_BI_INGEST_003.zip,docs/bie/EPUB_INGEST_SPEC.md,104,4345cae4a22deed2692d7edb5451a8796431450f67a622fecac0c9f2ddba5c22,PENDING,,
BIE_BI_INGEST_003.zip,tests/book_intelligence/test_epub_ingest.py,753,4162a9e5007d9d3dc6f9a4ce16734285c24656af36075eb0ee022e00b4dfb515,PENDING,,
BIE_BI_INGEST_003.zip,tests/book_intelligence/__pycache__/test_epub_ingest.cpython-313.pyc,2982,ec9c54af3586ba47c8e166dee48df7c10ae490445adfb11308b92fb481369432,PENDING,,
BIE_BI_INGEST_004.zip,TEST_RESULT.txt,1179,c467fe92fb82537ec073726bdf048de734b664497b1d837f9cf47db16ac03db2,PENDING,,
BIE_BI_INGEST_004.zip,TASK_RESULT.json,120,1d03a8dee808a1cb65521e0a85d766bb0235787eeffe4929ed3ae231fe028dbc,PENDING,,
BIE_BI_INGEST_004.zip,app/bie/book_intelligence/docx_ingest.py,383,a4d799ed38526da8233f1c046f3c5ce3ca338df8331c7f913bff4d36238cd258,PENDING,,
BIE_BI_INGEST_004.zip,app/bie/book_intelligence/__init__.py,0,e3b0c44298fc1c149afbf4c8996fb92427ae41e4649b934ca495991b7852b855,PENDING,,
BIE_BI_INGEST_004.zip,app/bie/book_intelligence/__pycache__/__init__.cpython-313.pyc,162,f39fbdae06c25ea53379336d0c3cba8632c95aacb833eeaa0115a22921cd76d0,PENDING,,
BIE_BI_INGEST_004.zip,app/bie/book_intelligence/__pycache__/docx_ingest.cpython-313.pyc,1298,96667821460c0f4e84b27056ea0ac97e7308c25641b79ca73f09966bdbc0d620,PENDING,,
BIE_BI_INGEST_004.zip,docs/bie/DOCX_INGEST_SPEC.md,120,705161a8f610560a038fbe072fd617772eeda50fb8e8092ef3b7220629a325c8,PENDING,,
BIE_BI_INGEST_004.zip,tests/book_intelligence/test_docx_ingest.py,688,8dc734672de1baef419abbb6c1e906a090b45b10543c3b6320726ce7497a3866,PENDING,,
BIE_BI_INGEST_004.zip,tests/book_intelligence/__pycache__/test_docx_ingest.cpython-313.pyc,2760,b778c03a59b99bd1a5f0e32690a8be6ae07d29a41cf674de1d9317adaf96a9f3,PENDING,,
BIE_BI_INGEST_005.zip,TEST_RESULT.txt,1179,c467fe92fb82537ec073726bdf048de734b664497b1d837f9cf47db16ac03db2,PENDING,,
BIE_BI_INGEST_005.zip,TASK_RESULT.json,120,8e362e2de5bad04533b5492a22dbac03bd0a2a4a735c429ac761cf2747d12f26,PENDING,,
BIE_BI_INGEST_005.zip,app/bie/book_intelligence/html_ingest.py,489,8533f32a9492dc669ccfaefcda921cf826628d94f6d9fa4d3acfe475e34ea80c,PENDING,,
BIE_BI_INGEST_005.zip,app/bie/book_intelligence/__init__.py,0,e3b0c44298fc1c149afbf4c8996fb92427ae41e4649b934ca495991b7852b855,PENDING,,
BIE_BI_INGEST_005.zip,app/bie/book_intelligence/__pycache__/__init__.cpython-313.pyc,162,f07b0f5b5cbf2d49eeecd16fd4e4a42c495cd81975d4d18d30d976ac31b197b8,PENDING,,
BIE_BI_INGEST_005.zip,app/bie/book_intelligence/__pycache__/html_ingest.cpython-313.pyc,1352,4a3a93da5cd5e27937f89e7ce6c40c774bd757050cf28dcb3553583fd9667b3c,PENDING,,
BIE_BI_INGEST_005.zip,docs/bie/HTML_INGEST_SPEC.md,118,5eab8063816813ef184c2985ee1c1b3f355231bd86c27b839cb2786f03bc96c2,PENDING,,
BIE_BI_INGEST_005.zip,tests/book_intelligence/test_html_ingest.py,727,a633377068a39f987eab32ffa78d39b5e0d0212273f32d4f74e707ed0b49ef7a,PENDING,,
BIE_BI_INGEST_005.zip,tests/book_intelligence/__pycache__/test_html_ingest.cpython-313.pyc,2773,81188b2f7b41f87dab00d5a75c7b7123be9a08b25bebd512881edbb06bb2ad9f,PENDING,,
BIE_BI_INGEST_006.zip,TEST_RESULT.txt,1180,da0de3e9aafb4e993c448757f17dcee7dd4ec4cac83a8d237c2acdd6de251dca,PENDING,,
BIE_BI_INGEST_006.zip,TASK_RESULT.json,120,f717d83fab2e24c68195db78b62399f7175693531709dd7c0994e9124a1dcbff,PENDING,,
BIE_BI_INGEST_006.zip,app/bie/book_intelligence/scanned_ingest.py,495,28d2df2629ee9d74f19151c36a0042ef0b55c9fa7c1d36612cf715cfb51add41,PENDING,,
BIE_BI_INGEST_006.zip,app/bie/book_intelligence/__init__.py,0,e3b0c44298fc1c149afbf4c8996fb92427ae41e4649b934ca495991b7852b855,PENDING,,
BIE_BI_INGEST_006.zip,app/bie/book_intelligence/__pycache__/__init__.cpython-313.pyc,162,14661e5463721cd50f6abecf50a5777937f275b9f9a726fde3ab64de8b653476,PENDING,,
BIE_BI_INGEST_006.zip,app/bie/book_intelligence/__pycache__/scanned_ingest.cpython-313.pyc,1574,4de943754f9b70a313ce3ae2d1ef1a0b864054b23746dc0a7783ac6351c1418e,PENDING,,
BIE_BI_INGEST_006.zip,docs/bie/SCANNED_INGEST_SPEC.md,119,309f0379e831e2540a6a35c7831dbbd41ec65a18d98bbdd3583dd9de36c678ab,PENDING,,
BIE_BI_INGEST_006.zip,tests/book_intelligence/test_scanned_ingest.py,868,9cc89990c2226246e4f1fa164d4bbd67f434e9dd23fb1708a660b7e3ae230ee9,PENDING,,
BIE_BI_INGEST_006.zip,tests/book_intelligence/__pycache__/test_scanned_ingest.cpython-313.pyc,3370,01c87cd5f065507565d84ac9ba274fb37c1a78214b16dda30828d14b9c0c98c5,PENDING,,
BIE_BI_INGEST_007.zip,TEST_RESULT.txt,1180,da0de3e9aafb4e993c448757f17dcee7dd4ec4cac83a8d237c2acdd6de251dca,PENDING,,
BIE_BI_INGEST_007.zip,TASK_RESULT.json,120,787876c0593aac4a3ab272dd8e3c56914911f0a71c23aeb7783a1df3d9411be9,PENDING,,
BIE_BI_INGEST_007.zip,app/bie/book_intelligence/__init__.py,0,e3b0c44298fc1c149afbf4c8996fb92427ae41e4649b934ca495991b7852b855,PENDING,,
BIE_BI_INGEST_007.zip,app/bie/book_intelligence/source_hash.py,284,c664f29da1434c953b01b7ae0a901046d9dcf6fe9ddcd5358ccb759c08e65ae9,PENDING,,
BIE_BI_INGEST_007.zip,app/bie/book_intelligence/__pycache__/source_hash.cpython-313.pyc,1032,44301d5fb1c7bc6a7429fdd43cd9e3e6f8cf243a7f96e9a06b8df97d942da252,PENDING,,
BIE_BI_INGEST_007.zip,app/bie/book_intelligence/__pycache__/__init__.cpython-313.pyc,162,7e7f586a9b5821d82e813b7237697276632287638ab7f5176034179ce5ca2187,PENDING,,
BIE_BI_INGEST_007.zip,docs/bie/SOURCE_HASH_SPEC.md,134,e39a997cd9e43959d7afd82f4ca70d5689ebeef3ab9281d528d25bd853e1fcff,PENDING,,
BIE_BI_INGEST_007.zip,tests/book_intelligence/test_source_hash.py,501,0fb7f73d7b0811df2ae70cebcce88cf726bf240ffbbd28c315691655dbeee69b,PENDING,,
BIE_BI_INGEST_007.zip,tests/book_intelligence/__pycache__/test_source_hash.cpython-313.pyc,1802,b5921ca702af16b9db5f21b58ff4a0d59a7f211470384705e5e4fd3db236e8c6,PENDING,,
BIE_BI_INGEST_008.zip,TEST_RESULT.txt,1180,da0de3e9aafb4e993c448757f17dcee7dd4ec4cac83a8d237c2acdd6de251dca,PENDING,,
BIE_BI_INGEST_008.zip,TASK_RESULT.json,120,268e2388696e8c4c4e0ffef87e8a95d8f83b1f793313b66b7d4fdc570ec091d5,PENDING,,
BIE_BI_INGEST_008.zip,app/bie/book_intelligence/metadata_normalization.py,626,beaa03c645a0167918a01cd856114e129dd95d783809d91f1e101177c614a7e6,PENDING,,
BIE_BI_INGEST_008.zip,app/bie/book_intelligence/__init__.py,0,e3b0c44298fc1c149afbf4c8996fb92427ae41e4649b934ca495991b7852b855,PENDING,,
BIE_BI_INGEST_008.zip,app/bie/book_intelligence/__pycache__/metadata_normalization.cpython-313.pyc,1730,c676755314b57c2727cd4afe4cd7e9e60ea0bb086080ba8d5fced38800998132,PENDING,,
BIE_BI_INGEST_008.zip,app/bie/book_intelligence/__pycache__/__init__.cpython-313.pyc,162,74b95bfedf986bbb74a950f566653989fcbb65c2c8d04c567168ba924a079251,PENDING,,
BIE_BI_INGEST_008.zip,docs/bie/METADATA_NORMALIZATION_SPEC.md,78,c821dedfe6ab44c86653306ca931f6de645f822686071b4ace0e1ce9f5401634,PENDING,,
BIE_BI_INGEST_008.zip,tests/book_intelligence/test_metadata_normalization.py,563,fc086f25203fbd5e8b96267247ffdc452cc7cb32db17165cc266511d8d281cd5,PENDING,,
BIE_BI_INGEST_008.zip,tests/book_intelligence/__pycache__/test_metadata_normalization.cpython-313.pyc,1864,a7ddd02efd0cabc42a4efdd186d374108d7e86d92949c7fd249ebb2149657f25,PENDING,,
BIE_BI_INGEST_009.zip,TEST_RESULT.txt,1180,da0de3e9aafb4e993c448757f17dcee7dd4ec4cac83a8d237c2acdd6de251dca,PENDING,,
BIE_BI_INGEST_009.zip,TASK_RESULT.json,120,03ebbfa6abcb34e37beab543129a109680a266a906060fb496f0b8f62828e740,PENDING,,
BIE_BI_INGEST_009.zip,app/bie/book_intelligence/__init__.py,0,e3b0c44298fc1c149afbf4c8996fb92427ae41e4649b934ca495991b7852b855,PENDING,,
BIE_BI_INGEST_009.zip,app/bie/book_intelligence/page_inventory.py,499,01336ab6cf08275e8971f309cda6bbe4a3332e87147ef88f0687bf9cf4f1584e,PENDING,,
BIE_BI_INGEST_009.zip,app/bie/book_intelligence/__pycache__/__init__.cpython-313.pyc,162,0998becd03fddb60d9595c21dc673cf90930a84f41fee6a9b0ba35f8279697f1,PENDING,,
BIE_BI_INGEST_009.zip,app/bie/book_intelligence/__pycache__/page_inventory.cpython-313.pyc,1490,18f590f47dac3af95c095716e5bab1d1d46b9b43ce9a6e6995c36b4437c38a94,PENDING,,
BIE_BI_INGEST_009.zip,docs/bie/PAGE_INVENTORY_SPEC.md,114,2b17e719a4c49e1edf9ba463de207c9c7b5fc44847348c0d3c4d220cfbadd1d1,PENDING,,
BIE_BI_INGEST_009.zip,tests/book_intelligence/test_page_inventory.py,680,434d1ff6e990edecf6a58d7d34b810381f7b34b3c2260b23be964cde6273104d,PENDING,,
BIE_BI_INGEST_009.zip,tests/book_intelligence/__pycache__/test_page_inventory.cpython-313.pyc,2402,9a398daf35d8a4460ba9ead8a3aafdd8a70fe030eeca6d4df299707eb8475e0e,PENDING,,
BIE_BI_INGEST_010.zip,TEST_RESULT.txt,1179,c467fe92fb82537ec073726bdf048de734b664497b1d837f9cf47db16ac03db2,PENDING,,
BIE_BI_INGEST_010.zip,TASK_RESULT.json,117,62ff109158e339ab89fde4efb420b3da70e83871206024545f4a457f2ff7e84c,PENDING,,
BIE_BI_INGEST_010.zip,app/bie/book_intelligence/__init__.py,0,e3b0c44298fc1c149afbf4c8996fb92427ae41e4649b934ca495991b7852b855,PENDING,,
BIE_BI_INGEST_010.zip,app/bie/book_intelligence/encryption_detection.py,410,5b8f5f74fbb292c9f63d0f3ef46d9712f86bff30e11f3037d9e8ef69637de848,PENDING,,
BIE_BI_INGEST_010.zip,app/bie/book_intelligence/__pycache__/__init__.cpython-313.pyc,162,07364196ee1b269e00981dcf5c791bca3bf48a471b3ce238d0af543f0f3270d4,PENDING,,
BIE_BI_INGEST_010.zip,app/bie/book_intelligence/__pycache__/encryption_detection.cpython-313.pyc,1320,abd447a4b999495690ca75dd78b036b3f13aa6d123cf7d84fcee532952f40c00,PENDING,,
BIE_BI_INGEST_010.zip,docs/bie/ENCRYPTION_DETECTION_SPEC.md,133,4bb8357a86060bf1d0ed3bdb81da3db6edacab0233632540b60c77be342efe7c,PENDING,,
BIE_BI_INGEST_010.zip,tests/book_intelligence/test_encryption_detection.py,538,3d3e01b80a881ddbba8bbc0c97ddba9c9b81d51213379f6cfdf3b5a4aae7fb09,PENDING,,
BIE_BI_INGEST_010.zip,tests/book_intelligence/__pycache__/test_encryption_detection.cpython-313.pyc,1705,8361cb7b84952539cfbfa4d646ee492b6b9f0b1462d90af5d4a805164cd8a9f0,PENDING,,
BIE_BI_LAYOUT_001.zip,TEST_RESULT.txt,1180,da0de3e9aafb4e993c448757f17dcee7dd4ec4cac83a8d237c2acdd6de251dca,PENDING,,
BIE_BI_LAYOUT_001.zip,TASK_RESULT.json,120,ea9f459eee518ca9d635d9063d64390721985479cf7afef8c9a13d16e977900a,PENDING,,
BIE_BI_LAYOUT_001.zip,app/bie/book_intelligence/layout_segmentation.py,598,5f0b732c8252d92bcdd7038a97a4b10df7af76756de540551b714de80ff5c515,PENDING,,
BIE_BI_LAYOUT_001.zip,app/bie/book_intelligence/__init__.py,0,e3b0c44298fc1c149afbf4c8996fb92427ae41e4649b934ca495991b7852b855,PENDING,,
BIE_BI_LAYOUT_001.zip,app/bie/book_intelligence/__pycache__/__init__.cpython-313.pyc,162,1dbde03addec1ca58eea50be48fcadc01d4f7376627f0b7a8e16e77c666198fb,PENDING,,
BIE_BI_LAYOUT_001.zip,app/bie/book_intelligence/__pycache__/layout_segmentation.cpython-313.pyc,1797,2da6c40dc1c77eb71c48b541c927c5a2373b74e3c007c436cc9ed0a92f5f3d3b,PENDING,,
BIE_BI_LAYOUT_001.zip,docs/bie/LAYOUT_SEGMENTATION_SPEC.md,142,db49a9bbfdcecfe4e6d2961708322bfb1f20700bd32dcad38f2c24b6f8da3f09,PENDING,,
BIE_BI_LAYOUT_001.zip,tests/book_intelligence/test_layout_segmentation.py,653,36ec49e564647683a541c15181d38a6f959a9bd04cfae9dff0f561b332347ca2,PENDING,,
BIE_BI_LAYOUT_001.zip,tests/book_intelligence/__pycache__/test_layout_segmentation.cpython-313.pyc,2392,fb756cb7381673a1ebc82fa19445ff15c83889cb2cdff9349d9c797b8ab03977,PENDING,,
BIE_BI_LAYOUT_002.zip,TEST_RESULT.txt,1180,da0de3e9aafb4e993c448757f17dcee7dd4ec4cac83a8d237c2acdd6de251dca,PENDING,,
BIE_BI_LAYOUT_002.zip,TASK_RESULT.json,120,edd7ff41ecd90c6b79720a1a8667951b7bd96ab6ac188d29155ac112e9535931,PENDING,,
BIE_BI_LAYOUT_002.zip,app/bie/book_intelligence/__init__.py,0,e3b0c44298fc1c149afbf4c8996fb92427ae41e4649b934ca495991b7852b855,PENDING,,
BIE_BI_LAYOUT_002.zip,app/bie/book_intelligence/reading_order.py,306,31e160ef8b1ea0fc3986f6b2307ee16dda1e5757ee124e5b2890431e54f590da,PENDING,,
BIE_BI_LAYOUT_002.zip,app/bie/book_intelligence/__pycache__/__init__.cpython-313.pyc,162,d9841cd21ccdc3a6c41c10bf79b0597e3a53e6c944d4b9ace20c13ed5daf8af1,PENDING,,
BIE_BI_LAYOUT_002.zip,app/bie/book_intelligence/__pycache__/reading_order.cpython-313.pyc,1059,d075d73074792de93e897d0f0fd03810637c95a732d7343fe35c0e0e369ccbcb,PENDING,,
BIE_BI_LAYOUT_002.zip,docs/bie/READING_ORDER_SPEC.md,110,5f6517e9b48b470d4a3a28d95d02ba96de6900822feedc55dd248811521cb5a1,PENDING,,
BIE_BI_LAYOUT_002.zip,tests/book_intelligence/test_reading_order.py,598,a9a8500fed49fad23647c5fd001fb90d1427007ed0a92d8292b3e7efdd3398e6,PENDING,,
BIE_BI_LAYOUT_002.zip,tests/book_intelligence/__pycache__/test_reading_order.cpython-313.pyc,1970,d2756ae5ae4e3aa9b684d0a1a7a2b82c688b04ca78cff4069013e43404cc3e3e,PENDING,,
BIE_BI_LAYOUT_003.zip,TEST_RESULT.txt,1180,da0de3e9aafb4e993c448757f17dcee7dd4ec4cac83a8d237c2acdd6de251dca,PENDING,,
BIE_BI_LAYOUT_003.zip,TASK_RESULT.json,120,4aa019f143733068faeb5a0d26a99555f3c9fd88632954c37e935c4ead979746,PENDING,,
BIE_BI_LAYOUT_003.zip,app/bie/book_intelligence/header_footer.py,444,f137ed01eee5a92bf9c3917313251cbfcebe3d29eba4e07aa7d62b1994794d36,PENDING,,
BIE_BI_LAYOUT_003.zip,app/bie/book_intelligence/__init__.py,0,e3b0c44298fc1c149afbf4c8996fb92427ae41e4649b934ca495991b7852b855,PENDING,,
BIE_BI_LAYOUT_003.zip,app/bie/book_intelligence/__pycache__/__init__.cpython-313.pyc,162,258a1e7428891e8cb31201df9e6e0912050599e0102123c495402abf8d6cf76b,PENDING,,
BIE_BI_LAYOUT_003.zip,app/bie/book_intelligence/__pycache__/header_footer.cpython-313.pyc,1490,cc4179eb64073d127a069035e0fd99c58e743c0b2317ec8d0a3c7ccf9a7c553c,PENDING,,
BIE_BI_LAYOUT_003.zip,docs/bie/HEADER_FOOTER_SPEC.md,120,84317ccc792f4608c620466e0358027c80557f64ec6f1516352de4fb3e8e2fbd,PENDING,,
BIE_BI_LAYOUT_003.zip,tests/book_intelligence/test_header_footer.py,631,21291cffd9e3d97687d79a61eb5fe4af60105fae8f6d4778be34d70318b90c58,PENDING,,
BIE_BI_LAYOUT_003.zip,tests/book_intelligence/__pycache__/test_header_footer.cpython-313.pyc,1803,7498df84275d324eb66dfa3975ec6065bae6172d3fb8fe5b8fa26682df4f18f8,PENDING,,
BIE_BI_LAYOUT_004.zip,TEST_RESULT.txt,1180,da0de3e9aafb4e993c448757f17dcee7dd4ec4cac83a8d237c2acdd6de251dca,PENDING,,
BIE_BI_LAYOUT_004.zip,TASK_RESULT.json,120,1c85b58e88a1554dda331a18ffaeeb034f1ee7b23a283c8a12dca0481e39d23d,PENDING,,
BIE_BI_LAYOUT_004.zip,app/bie/book_intelligence/__init__.py,0,e3b0c44298fc1c149afbf4c8996fb92427ae41e4649b934ca495991b7852b855,PENDING,,
BIE_BI_LAYOUT_004.zip,app/bie/book_intelligence/margin_notes.py,316,1176dfb75a47817506f377ce1d9d4b8f64cb76b2eabccde6b60d49c443ba8bc2,PENDING,,
BIE_BI_LAYOUT_004.zip,app/bie/book_intelligence/__pycache__/__init__.cpython-313.pyc,162,8068345cbc31d5a480f5a7c6b1951e50fe00e8b432209da5af17bad08db49b81,PENDING,,
BIE_BI_LAYOUT_004.zip,app/bie/book_intelligence/__pycache__/margin_notes.cpython-313.pyc,841,eb7dab0cb8dd4df82dd729d254836b2b3b13db42b4aa17fbde36e5792db0ee0e,PENDING,,
BIE_BI_LAYOUT_004.zip,docs/bie/MARGIN_NOTES_SPEC.md,129,1027ed53fdba4ec82ecbe407fc48f2acf4c528900c058797daf1c189943a735a,PENDING,,
BIE_BI_LAYOUT_004.zip,tests/book_intelligence/test_margin_notes.py,565,234d1abe53956c4a4a154d088759dff162dd2e50d54ea6c760a63aae1610d4c0,PENDING,,
BIE_BI_LAYOUT_004.zip,tests/book_intelligence/__pycache__/test_margin_notes.cpython-313.pyc,1939,27b9f68a0f6079b9474e63c7bf2b20a3b06a7d52d1a960135542c7924befbddc,PENDING,,
BIE_BI_LAYOUT_005.zip,TEST_RESULT.txt,1180,da0de3e9aafb4e993c448757f17dcee7dd4ec4cac83a8d237c2acdd6de251dca,PENDING,,
BIE_BI_LAYOUT_005.zip,TASK_RESULT.json,120,8c6371153a5838a4d7a6ae137687c1ae6c71ea28f1790a4a2451184623d5494e,PENDING,,
BIE_BI_LAYOUT_005.zip,app/bie/book_intelligence/__init__.py,0,e3b0c44298fc1c149afbf4c8996fb92427ae41e4649b934ca495991b7852b855,PENDING,,
BIE_BI_LAYOUT_005.zip,app/bie/book_intelligence/multicolumn_layout.py,647,ec8a19218e6da6c43c6557b2dda2b05e2dbfb47e92540dc1382988227d73a920,PENDING,,
BIE_BI_LAYOUT_005.zip,app/bie/book_intelligence/__pycache__/__init__.cpython-313.pyc,162,3e460c32d4a2caef424af9b5420eb21a4e4258123d1048798f27575c2eaf55ed,PENDING,,
BIE_BI_LAYOUT_005.zip,app/bie/book_intelligence/__pycache__/multicolumn_layout.cpython-313.pyc,1701,66331a8861c9dfd6c5fb24d2a081991d6251ef03f69f23fdf70751738a50deb2,PENDING,,
BIE_BI_LAYOUT_005.zip,docs/bie/MULTICOLUMN_LAYOUT_SPEC.md,116,7a9d2f6611ff8143604653616031f106909e614b060c6055415dfe2239839cbd,PENDING,,
BIE_BI_LAYOUT_005.zip,tests/book_intelligence/test_multicolumn_layout.py,786,a428e7afd086883211790fbe1798532c2f1aad92457080fe09b2249d76fb9722,PENDING,,
BIE_BI_LAYOUT_005.zip,tests/book_intelligence/__pycache__/test_multicolumn_layout.cpython-313.pyc,2193,b814a09857efc296577be044e3b2403dd67b012f614cd9a124546b92aa33855d,PENDING,,
BIE_BI_LAYOUT_006.zip,TEST_RESULT.txt,1180,da0de3e9aafb4e993c448757f17dcee7dd4ec4cac83a8d237c2acdd6de251dca,PENDING,,
BIE_BI_LAYOUT_006.zip,TASK_RESULT.json,120,8a7d90165a54c7a02e1e653bdfece4a3874fb022eaa2dd6e2ede12c12a2dbd29,PENDING,,
BIE_BI_LAYOUT_006.zip,app/bie/book_intelligence/text_blocks.py,580,7972ddcff4a92d7d84f8043aa729bea494601b66a6bef5b3f4651655425ad139,PENDING,,
BIE_BI_LAYOUT_006.zip,app/bie/book_intelligence/__init__.py,0,e3b0c44298fc1c149afbf4c8996fb92427ae41e4649b934ca495991b7852b855,PENDING,,
BIE_BI_LAYOUT_006.zip,app/bie/book_intelligence/__pycache__/__init__.cpython-313.pyc,162,1ca22681afe8b46a57bc264387171c537cfab0e3e4e040d16502e7e8d2a12d34,PENDING,,
BIE_BI_LAYOUT_006.zip,app/bie/book_intelligence/__pycache__/text_blocks.cpython-313.pyc,1578,e2f4220c7db157e53b50a7b7dfbfe13fb0264093fca0377a1059bff3666b70cd,PENDING,,
BIE_BI_LAYOUT_006.zip,docs/bie/TEXT_BLOCKS_SPEC.md,119,7367cc67c2228ec802ebdeab7ab155edf0f690a8637920fad2637546a69f5279,PENDING,,
BIE_BI_LAYOUT_006.zip,tests/book_intelligence/test_text_blocks.py,565,529b2a2339660536a10dc2c2ad6f2ff626d297b93d54279234932afccf036d76,PENDING,,
BIE_BI_LAYOUT_006.zip,tests/book_intelligence/__pycache__/test_text_blocks.cpython-313.pyc,2116,3ac8dae70ccaad7b44ced5b23dfbbe7dadb39505c2701356fdc84b37e2c6d7e3,PENDING,,
BIE_BI_LAYOUT_007.zip,TEST_RESULT.txt,1180,da0de3e9aafb4e993c448757f17dcee7dd4ec4cac83a8d237c2acdd6de251dca,PENDING,,
BIE_BI_LAYOUT_007.zip,TASK_RESULT.json,120,40ab7f39e6a0ac604ee4c59283f5972c07a5c5fc7b104a379141a07afbeed946,PENDING,,
BIE_BI_LAYOUT_007.zip,app/bie/book_intelligence/__init__.py,0,e3b0c44298fc1c149afbf4c8996fb92427ae41e4649b934ca495991b7852b855,PENDING,,
BIE_BI_LAYOUT_007.zip,app/bie/book_intelligence/title_hierarchy.py,568,20c621147d4779a8ca0de4a9267a0ac86d0ccce6c4f76667947507911e808c5f,PENDING,,
BIE_BI_LAYOUT_007.zip,app/bie/book_intelligence/__pycache__/__init__.cpython-313.pyc,162,e6ee35619680ac33915d1ec7fa879ed41ab01b15ac5211db38e8d0d900c8ecad,PENDING,,
BIE_BI_LAYOUT_007.zip,app/bie/book_intelligence/__pycache__/title_hierarchy.cpython-313.pyc,1493,efc4dafa1a50b334fe5f34fe8b265c17fc25e2a51063e6ffd37e2402c2c26064,PENDING,,
BIE_BI_LAYOUT_007.zip,docs/bie/TITLE_HIERARCHY_SPEC.md,108,39a33117946b9253b6a10d0399250d1b67a67a6d6ac1e23821929d2449ade0da,PENDING,,
BIE_BI_LAYOUT_007.zip,tests/book_intelligence/test_title_hierarchy.py,563,089fa4f722dbaf25aa6c2f54acdbc4547ee9c9fca0809837464c9b6d2baa5706,PENDING,,
BIE_BI_LAYOUT_007.zip,tests/book_intelligence/__pycache__/test_title_hierarchy.cpython-313.pyc,1893,02c145d3a29459074dbe1492e806d829ae6b17dead8b7b05734561ccea9fb1f2,PENDING,,
BIE_BI_LAYOUT_008.zip,TEST_RESULT.txt,1180,da0de3e9aafb4e993c448757f17dcee7dd4ec4cac83a8d237c2acdd6de251dca,PENDING,,
BIE_BI_LAYOUT_008.zip,TASK_RESULT.json,120,3c5cb459a1e1114619f82c534c16a00ecbfdf4b4c041ceca28addb548041cb04,PENDING,,
BIE_BI_LAYOUT_008.zip,app/bie/book_intelligence/__init__.py,0,e3b0c44298fc1c149afbf4c8996fb92427ae41e4649b934ca495991b7852b855,PENDING,,
BIE_BI_LAYOUT_008.zip,app/bie/book_intelligence/heading_detection.py,454,237b047ce5ad7ab343c76175de7be4294abaec83ebe7103824dcc01662af170b,PENDING,,
BIE_BI_LAYOUT_008.zip,app/bie/book_intelligence/__pycache__/__init__.cpython-313.pyc,162,c405ae344d1f8480440fc3b93cb3e621ae949a7865171f9e45772fe10c37cc2e,PENDING,,
BIE_BI_LAYOUT_008.zip,app/bie/book_intelligence/__pycache__/heading_detection.cpython-313.pyc,1310,f11633fa3b8011811161aa2bdbc6f47807550cbebcb55a0290e751bffd383131,PENDING,,
BIE_BI_LAYOUT_008.zip,docs/bie/HEADING_DETECTION_SPEC.md,112,eb9a243e9d3c57579578fd3711d23f45c508a0d83fe47570fa8720c13a854f04,PENDING,,
BIE_BI_LAYOUT_008.zip,tests/book_intelligence/test_heading_detection.py,578,10d61c225927a6af105a38858c1e0328e34e605daeff8347e198515c6f526915,PENDING,,
BIE_BI_LAYOUT_008.zip,tests/book_intelligence/__pycache__/test_heading_detection.cpython-313.pyc,1969,bee0672783512a78562e89d550c0f066452970e72aa58444d5760b112fc662e8,PENDING,,
BIE_BI_LAYOUT_009.zip,TEST_RESULT.txt,1180,da0de3e9aafb4e993c448757f17dcee7dd4ec4cac83a8d237c2acdd6de251dca,PENDING,,
BIE_BI_LAYOUT_009.zip,TASK_RESULT.json,120,0f8f5fdf18522f9dde00bf191beb41b596d11290a812238fd1c7e974b41f3ece,PENDING,,
BIE_BI_LAYOUT_009.zip,app/bie/book_intelligence/__init__.py,0,e3b0c44298fc1c149afbf4c8996fb92427ae41e4649b934ca495991b7852b855,PENDING,,
BIE_BI_LAYOUT_009.zip,app/bie/book_intelligence/paragraph_detection.py,523,42dc60eccfe0813072550585fe2b80ed273a4053b4af2e93b21b2ffea3683daf,PENDING,,
BIE_BI_LAYOUT_009.zip,app/bie/book_intelligence/__pycache__/paragraph_detection.cpython-313.pyc,1440,6ec4f9ad0e651712febfaf975da0078564aeb71ce6e3c8370104faea435fa0ab,PENDING,,
BIE_BI_LAYOUT_009.zip,app/bie/book_intelligence/__pycache__/__init__.cpython-313.pyc,162,854f3c66454676ec1b2b13e8501c70ffce6d96c513ca541a36df9ceda4db3986,PENDING,,
BIE_BI_LAYOUT_009.zip,docs/bie/PARAGRAPH_DETECTION_SPEC.md,119,8bf263e67af72ed5b9ac10279d23cf65ab99ea3011f6b7ff5824efdfca9ebb4d,PENDING,,
BIE_BI_LAYOUT_009.zip,tests/book_intelligence/test_paragraph_detection.py,683,b58f9d3bee08f8937800df45f54a92c08aa0e60f51636574798bec4330ca966b,PENDING,,
BIE_BI_LAYOUT_009.zip,tests/book_intelligence/__pycache__/test_paragraph_detection.cpython-313.pyc,2023,65e66342f4d1fd6fe7ea0a24c84f6e83c038d7d4d101d3560756a284eeb5c513,PENDING,,
BIE_BI_LAYOUT_010.zip,TEST_RESULT.txt,1180,da0de3e9aafb4e993c448757f17dcee7dd4ec4cac83a8d237c2acdd6de251dca,PENDING,,
BIE_BI_LAYOUT_010.zip,TASK_RESULT.json,120,71cce5a4d1ec8811cc45be224d800fa856692b5a3ba7e7d07b8aec862953edcf,PENDING,,
BIE_BI_LAYOUT_010.zip,app/bie/book_intelligence/__init__.py,0,e3b0c44298fc1c149afbf4c8996fb92427ae41e4649b934ca495991b7852b855,PENDING,,
BIE_BI_LAYOUT_010.zip,app/bie/book_intelligence/list_detection.py,548,6cd33112eae4e64f9efebc616d468e479eadef2293c9012039ea5bc7196a7eb4,PENDING,,
BIE_BI_LAYOUT_010.zip,app/bie/book_intelligence/__pycache__/__init__.cpython-313.pyc,162,ba62fc84e1f388f5c84b081ba654c0e3fa6fd67d3840ea00edad310b1ee67759,PENDING,,
BIE_BI_LAYOUT_010.zip,app/bie/book_intelligence/__pycache__/list_detection.cpython-313.pyc,2092,1dccf42a48da749102b1f00e9fb20fd5693c6f37f859c8ab6bfa16041b3cfaa2,PENDING,,
BIE_BI_LAYOUT_010.zip,docs/bie/LIST_DETECTION_SPEC.md,85,118ec331407e6f9145bdd4113f1a378e2af5662402a506168a4f9521991bf172,PENDING,,
BIE_BI_LAYOUT_010.zip,tests/book_intelligence/test_list_detection.py,737,a12316be107a80d363a80e69f7f9458f94b639cb9780d107445e4cb4b8fc4d2c,PENDING,,
BIE_BI_LAYOUT_010.zip,tests/book_intelligence/__pycache__/test_list_detection.cpython-313.pyc,2131,1fd0cd99c8e44ce160d665a1422a0b98e92e78ca9552c17e414b4ba1ec0080aa,PENDING,,
BIE_BI_LAYOUT_011.zip,TEST_RESULT.txt,1180,da0de3e9aafb4e993c448757f17dcee7dd4ec4cac83a8d237c2acdd6de251dca,PENDING,,
BIE_BI_LAYOUT_011.zip,TASK_RESULT.json,120,c20b2774b1118aa1ce584c122b6b5ffcf0e4bf4055391e8bf32dc11ec8c9040a,PENDING,,
BIE_BI_LAYOUT_011.zip,app/bie/book_intelligence/__init__.py,0,e3b0c44298fc1c149afbf4c8996fb92427ae41e4649b934ca495991b7852b855,PENDING,,
BIE_BI_LAYOUT_011.zip,app/bie/book_intelligence/caption_linking.py,535,745ff60f7fb962d1aa0a8b865fcf35ecf3959fae1702387da84c67eef3407ed8,PENDING,,
BIE_BI_LAYOUT_011.zip,app/bie/book_intelligence/__pycache__/__init__.cpython-313.pyc,162,9e16fdb77bd7d189b9481d76b088d07eeda4640907460a29260d3bdc572fb943,PENDING,,
BIE_BI_LAYOUT_011.zip,app/bie/book_intelligence/__pycache__/caption_linking.cpython-313.pyc,1360,4a9984259e76fdc786849cc80c95e6ed4e2b04594e2617203a9ec07b26cfcf73,PENDING,,
BIE_BI_LAYOUT_011.zip,docs/bie/CAPTION_LINKING_SPEC.md,115,d6e914a4a38f811d3b1631e27e8d824609e6348e17fded70960789515d1a6b34,PENDING,,
BIE_BI_LAYOUT_011.zip,tests/book_intelligence/test_caption_linking.py,780,4c4819f8dba71c732a171ff7c7c914b161fa6c7bf0fd04e3fc148c4b3dc64d77,PENDING,,
BIE_BI_LAYOUT_011.zip,tests/book_intelligence/__pycache__/test_caption_linking.cpython-313.pyc,2435,56caf1d089937848ee2078992d1f24f053e3a15d328727f7bd7c5df3c7eb5ab7,PENDING,,
BIE_BI_LAYOUT_012.zip,TEST_RESULT.txt,1179,c467fe92fb82537ec073726bdf048de734b664497b1d837f9cf47db16ac03db2,PENDING,,
BIE_BI_LAYOUT_012.zip,TASK_RESULT.json,120,2a0c9134af44f7d7a3d4cdea20981224196db5bc95e95252adc0a9814dd693ed,PENDING,,
BIE_BI_LAYOUT_012.zip,app/bie/book_intelligence/callout_detection.py,472,cab159aa786eb6e1794fc84929d487a04bf33c367aab924bac364db90c3b8dc2,PENDING,,
BIE_BI_LAYOUT_012.zip,app/bie/book_intelligence/__init__.py,0,e3b0c44298fc1c149afbf4c8996fb92427ae41e4649b934ca495991b7852b855,PENDING,,
BIE_BI_LAYOUT_012.zip,app/bie/book_intelligence/__pycache__/__init__.cpython-313.pyc,162,71bb7fb30b3af344405e6595029e9abe13bf905697a67f7ea99ddb2f4565d238,PENDING,,
BIE_BI_LAYOUT_012.zip,app/bie/book_intelligence/__pycache__/callout_detection.cpython-313.pyc,1536,0fe173e2dccd7e58a2865f8fb54db0a01e7ca5b980a95a39572bfc6b8780ef49,PENDING,,
BIE_BI_LAYOUT_012.zip,docs/bie/CALLOUT_DETECTION_SPEC.md,113,d847055b13787b0ba0aa47c24a79e9cb8dd543c0a14fdff4ba9f3d4b8475c445,PENDING,,
BIE_BI_LAYOUT_012.zip,tests/book_intelligence/test_callout_detection.py,489,f896ae7cb1e55dd9806fdaa0467c5d14a69b4629ad72b78dee864ed4fae84f01,PENDING,,
BIE_BI_LAYOUT_012.zip,tests/book_intelligence/__pycache__/test_callout_detection.cpython-313.pyc,1625,21deebb21eb8f2b6d80f2e8e8f1a3fb55739bbd2d8b298db3664f7921636fbc6,PENDING,,
BIE_BI_LAYOUT_013.zip,TEST_RESULT.txt,1180,da0de3e9aafb4e993c448757f17dcee7dd4ec4cac83a8d237c2acdd6de251dca,PENDING,,
BIE_BI_LAYOUT_013.zip,TASK_RESULT.json,120,5e73e7eb357e217fb7ded087faa1e266c94c376d487d8db773608420376a4b6c,PENDING,,
BIE_BI_LAYOUT_013.zip,app/bie/book_intelligence/footnote_detection.py,369,054c62b7cca6934025fefc1524baa870f4fb7b3e1ae92eafd4c263b03ae884a5,PENDING,,
BIE_BI_LAYOUT_013.zip,app/bie/book_intelligence/__init__.py,0,e3b0c44298fc1c149afbf4c8996fb92427ae41e4649b934ca495991b7852b855,PENDING,,
BIE_BI_LAYOUT_013.zip,app/bie/book_intelligence/__pycache__/__init__.cpython-313.pyc,162,87323475e6079b3286d51d41445c98c3cc530285414b328f16b48451978b5776,PENDING,,
BIE_BI_LAYOUT_013.zip,app/bie/book_intelligence/__pycache__/footnote_detection.cpython-313.pyc,1200,f7629b3118be9f61b303cb31c1e0cd402c966babd28e501fbf7b5d44343d3b32,PENDING,,
BIE_BI_LAYOUT_013.zip,docs/bie/FOOTNOTE_DETECTION_SPEC.md,123,ff4764cdec94ed8a9a03bee9e7fdbe2f48960b9c0988301904da2c08e1202a0e,PENDING,,
BIE_BI_LAYOUT_013.zip,tests/book_intelligence/test_footnote_detection.py,753,822a33d39057c5c03bd052feba78c733a0b7d30f930ba5fa92e02b1dcb48496c,PENDING,,
BIE_BI_LAYOUT_013.zip,tests/book_intelligence/__pycache__/test_footnote_detection.cpython-313.pyc,2143,dda338d8bde1b2316ce3fc046ade799a72c531eff86aa96d17c3ecfc7df93aaa,PENDING,,
BIE_BI_LAYOUT_014.zip,TEST_RESULT.txt,1180,da0de3e9aafb4e993c448757f17dcee7dd4ec4cac83a8d237c2acdd6de251dca,PENDING,,
BIE_BI_LAYOUT_014.zip,TASK_RESULT.json,117,36ae5e6dcc2272e63e46a146e2a45c316a3736cddbf8680c3bad096354e8b334,PENDING,,
BIE_BI_LAYOUT_014.zip,app/bie/book_intelligence/page_mapping.py,605,fb0cedc0fe39c49a6db3d909acb369a9768e2f640b83492e6de72c85b6167871,PENDING,,
BIE_BI_LAYOUT_014.zip,app/bie/book_intelligence/__init__.py,0,e3b0c44298fc1c149afbf4c8996fb92427ae41e4649b934ca495991b7852b855,PENDING,,
BIE_BI_LAYOUT_014.zip,app/bie/book_intelligence/__pycache__/page_mapping.cpython-313.pyc,1794,64cadf854617a2ed2c3191f6dfb430a47f8845f656206bc65607e31ba74b1b92,PENDING,,
BIE_BI_LAYOUT_014.zip,app/bie/book_intelligence/__pycache__/__init__.cpython-313.pyc,162,06712030bb30ee6227c455647ae8a0b4bd2ef9a9171d045dc9b092f6097ce375,PENDING,,
BIE_BI_LAYOUT_014.zip,docs/bie/PAGE_MAPPING_SPEC.md,143,9430bd180d17e4230c5ca735a49bd93e6f5d48c79e67c88f8f0db83f7fd4a62a,PENDING,,
BIE_BI_LAYOUT_014.zip,tests/book_intelligence/test_page_mapping.py,621,926bc6385b24aab39090fda60ce60cb443093c76c3ccd9230fff0a093807749a,PENDING,,
BIE_BI_LAYOUT_014.zip,tests/book_intelligence/__pycache__/test_page_mapping.cpython-313.pyc,2357,e9db2f7440769046ea117e77301740df9015b132fb074ae985bcc3c26ad5e497,PENDING,,
BIE_BI_NORM_001.zip,TASK_RESULT.json,149,786f47b881dbd3c4a3f61ee1b5983fb7890e47c619f2377ca8ab65e60f21e158,PENDING,,
BIE_BI_NORM_001.zip,TEST_RESULT.txt,1174,73969126e46277e6fdd70200bec6853653b74425eb11cb90b43a83d9a0075296,PENDING,,
BIE_BI_NORM_001.zip,docs/SPEC.md,133,67621822bb53d4c6f95109d744ff338afd5e0b994faca71cc91c83e2e91d4a0a,PENDING,,
BIE_BI_NORM_001.zip,tests/test_unicode_normalization.py,348,5c44f6912732e2a344528c4a29856a5ecd476b587a2c5ff59c4b04125a14065a,PENDING,,
BIE_BI_NORM_001.zip,tests/__pycache__/test_unicode_normalization.cpython-313.pyc,1275,8b27cacfeddabe7e8c3568e21f283a2d05f4a5af669202e9294aeab42962433b,PENDING,,
BIE_BI_NORM_001.zip,app/bie/book_intelligence/unicode_normalization.py,209,01154141008c0df1461e38fd1cfb5a98a857aa2726e293945bab2e0d433963cd,PENDING,,
BIE_BI_NORM_001.zip,app/bie/book_intelligence/__init__.py,0,e3b0c44298fc1c149afbf4c8996fb92427ae41e4649b934ca495991b7852b855,PENDING,,
BIE_BI_NORM_001.zip,app/bie/book_intelligence/__pycache__/unicode_normalization.cpython-313.pyc,806,6033f16ee7b70c561a35b921bd892c87d8b08313db04b9dfdf96a970ba27b35b,PENDING,,
BIE_BI_NORM_001.zip,app/bie/book_intelligence/__pycache__/__init__.cpython-313.pyc,160,783bcb11b4149996cb8d2dae2ce52e0745df399610d34d7c422830d40f0fea4b,PENDING,,
BIE_BI_NORM_002.zip,TASK_RESULT.json,149,56284a94b0691eabf35cd67f2405ae07fdf7205381009a49ceb56405d9347ad5,PENDING,,
BIE_BI_NORM_002.zip,TEST_RESULT.txt,1174,73969126e46277e6fdd70200bec6853653b74425eb11cb90b43a83d9a0075296,PENDING,,
BIE_BI_NORM_002.zip,docs/SPEC.md,136,f218f47d8c9da8147d14c1d0d2ae52eb06b052f4966ada48efbdaf9242320aaa,PENDING,,
BIE_BI_NORM_002.zip,tests/test_whitespace_normalization.py,355,00e3b22ef8bde63c992303cab2f257c4a44ef7a7e2bdf081740f3a04bbbaf98a,PENDING,,
BIE_BI_NORM_002.zip,tests/__pycache__/test_whitespace_normalization.cpython-313.pyc,1169,d1792e9dbb31eab99794971add3ba878740793977fe68f59db12226ce33fa8f3,PENDING,,
BIE_BI_NORM_002.zip,app/bie/book_intelligence/whitespace_normalization.py,299,90c7a17b218e22158ea6d5bb415d402efcd7af99b876a4a2389733f5865f7bf4,PENDING,,
BIE_BI_NORM_002.zip,app/bie/book_intelligence/__init__.py,0,e3b0c44298fc1c149afbf4c8996fb92427ae41e4649b934ca495991b7852b855,PENDING,,
BIE_BI_NORM_002.zip,app/bie/book_intelligence/__pycache__/whitespace_normalization.cpython-313.pyc,1298,9f4a1d1b9987d114ece1d71258972f5de99eb8e47af5a2a91b76de78fcd7b999,PENDING,,
BIE_BI_NORM_002.zip,app/bie/book_intelligence/__pycache__/__init__.cpython-313.pyc,160,2fe64c2a67a899d607f6899b47f7d7631492804b28acd22fc289decbe1c0212d,PENDING,,
BIE_BI_NORM_003.zip,TASK_RESULT.json,149,8b47997b96cc167d288578da559ae03aeea675b4449cb7e61becddcefc50517b,PENDING,,
BIE_BI_NORM_003.zip,TEST_RESULT.txt,1174,73969126e46277e6fdd70200bec6853653b74425eb11cb90b43a83d9a0075296,PENDING,,
BIE_BI_NORM_003.zip,docs/SPEC.md,141,c60cf4902a2e9b0dca46dbbddd18bc3b821bfb121a720851a000dde8ee2a881f,PENDING,,
BIE_BI_NORM_003.zip,tests/test_hyphenation_normalization.py,360,9fd6b12cee43267ca2de47ec29a5cf2201cfeb30e146612e72b757ae8b0446b8,PENDING,,
BIE_BI_NORM_003.zip,tests/__pycache__/test_hyphenation_normalization.cpython-313.pyc,1177,56d4208d69a010fdab767205bdd79b43796d7483496be54dcc18528928be385c,PENDING,,
BIE_BI_NORM_003.zip,app/bie/book_intelligence/hyphenation_normalization.py,165,4d71ac20eb53f92a6b81448f6523fd6380da3488294906beedcf5537e9d0bdd9,PENDING,,
BIE_BI_NORM_003.zip,app/bie/book_intelligence/__init__.py,0,e3b0c44298fc1c149afbf4c8996fb92427ae41e4649b934ca495991b7852b855,PENDING,,
BIE_BI_NORM_003.zip,app/bie/book_intelligence/__pycache__/hyphenation_normalization.cpython-313.pyc,759,5f681936bd75da1ccc1d4cd0981353b1e814b7b9c9c9f36ae7b80eb3cf63343c,PENDING,,
BIE_BI_NORM_003.zip,app/bie/book_intelligence/__pycache__/__init__.cpython-313.pyc,160,fa759d3bdf3631bf7dcad8b9a08719edec11b9f4033681c77370dc39473f5b7b,PENDING,,
BIE_BI_NORM_004.zip,TASK_RESULT.json,149,67ae18ff74e99594578a7d513bbec219c75dba7c3c80699ea58c4b6d51fe9190,PENDING,,
BIE_BI_NORM_004.zip,TEST_RESULT.txt,1174,73969126e46277e6fdd70200bec6853653b74425eb11cb90b43a83d9a0075296,PENDING,,
BIE_BI_NORM_004.zip,docs/SPEC.md,134,fa144cf50b24374dcac57bdf2d76c51d17ec70d887806103b46b87cf1aecb37d,PENDING,,
BIE_BI_NORM_004.zip,tests/test_ligature_normalization.py,349,d96c025b981637d59edb4424cafa62707ca68970d574ed03118984c38117d71d,PENDING,,
BIE_BI_NORM_004.zip,tests/__pycache__/test_ligature_normalization.cpython-313.pyc,1177,77a4ee020af975b9a330094f8498c3296631edb947b199e6809c510007f3c3d8,PENDING,,
BIE_BI_NORM_004.zip,app/bie/book_intelligence/__init__.py,0,e3b0c44298fc1c149afbf4c8996fb92427ae41e4649b934ca495991b7852b855,PENDING,,
BIE_BI_NORM_004.zip,app/bie/book_intelligence/ligature_normalization.py,198,887cdecba6960d6d878f19bea4d1af38c97bd4a10a8c86ca6c0a04381ad25a60,PENDING,,
BIE_BI_NORM_004.zip,app/bie/book_intelligence/__pycache__/ligature_normalization.cpython-313.pyc,1019,56998a0ec119ab1a3762298ccabbe1bbd7359ef3012770bd0d25387c9abb9bed,PENDING,,
BIE_BI_NORM_004.zip,app/bie/book_intelligence/__pycache__/__init__.cpython-313.pyc,160,d06376efe923f45e6f90b61502d9e2d82563ba63d4c8b46cf536bc813c4508ca,PENDING,,
BIE_BI_NORM_005.zip,TASK_RESULT.json,149,0f80fc16a8c998feaa1c38b3a52d209bab91372a9eb9f9db0be649ea1bc8b9f5,PENDING,,
BIE_BI_NORM_005.zip,TEST_RESULT.txt,1174,73969126e46277e6fdd70200bec6853653b74425eb11cb90b43a83d9a0075296,PENDING,,
BIE_BI_NORM_005.zip,docs/SPEC.md,132,716eb1eaf214bca92159c797401263db73c836448bed8ba6a4adb984e178a160,PENDING,,
BIE_BI_NORM_005.zip,tests/test_symbol_normalization.py,340,40373ad1a3d09b53fcddf05c8aaad9813ec255d57f3de3624faee67caf58f206,PENDING,,
BIE_BI_NORM_005.zip,tests/__pycache__/test_symbol_normalization.cpython-313.pyc,1171,f1c5250ae28ad57232113fdbea87bc09164c8700b74dd47b3bf7b387e228bdd6,PENDING,,
BIE_BI_NORM_005.zip,app/bie/book_intelligence/symbol_normalization.py,201,628b5b6fbcae87e06b349c4a13515b6e97f346fcac8921e2803c768fb949e018,PENDING,,
BIE_BI_NORM_005.zip,app/bie/book_intelligence/__init__.py,0,e3b0c44298fc1c149afbf4c8996fb92427ae41e4649b934ca495991b7852b855,PENDING,,
BIE_BI_NORM_005.zip,app/bie/book_intelligence/__pycache__/symbol_normalization.cpython-313.pyc,1024,88b00d3f42929f1ba39ffdbd0163a0c73e619cce4b8b5dc1e97a61119c4ab699,PENDING,,
BIE_BI_NORM_005.zip,app/bie/book_intelligence/__pycache__/__init__.cpython-313.pyc,160,6830df427576ab77ecf787108e0b7260993e749283f0641db5ed9af461abe543,PENDING,,
BIE_BI_NORM_006.zip,TASK_RESULT.json,147,415d1e2881a9fe2619b64b868f3e10895038852f9ba49c78c262b356ce6bf873,PENDING,,
BIE_BI_NORM_006.zip,TEST_RESULT.txt,1174,73969126e46277e6fdd70200bec6853653b74425eb11cb90b43a83d9a0075296,PENDING,,
BIE_BI_NORM_006.zip,docs/SPEC.md,141,fc96edd5f83078f3c20a4c3b1428198101e85f4de4f37523c957cf0a590a5e32,PENDING,,
BIE_BI_NORM_006.zip,tests/test_citation_normalization.py,413,6d60f9141f0cdb698ebd00da9c7d01399cfce5c7ed34f7049d595c837727175f,PENDING,,
BIE_BI_NORM_006.zip,tests/__pycache__/test_citation_normalization.cpython-313.pyc,1263,ec744754665b0fb3b0b5f1b267ff669c608213bfd122d49c8cfb02f94f7fb59a,PENDING,,
BIE_BI_NORM_006.zip,app/bie/book_intelligence/__init__.py,0,e3b0c44298fc1c149afbf4c8996fb92427ae41e4649b934ca495991b7852b855,PENDING,,
BIE_BI_NORM_006.zip,app/bie/book_intelligence/citation_normalization.py,308,81b4729e697b5b18588d0632381ca298b4e4299a4141f71db41559dd062066eb,PENDING,,
BIE_BI_NORM_006.zip,app/bie/book_intelligence/__pycache__/citation_normalization.cpython-313.pyc,1150,f812ec8bccfc929f52415fe01fa506956a90d650644e7f0cc2f854d990d04687,PENDING,,
BIE_BI_NORM_006.zip,app/bie/book_intelligence/__pycache__/__init__.cpython-313.pyc,160,5ad22f39eb5e3039447d33b8814302b68d44d524f63d19f067d9df46ad4504d1,PENDING,,
BIE_BI_OCR_001.zip,TEST_RESULT.txt,1180,da0de3e9aafb4e993c448757f17dcee7dd4ec4cac83a8d237c2acdd6de251dca,PENDING,,
BIE_BI_OCR_001.zip,TASK_RESULT.json,114,754dcd7a1d809d4853b220a8036466877343ba31dabb77271b518c7a3559e36e,PENDING,,
BIE_BI_OCR_001.zip,app/bie/book_intelligence/ocr_selection.py,449,f83624d3a3739193fa49c42ad2ccffb128e2df16fd49b8939a912f962b879d8e,PENDING,,
BIE_BI_OCR_001.zip,app/bie/book_intelligence/__init__.py,0,e3b0c44298fc1c149afbf4c8996fb92427ae41e4649b934ca495991b7852b855,PENDING,,
BIE_BI_OCR_001.zip,app/bie/book_intelligence/__pycache__/__init__.cpython-313.pyc,159,effa79a2f865c88be3c9e869a5edd7fec1f2d18256c33607a20a9f9e6cd67c7e,PENDING,,
BIE_BI_OCR_001.zip,app/bie/book_intelligence/__pycache__/ocr_selection.cpython-313.pyc,1130,c482d89107b08bbb6bba06a9e00b3d7d9949e8bac232771f3418a772dcdf7a33,PENDING,,
BIE_BI_OCR_001.zip,docs/bie/OCR_SELECTION_SPEC.md,95,5687fbf9bc38a0f87295344f39f5cbcb8e64ad10d6d7a5036501a482d02c8e1e,PENDING,,
BIE_BI_OCR_001.zip,tests/book_intelligence/test_ocr_selection.py,681,d0807e5efcce8e8475eea004d973c15ce51c24df77076a2664446b1e0bebbb09,PENDING,,
BIE_BI_OCR_001.zip,tests/book_intelligence/__pycache__/test_ocr_selection.cpython-313.pyc,1906,4e3c687407ec6983e71f80b34c6245ab66d317471bda9ab2b16b6b9d62012d62,PENDING,,
BIE_BI_OCR_002.zip,TEST_RESULT.txt,1180,da0de3e9aafb4e993c448757f17dcee7dd4ec4cac83a8d237c2acdd6de251dca,PENDING,,
BIE_BI_OCR_002.zip,TASK_RESULT.json,114,f7958e7bf1efcff4c694aae66dd0b1884e5467eb6330a223db862e2708e2be22,PENDING,,
BIE_BI_OCR_002.zip,app/bie/book_intelligence/__init__.py,0,e3b0c44298fc1c149afbf4c8996fb92427ae41e4649b934ca495991b7852b855,PENDING,,
BIE_BI_OCR_002.zip,app/bie/book_intelligence/text_ocr.py,472,d6d9b7821bc5b173efe2245fe38874ab8d59caaefef2d24c3f126e84b8c87fe9,PENDING,,
BIE_BI_OCR_002.zip,app/bie/book_intelligence/__pycache__/__init__.cpython-313.pyc,159,b36e719ef185beeb0078c2275776efff3126716b20870a396a84346c687e75eb,PENDING,,
BIE_BI_OCR_002.zip,app/bie/book_intelligence/__pycache__/text_ocr.cpython-313.pyc,1620,06be42fdd987258a7c5986ea43e70b3641faa1159b92961c394f5419cb53fe8f,PENDING,,
BIE_BI_OCR_002.zip,docs/bie/TEXT_OCR_SPEC.md,117,323656cfcf85c61f832c14d466d2dd7e7fce34c5e768493502cec6aee5453d73,PENDING,,
BIE_BI_OCR_002.zip,tests/book_intelligence/test_text_ocr.py,691,6dd4f4e05f6a68bc2fd211d84a5815869f3759b2ca5745a1e9a91907b78951bd,PENDING,,
BIE_BI_OCR_002.zip,tests/book_intelligence/__pycache__/test_text_ocr.cpython-313.pyc,2130,28ea5c46673bce0526ecf776acd054a3ee9f0e0c4ff540954024568aad6af1e9,PENDING,,
BIE_BI_OCR_003.zip,TEST_RESULT.txt,1180,da0de3e9aafb4e993c448757f17dcee7dd4ec4cac83a8d237c2acdd6de251dca,PENDING,,
BIE_BI_OCR_003.zip,TASK_RESULT.json,114,62ece8f23a741cda5c6f25b8937f6a42421cb37e71ce45bc6bafccf6f2cbab07,PENDING,,
BIE_BI_OCR_003.zip,app/bie/book_intelligence/math_ocr.py,425,0e5aedce5aa74e26e0f63428d8dddaa349febb0824ab51ba0cf47df028666938,PENDING,,
BIE_BI_OCR_003.zip,app/bie/book_intelligence/__init__.py,0,e3b0c44298fc1c149afbf4c8996fb92427ae41e4649b934ca495991b7852b855,PENDING,,
BIE_BI_OCR_003.zip,app/bie/book_intelligence/__pycache__/__init__.cpython-313.pyc,159,be497397adf8b7e53dad0628cdea988f8a03b4d68ce411df2a7360684efea864,PENDING,,
BIE_BI_OCR_003.zip,app/bie/book_intelligence/__pycache__/math_ocr.cpython-313.pyc,1537,e59d0e378d218966e7978c0211fc2381587cd060f7d376decc004ac0dcee6b08,PENDING,,
BIE_BI_OCR_003.zip,docs/bie/MATH_OCR_SPEC.md,103,edc470e2a0c340f4233a615b395bb81dbc2249418efbe1afdadb5eb123fdba04,PENDING,,
BIE_BI_OCR_003.zip,tests/book_intelligence/test_math_ocr.py,687,cb563fce0fad3c1803e6729924580520287be3e6c6c9a990ce1d8f85f686f377,PENDING,,
BIE_BI_OCR_003.zip,tests/book_intelligence/__pycache__/test_math_ocr.cpython-313.pyc,2128,9aae662066538da5897834b70e4bb1cb872ce1f77a2077acdba716685e2e9314,PENDING,,
BIE_BI_OCR_004.zip,TEST_RESULT.txt,1181,f2cb519aca98f85bdd6553ad8024f849ef5bfe59a1c341ccfc5721de5ba99792,PENDING,,
BIE_BI_OCR_004.zip,TASK_RESULT.json,114,61cf0bbc2642c9f50846583e274252dd039f568ace1562f82725cc8cf7dd8b3e,PENDING,,
BIE_BI_OCR_004.zip,app/bie/book_intelligence/multilingual_ocr.py,470,fad60e723c6625975777d47e9219a1687d850b6733ecf8c34158de63e42df546,PENDING,,
BIE_BI_OCR_004.zip,app/bie/book_intelligence/__init__.py,0,e3b0c44298fc1c149afbf4c8996fb92427ae41e4649b934ca495991b7852b855,PENDING,,
BIE_BI_OCR_004.zip,app/bie/book_intelligence/__pycache__/__init__.cpython-313.pyc,159,4aa8aa2686d142f2d2edcdbc06ce4e5d7494b10c46ae8e3ba4868e81c2cf16e0,PENDING,,
BIE_BI_OCR_004.zip,app/bie/book_intelligence/__pycache__/multilingual_ocr.cpython-313.pyc,1674,07d79c9bd38f2c79b0129100437877477c59620efea4f9a9a721c073b0f87951,PENDING,,
BIE_BI_OCR_004.zip,docs/bie/MULTILINGUAL_OCR_SPEC.md,115,b2eeb4214f7887a9d767094eab8b5e2ad3abcb0138f2f39255609f2f9818acdf,PENDING,,
BIE_BI_OCR_004.zip,tests/book_intelligence/test_multilingual_ocr.py,633,256b72ee0741a920cd818a8617cef80238a4794c2c1c2800e9c8073879792ada,PENDING,,
BIE_BI_OCR_004.zip,tests/book_intelligence/__pycache__/test_multilingual_ocr.cpython-313.pyc,2133,c36f5cf9d51ebab5996388c18bd94e56fd89811c49c3fe8332c2dc425a0f95c5,PENDING,,
BIE_BI_OCR_005.zip,TEST_RESULT.txt,1180,da0de3e9aafb4e993c448757f17dcee7dd4ec4cac83a8d237c2acdd6de251dca,PENDING,,
BIE_BI_OCR_005.zip,TASK_RESULT.json,114,41bf96785d4e169466a051a37f1b362951364bdd7313bfdd5b193fb3124e07e0,PENDING,,
BIE_BI_OCR_005.zip,app/bie/book_intelligence/ocr_confidence.py,534,636698d31cb084fb824a54bb6dda8667e864989749034b2c6aec1a53ff17767f,PENDING,,
BIE_BI_OCR_005.zip,app/bie/book_intelligence/__init__.py,0,e3b0c44298fc1c149afbf4c8996fb92427ae41e4649b934ca495991b7852b855,PENDING,,
BIE_BI_OCR_005.zip,app/bie/book_intelligence/__pycache__/__init__.cpython-313.pyc,159,4ff80e0be2e662a3941fce35038e5d7d4205ba167c02068ca50463793cd66d91,PENDING,,
BIE_BI_OCR_005.zip,app/bie/book_intelligence/__pycache__/ocr_confidence.cpython-313.pyc,1897,f6ea6dae9de213d037388c913b01eb36f69eb7756c380850c47aaa0f8ac5550d,PENDING,,
BIE_BI_OCR_005.zip,docs/bie/OCR_CONFIDENCE_SPEC.md,142,94b69e7ae95f5c0caa50f5150cde64ad574e5b9e6c755c918dacbc608187afec,PENDING,,
BIE_BI_OCR_005.zip,tests/book_intelligence/test_ocr_confidence.py,503,0bacc455f3d62e92a30b7caa1585485552b6ba2a52075645a0c95d1cba021de4,PENDING,,
BIE_BI_OCR_005.zip,tests/book_intelligence/__pycache__/test_ocr_confidence.cpython-313.pyc,1932,cb6cdd0ec2de9f2a62ee155abcbaf9010c44923558502275c00608498615c046,PENDING,,
BIE_BI_OCR_006.zip,TEST_RESULT.txt,1180,da0de3e9aafb4e993c448757f17dcee7dd4ec4cac83a8d237c2acdd6de251dca,PENDING,,
BIE_BI_OCR_006.zip,TASK_RESULT.json,117,680714cd075cc6104168e35a7a4b9bf6d2f97f0199e69f9cdd5e6857df3ceee9,PENDING,,
BIE_BI_OCR_006.zip,app/bie/book_intelligence/__init__.py,0,e3b0c44298fc1c149afbf4c8996fb92427ae41e4649b934ca495991b7852b855,PENDING,,
BIE_BI_OCR_006.zip,app/bie/book_intelligence/ocr_reconciliation.py,560,40d786520d4b3e6cadbbae10e570e6822ec32a11dd85fa3d46bd445c1a4daf60,PENDING,,
BIE_BI_OCR_006.zip,app/bie/book_intelligence/__pycache__/ocr_reconciliation.cpython-313.pyc,1980,b2466af03509c517542b501f4a342e98d5077401dae7c31da065f5f304f19cc2,PENDING,,
BIE_BI_OCR_006.zip,app/bie/book_intelligence/__pycache__/__init__.cpython-313.pyc,159,8ba9b368c6f040859907587cf07402315c9c5295b2380a5b96e790a70151b5ab,PENDING,,
BIE_BI_OCR_006.zip,docs/bie/OCR_RECONCILIATION_SPEC.md,129,a26b919f07246f98ee1b55261c1de6cf3064328ee44325f210a2fdba6289c800,PENDING,,
BIE_BI_OCR_006.zip,tests/book_intelligence/test_ocr_reconciliation.py,669,748d23445503c0e133d9c863ded740261bf1c90f41f15a12bf5071ffbca3e1e6,PENDING,,
BIE_BI_OCR_006.zip,tests/book_intelligence/__pycache__/test_ocr_reconciliation.cpython-313.pyc,2428,c5ace3fe4e24a638e9c4527f190b9a09da04522f1eae4ef8af529d8b661d2886,PENDING,,
BIE_BI_PROV_001.zip,TASK_RESULT.json,149,129db44b19ca7930ec3695806753f2fbc1dc1361adc05aebbf26e03d893e02be,PENDING,,
BIE_BI_PROV_001.zip,TEST_RESULT.txt,1174,73969126e46277e6fdd70200bec6853653b74425eb11cb90b43a83d9a0075296,PENDING,,
BIE_BI_PROV_001.zip,docs/SPEC.md,62,43201e53c2db69789b8b7170abcf80ea91eef43c22522f7e285635bee9aad38d,PENDING,,
BIE_BI_PROV_001.zip,tests/test_source_anchors.py,421,9ef321480d30ef2586609404744e79fb961bc63ec04741eceb8bb9ec4a5a410c,PENDING,,
BIE_BI_PROV_001.zip,tests/__pycache__/test_source_anchors.cpython-313.pyc,1561,3d7dc1a1a0755982279338296f5b61e9f0a9cc4b51fb5e99f34fde345e8bb09c,PENDING,,
BIE_BI_PROV_001.zip,app/bie/book_intelligence/source_anchors.py,340,a53f60359afa9c49bafbbe7a92bc73b1136deba59433f675010809870e724e3e,PENDING,,
BIE_BI_PROV_001.zip,app/bie/book_intelligence/__init__.py,0,e3b0c44298fc1c149afbf4c8996fb92427ae41e4649b934ca495991b7852b855,PENDING,,
BIE_BI_PROV_001.zip,app/bie/book_intelligence/__pycache__/source_anchors.cpython-313.pyc,1417,10b1202224987c82f5acc5f46c59ba068b898beafeddeb72a90d5a1b43877b49,PENDING,,
BIE_BI_PROV_001.zip,app/bie/book_intelligence/__pycache__/__init__.cpython-313.pyc,160,f32a4df1ddc11bc620887e7b5073a4f44fadf04f3c431fd444693b9628601652,PENDING,,
BIE_BI_PROV_002.zip,TASK_RESULT.json,149,cbeded25b1d3e8b5829aad411ffe64c7ca3a4091fbcf83cc629c813052ffc48c,PENDING,,
BIE_BI_PROV_002.zip,TEST_RESULT.txt,1174,73969126e46277e6fdd70200bec6853653b74425eb11cb90b43a83d9a0075296,PENDING,,
BIE_BI_PROV_002.zip,docs/SPEC.md,65,19f90743dbf38a50167a89a0249f8560b6fae61702ddb7be83e5568b62d6c079,PENDING,,
BIE_BI_PROV_002.zip,tests/test_block_provenance.py,371,8f86c6ad222d6d622ebafff1b8447310e437d781a44d10db2b1cfd2f397f4d9e,PENDING,,
BIE_BI_PROV_002.zip,tests/__pycache__/test_block_provenance.cpython-313.pyc,1357,15c47c68271e3e850250b9d96bd2735c3659c23f9f1dbef03e30855ea0e741d5,PENDING,,
BIE_BI_PROV_002.zip,app/bie/book_intelligence/__init__.py,0,e3b0c44298fc1c149afbf4c8996fb92427ae41e4649b934ca495991b7852b855,PENDING,,
BIE_BI_PROV_002.zip,app/bie/book_intelligence/block_provenance.py,250,7385234b7c9592ee4387f6f70866b383f367e25b11e9ca6ed42df5a5172aff86,PENDING,,
BIE_BI_PROV_002.zip,app/bie/book_intelligence/__pycache__/block_provenance.cpython-313.pyc,804,8fd1f4a1a06faad9081e01e639a7fb1e1cfcc1b064fde419972b77999a19ecbf,PENDING,,
BIE_BI_PROV_002.zip,app/bie/book_intelligence/__pycache__/__init__.cpython-313.pyc,160,5ed1befc3ef2ee28ec174733a29c0a6027271cf7186786e46786c63c54ed4bf9,PENDING,,
BIE_BI_PROV_003.zip,TASK_RESULT.json,149,5ecda4055cc12c9df7060dc3210fbe06415a41cf6e72dafcebfdf3102d2f9660,PENDING,,
BIE_BI_PROV_003.zip,TEST_RESULT.txt,1174,73969126e46277e6fdd70200bec6853653b74425eb11cb90b43a83d9a0075296,PENDING,,
BIE_BI_PROV_003.zip,docs/SPEC.md,70,efe696a5b84c9ea2838f20a966a3b5d64934f3a6a480bb1671abf361123ac97e,PENDING,,
BIE_BI_PROV_003.zip,tests/test_coordinate_provenance.py,393,95ca8285448090db330d73719581cc7589487d03e1826dcc78a093f0c6449381,PENDING,,
BIE_BI_PROV_003.zip,tests/__pycache__/test_coordinate_provenance.cpython-313.pyc,1467,57384cc24131f124b6e7c18f1ce7a18e0f94b7695a2617d2d57f7bad6cc21a15,PENDING,,
BIE_BI_PROV_003.zip,app/bie/book_intelligence/__init__.py,0,e3b0c44298fc1c149afbf4c8996fb92427ae41e4649b934ca495991b7852b855,PENDING,,
BIE_BI_PROV_003.zip,app/bie/book_intelligence/coordinate_provenance.py,225,23afa56fa563125b7e5f196d57862eb8634cfc11fed30fa9e7016744ba54c11e,PENDING,,
BIE_BI_PROV_003.zip,app/bie/book_intelligence/__pycache__/coordinate_provenance.cpython-313.pyc,1147,866fd6c5a2662be7b50375db322e8fe9aefc7b721c1efcc45fc633e443a31573,PENDING,,
BIE_BI_PROV_003.zip,app/bie/book_intelligence/__pycache__/__init__.cpython-313.pyc,160,341fd3cce9ecaa494bea71e8ad5c61d4061ebab7f10729d365ac874fa0c75e73,PENDING,,
BIE_BI_PROV_004.zip,TASK_RESULT.json,149,6e8ac555ac5bb6fffbb1f38c8bcf6b9e5b3f1a28312feda9216df2dab0bf554e,PENDING,,
BIE_BI_PROV_004.zip,TEST_RESULT.txt,1174,73969126e46277e6fdd70200bec6853653b74425eb11cb90b43a83d9a0075296,PENDING,,
BIE_BI_PROV_004.zip,docs/SPEC.md,59,8dd2f5ad1232849287ea847cfaa088c215741de94038a7da5b2923a2ea4b61cd,PENDING,,
BIE_BI_PROV_004.zip,tests/test_provenance_confidence.py,380,e20a63fdc7f438e7a759fe7fc4aa3f6cbda3eb19b9427f246ee7e22b4affd4ff,PENDING,,
BIE_BI_PROV_004.zip,tests/__pycache__/test_provenance_confidence.cpython-313.pyc,1307,f5dd964b9f7b59049c8ef32dd6d3f28738993a94c4bac56a2e3bbfbddf5bbcbe,PENDING,,
BIE_BI_PROV_004.zip,app/bie/book_intelligence/provenance_confidence.py,309,77d67c07fdc3d36a4ad5f3368bef8fcf0d719fc5b6ebb5354101172f82da37af,PENDING,,
BIE_BI_PROV_004.zip,app/bie/book_intelligence/__init__.py,0,e3b0c44298fc1c149afbf4c8996fb92427ae41e4649b934ca495991b7852b855,PENDING,,
BIE_BI_PROV_004.zip,app/bie/book_intelligence/__pycache__/provenance_confidence.cpython-313.pyc,1285,168923a322088dcedd7f2a364c2a85b9ae31eed1e10ac3ebca7d4e032212e9ff,PENDING,,
BIE_BI_PROV_004.zip,app/bie/book_intelligence/__pycache__/__init__.cpython-313.pyc,160,db75ebf255a61bb714bd61b1dab9cc6de8d71fb398636462f99e25b8d5baaff7,PENDING,,
BIE_BI_PROV_005.zip,TASK_RESULT.json,149,4e69a58d0610d49cab9170a432bf4387f86e4781c0e37b6f7d76ab1b10ef1971,PENDING,,
BIE_BI_PROV_005.zip,TEST_RESULT.txt,1174,73969126e46277e6fdd70200bec6853653b74425eb11cb90b43a83d9a0075296,PENDING,,
BIE_BI_PROV_005.zip,docs/SPEC.md,55,7cb20aee322522e29f4ef250cf7d1601fbffe8e33928da321789ef6f7e22b640,PENDING,,
BIE_BI_PROV_005.zip,tests/test_cross_page_provenance.py,508,bbe463ad604447e8c6bea87fc289684bac7b9bc9c02b7d75bc0bb88f218a8e1f,PENDING,,
BIE_BI_PROV_005.zip,tests/__pycache__/test_cross_page_provenance.cpython-313.pyc,1484,597594a91f2a6ea6644a2aa193da5ea6d952923433978127138847ad22b2d905,PENDING,,
BIE_BI_PROV_005.zip,app/bie/book_intelligence/__init__.py,0,e3b0c44298fc1c149afbf4c8996fb92427ae41e4649b934ca495991b7852b855,PENDING,,
BIE_BI_PROV_005.zip,app/bie/book_intelligence/cross_page_provenance.py,264,7055ad2cb2196a1762780b900055efdec87dda5e71c6fda5f78650e382686275,PENDING,,
BIE_BI_PROV_005.zip,app/bie/book_intelligence/__pycache__/cross_page_provenance.cpython-313.pyc,976,843e55c1519e40054c5b3a5512f3c6a905ef9259f89482f6a02d9f5171c0f912,PENDING,,
BIE_BI_PROV_005.zip,app/bie/book_intelligence/__pycache__/__init__.cpython-313.pyc,160,74326b68a9b3bc00c083b77be10cad2b375fd05ca9e619859090cf07891b7012,PENDING,,
BIE_BI_PROV_006.zip,TASK_RESULT.json,149,07f81ae38b132875332a33a3401a590e2a721a41aeb52a563ccc47d0eb1687ac,PENDING,,
BIE_BI_PROV_006.zip,TEST_RESULT.txt,1174,73969126e46277e6fdd70200bec6853653b74425eb11cb90b43a83d9a0075296,PENDING,,
BIE_BI_PROV_006.zip,docs/SPEC.md,71,0b717c59e25f4e801e12d788fad2ca26001daba29457f88eff0bacfcfd519cad,PENDING,,
BIE_BI_PROV_006.zip,tests/test_provenance_validation.py,474,3dc6744cf844fd7e1c8953f31b6ff6ecb3dc5dc7199f0fd413d5519a8a744a09,PENDING,,
BIE_BI_PROV_006.zip,tests/__pycache__/test_provenance_validation.cpython-313.pyc,1381,c86b3deba1185900732fcacbadbcf7e07be65eee5ba34d2fa9136e6f71694103,PENDING,,
BIE_BI_PROV_006.zip,app/bie/book_intelligence/__init__.py,0,e3b0c44298fc1c149afbf4c8996fb92427ae41e4649b934ca495991b7852b855,PENDING,,
BIE_BI_PROV_006.zip,app/bie/book_intelligence/provenance_validation.py,377,8e33900daa4a943d9dfb7cca2b34721f92d4ff94fa5a462a9283135b2955b5f5,PENDING,,
BIE_BI_PROV_006.zip,app/bie/book_intelligence/__pycache__/provenance_validation.cpython-313.pyc,1400,29af8f7fd41eb30bfd1bc8cb11862772c296880e469024df89443050047f0bbd,PENDING,,
BIE_BI_PROV_006.zip,app/bie/book_intelligence/__pycache__/__init__.cpython-313.pyc,160,a1ddcb1a638658942de074b3815f08082217cf59a1aa3da26046430ae4f2fdea,PENDING,,
BIE_BI_QA_001.zip,TASK_RESULT.json,145,c5962247949ce97be7547fa33c3164f1c8873b5c5cf9a14f65055dfd186c8fac,PENDING,,
BIE_BI_QA_001.zip,TEST_RESULT.txt,1174,73969126e46277e6fdd70200bec6853653b74425eb11cb90b43a83d9a0075296,PENDING,,
BIE_BI_QA_001.zip,docs/SPEC.md,147,ac3d924a17589319a95070cdf74eb50bce6419455032b102627ccaa12e9a518c,PENDING,,
BIE_BI_QA_001.zip,tests/test_completeness_qa.py,372,8dcad0e6c3d28281b3f0b13f0bb82f417c030e4f635aab8919dafa9d3c804d16,PENDING,,
BIE_BI_QA_001.zip,tests/__pycache__/test_completeness_qa.cpython-313.pyc,1343,c84ec73cc3e2d0312ae5e62128c3fe3978714f1de98cb773d2923b8b98d72684,PENDING,,
BIE_BI_QA_001.zip,app/bie/book_intelligence/completeness_qa.py,359,f2507c9cfb879994a8030378f7c861fc1e24c9b3e10579467f0a75220566ffc4,PENDING,,
BIE_BI_QA_001.zip,app/bie/book_intelligence/__init__.py,0,e3b0c44298fc1c149afbf4c8996fb92427ae41e4649b934ca495991b7852b855,PENDING,,
BIE_BI_QA_001.zip,app/bie/book_intelligence/__pycache__/completeness_qa.cpython-313.pyc,1243,302b1d7904afe4115593d26646fa823b3e01325f2d7cf83fed4ec838a55d70b0,PENDING,,
BIE_BI_QA_001.zip,app/bie/book_intelligence/__pycache__/__init__.cpython-313.pyc,158,cf25df0c1582c3afc869010a347d94542e35a253054f284594b2d3454455b166,PENDING,,
BIE_BI_QA_002.zip,TASK_RESULT.json,145,ca862b287177b9592923f5f63987bad713921292a199bb3d0d6ca66ed15463ad,PENDING,,
BIE_BI_QA_002.zip,TEST_RESULT.txt,1174,73969126e46277e6fdd70200bec6853653b74425eb11cb90b43a83d9a0075296,PENDING,,
BIE_BI_QA_002.zip,docs/SPEC.md,131,17dcafde2ba3582a0c7cfa9c7d1410aa833837003399e629344dbdb4d0d7d842,PENDING,,
BIE_BI_QA_002.zip,tests/test_reading_order_qa.py,389,4785bb69d15b5800986347c1acfaa226e00243d66c2cff2fd3d8465eb4987b3b,PENDING,,
BIE_BI_QA_002.zip,tests/__pycache__/test_reading_order_qa.cpython-313.pyc,1153,aa8e38a008fe45d3d9365929139f74d18abc35b7355e3ccb987ecca86cffb512,PENDING,,
BIE_BI_QA_002.zip,app/bie/book_intelligence/reading_order_qa.py,454,8af2eb9297a3023300a1d8b3fa9ff08d6bc658a1fdfbf4ba71690c29d370774a,PENDING,,
BIE_BI_QA_002.zip,app/bie/book_intelligence/__init__.py,0,e3b0c44298fc1c149afbf4c8996fb92427ae41e4649b934ca495991b7852b855,PENDING,,
BIE_BI_QA_002.zip,app/bie/book_intelligence/__pycache__/reading_order_qa.cpython-313.pyc,1430,7a7559e147593d8023c0572a6ec20242c01cc59c70d19036ca7dc3356dda8f26,PENDING,,
BIE_BI_QA_002.zip,app/bie/book_intelligence/__pycache__/__init__.cpython-313.pyc,158,1ff55de7668b4edbb2efb740baec73db7661282e536dd45736f5f5f5b217f640,PENDING,,
BIE_BI_QA_003.zip,TASK_RESULT.json,145,76b944392390ebd5c8ea1af296fc9f98fa4ce2b89d2d38a3852e653351a5478a,PENDING,,
BIE_BI_QA_003.zip,TEST_RESULT.txt,1174,73969126e46277e6fdd70200bec6853653b74425eb11cb90b43a83d9a0075296,PENDING,,
BIE_BI_QA_003.zip,docs/SPEC.md,126,2102501baaac67df3298b04f4fabe833836d2c013c4bf65a5c5181c39919acf0,PENDING,,
BIE_BI_QA_003.zip,tests/test_ocr_qa.py,340,91b7772f145c5cbc28c2ebea2e880d5301e375c72164cd9bfe57de403aa03c78,PENDING,,
BIE_BI_QA_003.zip,tests/__pycache__/test_ocr_qa.cpython-313.pyc,1233,8692423ff8e4264dcb44a7cf5ecee6b1f7d820e799e736864f9a81d4a609e814,PENDING,,
BIE_BI_QA_003.zip,app/bie/book_intelligence/ocr_qa.py,343,c48d72e2734a0d97b4cd331491391068789b21417323dacdede3c975efae146a,PENDING,,
BIE_BI_QA_003.zip,app/bie/book_intelligence/__init__.py,0,e3b0c44298fc1c149afbf4c8996fb92427ae41e4649b934ca495991b7852b855,PENDING,,
BIE_BI_QA_003.zip,app/bie/book_intelligence/__pycache__/ocr_qa.cpython-313.pyc,1316,254147cfc2f562efec86dbedb32f386d3b041abe0980dda381cde1c3c704bfea,PENDING,,
BIE_BI_QA_003.zip,app/bie/book_intelligence/__pycache__/__init__.cpython-313.pyc,158,79e2f4b4d700f2fe15be0fe13d38a002e24d3af6aaa2c7496585ef2b6e819039,PENDING,,
BIE_BI_QA_004.zip,TASK_RESULT.json,145,f5954eefecba233a355601be0a28d0fddd6a8e5bc862bc96a0fa62287c474ff3,PENDING,,
BIE_BI_QA_004.zip,TEST_RESULT.txt,1174,73969126e46277e6fdd70200bec6853653b74425eb11cb90b43a83d9a0075296,PENDING,,
BIE_BI_QA_004.zip,docs/SPEC.md,137,38a1d1d7e8345e16cc0fc9b84a2f7ad559d3051f1adb323d55940027df7b1583,PENDING,,
BIE_BI_QA_004.zip,tests/test_structural_qa.py,433,4b89e44b6c2e3056170b977261e1f8c382712b3b3710cf2c07608f0b9eb7c342,PENDING,,
BIE_BI_QA_004.zip,tests/__pycache__/test_structural_qa.cpython-313.pyc,1193,371d7240b2e4126a5739ffa379313c45505009b00c88da6f4dd4a8c4f403789d,PENDING,,
BIE_BI_QA_004.zip,app/bie/book_intelligence/structural_qa.py,349,c3b7c8aac9f071dffda29bd89a54d024b393c5d28bbc5af8604120397db43eea,PENDING,,
BIE_BI_QA_004.zip,app/bie/book_intelligence/__init__.py,0,e3b0c44298fc1c149afbf4c8996fb92427ae41e4649b934ca495991b7852b855,PENDING,,
BIE_BI_QA_004.zip,app/bie/book_intelligence/__pycache__/structural_qa.cpython-313.pyc,1111,454676773583ca45d3e7b7fb42a4bb9a1d3058083cdfb80857e3abb819ecec8b,PENDING,,
BIE_BI_QA_004.zip,app/bie/book_intelligence/__pycache__/__init__.cpython-313.pyc,158,3d813759d56bee262f9355dfc8c84c3337487b0326c606b8cbf6f99eac2db482,PENDING,,
BIE_BI_QA_005.zip,TASK_RESULT.json,150,c1fdc19812d89ca281b4592f536a611515d89ea6b0556f41e666fca1f1d649f9,PENDING,,
BIE_BI_QA_005.zip,TEST_RESULT.txt,1174,73969126e46277e6fdd70200bec6853653b74425eb11cb90b43a83d9a0075296,PENDING,,
BIE_BI_QA_005.zip,docs/SPEC.md,129,792df457e20c0af032910b5d53413999a2d2c2bed563af0b3b92609a0b21a360,PENDING,,
BIE_BI_QA_005.zip,tests/test_source_loss_qa.py,375,d6b504bbdccb630f6dd8f3d036bb7e9e73b904d19e5ce0a94f4be0c1d525e8ca,PENDING,,
BIE_BI_QA_005.zip,tests/__pycache__/test_source_loss_qa.cpython-313.pyc,1256,bb25d1983e4fb8ffaff20532b8a90eb0211b9c9d3cdb3f8cca8d938633407f2a,PENDING,,
BIE_BI_QA_005.zip,app/bie/book_intelligence/__init__.py,0,e3b0c44298fc1c149afbf4c8996fb92427ae41e4649b934ca495991b7852b855,PENDING,,
BIE_BI_QA_005.zip,app/bie/book_intelligence/source_loss_qa.py,424,fb8d91e08f986766ebb6e55d9d1e54403620b313ea21765cec9e2054addb7d8c,PENDING,,
BIE_BI_QA_005.zip,app/bie/book_intelligence/__pycache__/source_loss_qa.cpython-313.pyc,1151,f4b079448c897311a50671cd0dda17007c4d4158f1076d1404151575c12441f0,PENDING,,
BIE_BI_QA_005.zip,app/bie/book_intelligence/__pycache__/__init__.cpython-313.pyc,158,41269c7c6de146d3860d58ed3c38486a536e02f5f991c975daa3486688eae2ac,PENDING,,
BIE_BI_STRUCT_001.zip,TEST_RESULT.txt,1180,da0de3e9aafb4e993c448757f17dcee7dd4ec4cac83a8d237c2acdd6de251dca,PENDING,,
BIE_BI_STRUCT_001.zip,TASK_RESULT.json,120,4d44546f56df01390d3ad394fd5ffeba0314020f5d8e7f5adeebf8d94a7a8323,PENDING,,
BIE_BI_STRUCT_001.zip,app/bie/book_intelligence/__init__.py,0,e3b0c44298fc1c149afbf4c8996fb92427ae41e4649b934ca495991b7852b855,PENDING,,
BIE_BI_STRUCT_001.zip,app/bie/book_intelligence/chapter_structure.py,574,390661f2349b6d79d27647d4ab96174668c1ecccc8e918ccfd93f06dabf0c009,PENDING,,
BIE_BI_STRUCT_001.zip,app/bie/book_intelligence/__pycache__/chapter_structure.cpython-313.pyc,1723,b2cf20bccd0aff04f6908f9355a01341e8644dd70b7e3a36796f354077310864,PENDING,,
BIE_BI_STRUCT_001.zip,app/bie/book_intelligence/__pycache__/__init__.cpython-313.pyc,162,c7672014c33891442f9236447ba7a2d0a21c84f89ba5e3e9515fbfa7726f7435,PENDING,,
BIE_BI_STRUCT_001.zip,docs/bie/CHAPTER_STRUCTURE_SPEC.md,89,4adcf5cceaf49019b336f983adfe3f1b0d43ef838ce4f805a76b8bcfdb66c8ce,PENDING,,
BIE_BI_STRUCT_001.zip,tests/book_intelligence/test_chapter_structure.py,701,a24b0f0c8fde9d039cc744ac3056d2af6e76bb180b4e73440b9f2815d0b7032c,PENDING,,
BIE_BI_STRUCT_001.zip,tests/book_intelligence/__pycache__/test_chapter_structure.cpython-313.pyc,2446,7cc17a79bfe11d51535145a6585a4373bb3fdb9db49633312254a8cb2b352c16,PENDING,,
BIE_BI_STRUCT_002.zip,TEST_RESULT.txt,1179,c467fe92fb82537ec073726bdf048de734b664497b1d837f9cf47db16ac03db2,PENDING,,
BIE_BI_STRUCT_002.zip,TASK_RESULT.json,120,229b5fc8cc4ef138bc93282355f9b67e15678ad07ff4620bc349fb8d270f97f2,PENDING,,
BIE_BI_STRUCT_002.zip,app/bie/book_intelligence/__init__.py,0,e3b0c44298fc1c149afbf4c8996fb92427ae41e4649b934ca495991b7852b855,PENDING,,
BIE_BI_STRUCT_002.zip,app/bie/book_intelligence/section_structure.py,612,c98a1e515590d64d62a4ad0f64866113652fabe4dbee277e4ba8a10b4f0e5570,PENDING,,
BIE_BI_STRUCT_002.zip,app/bie/book_intelligence/__pycache__/__init__.cpython-313.pyc,162,3482273af8d8476566bb45d7cd63d07c4dd372ea5b2f2ca1bb1ba1fd756700f6,PENDING,,
BIE_BI_STRUCT_002.zip,app/bie/book_intelligence/__pycache__/section_structure.cpython-313.pyc,1855,b7ba88a7394ffa6b78ea2a074c8f381a2c22a0188e1512621c388f37b9ad4867,PENDING,,
BIE_BI_STRUCT_002.zip,docs/bie/SECTION_STRUCTURE_SPEC.md,83,9fbd45d27cdb207c8d41caf3e4e220554f3607e7a127ec5acda5180ab4fef876,PENDING,,
BIE_BI_STRUCT_002.zip,tests/book_intelligence/test_section_structure.py,612,12e1e61b6d6471942c8ac06bfbb86792e885e9c8f651eb56e2b0f97175d1b114,PENDING,,
BIE_BI_STRUCT_002.zip,tests/book_intelligence/__pycache__/test_section_structure.cpython-313.pyc,2178,399fcc2af1b0356d6a84a2b2a824aaa614d84e2cea7d7b110c6e6f63fed53a6e,PENDING,,
BIE_BI_STRUCT_003.zip,TEST_RESULT.txt,1179,c467fe92fb82537ec073726bdf048de734b664497b1d837f9cf47db16ac03db2,PENDING,,
BIE_BI_STRUCT_003.zip,TASK_RESULT.json,120,c0b03b54e01bc96f15c55eaaa1a8dc5e543a0051f4b815c040c69a79b6377765,PENDING,,
BIE_BI_STRUCT_003.zip,app/bie/book_intelligence/subsection_structure.py,368,cb8afe3a4b40bad0a19e592fadc2fd75befdf1e62b0561eea836702ced1b1c02,PENDING,,
BIE_BI_STRUCT_003.zip,app/bie/book_intelligence/__init__.py,0,e3b0c44298fc1c149afbf4c8996fb92427ae41e4649b934ca495991b7852b855,PENDING,,
BIE_BI_STRUCT_003.zip,app/bie/book_intelligence/__pycache__/__init__.cpython-313.pyc,162,eb10d5ccf20730760368aa44b66aea3470fe025525fc95997a1a6c80d307aa0d,PENDING,,
BIE_BI_STRUCT_003.zip,app/bie/book_intelligence/__pycache__/subsection_structure.cpython-313.pyc,1233,d0672058b1bfb65f7fc911cfbf2fb8274ac834d08d15873d9a60ed47a62af6c3,PENDING,,
BIE_BI_STRUCT_003.zip,docs/bie/SUBSECTION_STRUCTURE_SPEC.md,106,c11568d57f071495b8914e797fc395803d1ac276097b14e142979d6fecf2d915,PENDING,,
BIE_BI_STRUCT_003.zip,tests/book_intelligence/test_subsection_structure.py,731,7a4163614b2f9cacc5da59a59ee9d09d915ce2b2ac88129dba099afe43e0e17d,PENDING,,
BIE_BI_STRUCT_003.zip,tests/book_intelligence/__pycache__/test_subsection_structure.cpython-313.pyc,2003,5daaf42e77c8209790e00fd3e9d2009c4e0ad9e865508060e860b2cf6f5a7285,PENDING,,
BIE_BI_STRUCT_004.zip,TEST_RESULT.txt,1179,c467fe92fb82537ec073726bdf048de734b664497b1d837f9cf47db16ac03db2,PENDING,,
BIE_BI_STRUCT_004.zip,TASK_RESULT.json,120,701989f8ac78a7f855d4f1b3da026e3a5cecaf6559c2596a975dd3e9db698b9c,PENDING,,
BIE_BI_STRUCT_004.zip,app/bie/book_intelligence/glossary_structure.py,598,c062705df0fd6883e9381b545fb1c1ce44ba6b1bdd4f3f40ff5989906a0b2e53,PENDING,,
BIE_BI_STRUCT_004.zip,app/bie/book_intelligence/__init__.py,0,e3b0c44298fc1c149afbf4c8996fb92427ae41e4649b934ca495991b7852b855,PENDING,,
BIE_BI_STRUCT_004.zip,app/bie/book_intelligence/__pycache__/__init__.cpython-313.pyc,162,5ebe5711ed31feb4035fc9b39b1448cf6ca91ddaa4bf01d029935ec1a01363c8,PENDING,,
BIE_BI_STRUCT_004.zip,app/bie/book_intelligence/__pycache__/glossary_structure.cpython-313.pyc,1374,856a605da5d136825dc1eccb80b4b727dadc317dc1c098e1d954760228c62121,PENDING,,
BIE_BI_STRUCT_004.zip,docs/bie/GLOSSARY_STRUCTURE_SPEC.md,109,fc81ab2ccfd1c079ae5f722055885740aa5379fe515584832cab50fdf4178088,PENDING,,
BIE_BI_STRUCT_004.zip,tests/book_intelligence/test_glossary_structure.py,638,e61b47c3bc4c54aac0893ca62f95a188847d3bee9b922527b2d9082d9c2e7eb9,PENDING,,
BIE_BI_STRUCT_004.zip,tests/book_intelligence/__pycache__/test_glossary_structure.cpython-313.pyc,1855,b3a2a24e372af15f486b4f9ef3d7b9041a8eabb7cd6f90442d53642400065a6a,PENDING,,
BIE_BI_STRUCT_005.zip,TEST_RESULT.txt,1179,c467fe92fb82537ec073726bdf048de734b664497b1d837f9cf47db16ac03db2,PENDING,,
BIE_BI_STRUCT_005.zip,TASK_RESULT.json,120,15f96e47f78eb99cd1dd5f9aa0d5f8bd9b7d062e3999ff79abe1ad9190fd20ad,PENDING,,
BIE_BI_STRUCT_005.zip,app/bie/book_intelligence/__init__.py,0,e3b0c44298fc1c149afbf4c8996fb92427ae41e4649b934ca495991b7852b855,PENDING,,
BIE_BI_STRUCT_005.zip,app/bie/book_intelligence/index_structure.py,355,325126bb75814ac0f7a330bd3a61c48a4dec356b27d37cf0baae16f71b56d21f,PENDING,,
BIE_BI_STRUCT_005.zip,app/bie/book_intelligence/__pycache__/__init__.cpython-313.pyc,162,d605d434c9e995be4ca888b8e5c0163f807194ed082612fbe25122e5285ef60c,PENDING,,
BIE_BI_STRUCT_005.zip,app/bie/book_intelligence/__pycache__/index_structure.cpython-313.pyc,1389,f49fdfeb1e8fa8cefbfb85afafe47b8d312c9ec25015a237cae0237c44c19b1d,PENDING,,
BIE_BI_STRUCT_005.zip,docs/bie/INDEX_STRUCTURE_SPEC.md,117,99f996659d32e6bfcd1cc3b2333b6e77e89b57c3dedc315931dcfb0f7286ddfe,PENDING,,
BIE_BI_STRUCT_005.zip,tests/book_intelligence/test_index_structure.py,491,e60e4aa0286a4acf7edefccf9492f37f7b6a4abacfb5b0d878e0c14ab5691741,PENDING,,
BIE_BI_STRUCT_005.zip,tests/book_intelligence/__pycache__/test_index_structure.cpython-313.pyc,1733,077b24641375d0d9d56f24066884d9a71a3389249734b01e2ffd4b6034c090a4,PENDING,,
BIE_BI_STRUCT_006.zip,TEST_RESULT.txt,1179,c467fe92fb82537ec073726bdf048de734b664497b1d837f9cf47db16ac03db2,PENDING,,
BIE_BI_STRUCT_006.zip,TASK_RESULT.json,120,edbc384b2d01df9ed42ed3890fdc0f0c8a7ec0451600441b1a66e957d1c76b9c,PENDING,,
BIE_BI_STRUCT_006.zip,app/bie/book_intelligence/appendix_structure.py,386,69eec0fb413923a79e0d4e2e74b3f60a1d1e1bb1ccff2cfa2b145585d049bcac,PENDING,,
BIE_BI_STRUCT_006.zip,app/bie/book_intelligence/__init__.py,0,e3b0c44298fc1c149afbf4c8996fb92427ae41e4649b934ca495991b7852b855,PENDING,,
BIE_BI_STRUCT_006.zip,app/bie/book_intelligence/__pycache__/__init__.cpython-313.pyc,162,76b84288ed872dc2e293d1e929252d49edcf3ced8a894153568fed99de356d0d,PENDING,,
BIE_BI_STRUCT_006.zip,app/bie/book_intelligence/__pycache__/appendix_structure.cpython-313.pyc,1267,e6745fcde4a2d6527f596173accdf5ada9eeb2611f049d8a5cdbaac5efd68453,PENDING,,
BIE_BI_STRUCT_006.zip,docs/bie/APPENDIX_STRUCTURE_SPEC.md,110,2f7215b27e94cf5eb3e8317a90857ee2e946d77bba08c638aaba3e1289e45eb1,PENDING,,
BIE_BI_STRUCT_006.zip,tests/book_intelligence/test_appendix_structure.py,713,2399f738f99e274cf543a6cc96de5bcb5f9f6e2881889b0d81abaf7e17c0f269,PENDING,,
BIE_BI_STRUCT_006.zip,tests/book_intelligence/__pycache__/test_appendix_structure.cpython-313.pyc,1946,d7bc34355ede0e5769fa48fee27ed2f311e8704f200fae9e0ccc660ff44ff426,PENDING,,
BIE_BI_STRUCT_007.zip,TASK_RESULT.json,153,1e6bc949f21ec347ada5bb98a0686aebe69abe6887e4f4ed1e41f630b5b39d31,PENDING,,
BIE_BI_STRUCT_007.zip,TEST_RESULT.txt,1174,73969126e46277e6fdd70200bec6853653b74425eb11cb90b43a83d9a0075296,PENDING,,
BIE_BI_STRUCT_007.zip,docs/SPEC.md,82,508b9757d5f3a64010b42f510578f168e855f58c48c96689c953db3bf66dc125,PENDING,,
BIE_BI_STRUCT_007.zip,tests/test_references_structure.py,412,27777784e300abfaae3577bd34998573b5321c8b3a6a988e78e22d4c6dbbe916,PENDING,,
BIE_BI_STRUCT_007.zip,tests/__pycache__/test_references_structure.cpython-313.pyc,1348,6bcbb60e4da36126eee64ea1dbd87a0e2209943c34abe76a2d2c60839adf1c12,PENDING,,
BIE_BI_STRUCT_007.zip,app/bie/book_intelligence/__init__.py,0,e3b0c44298fc1c149afbf4c8996fb92427ae41e4649b934ca495991b7852b855,PENDING,,
BIE_BI_STRUCT_007.zip,app/bie/book_intelligence/references_structure.py,305,ac06131eaf31986bef059ea8a6d1a9dd7fe777eb9a60e2cecf7a1761270f5568,PENDING,,
BIE_BI_STRUCT_007.zip,app/bie/book_intelligence/__pycache__/references_structure.cpython-313.pyc,1178,de4eb8e9562080d052f12b4dc04880dea21ed3a3af4e5ae98a4a561fe89fa30d,PENDING,,
BIE_BI_STRUCT_007.zip,app/bie/book_intelligence/__pycache__/__init__.cpython-313.pyc,162,8decba040cce8f04e40515f8d44fb321e9ed3a84a4f6e15fbb0572d9ac06a790,PENDING,,
BIE_BI_STRUCT_008.zip,TASK_RESULT.json,153,ce431ad2a1cdd7d83c24f2602ee67f1fccf637530c3aa059c43b83c89e4e6c2b,PENDING,,
BIE_BI_STRUCT_008.zip,TEST_RESULT.txt,1174,73969126e46277e6fdd70200bec6853653b74425eb11cb90b43a83d9a0075296,PENDING,,
BIE_BI_STRUCT_008.zip,docs/SPEC.md,81,13d73979e65359996875cb6a33a2be466eb6ab15d18a9a2325c422aa14e688b4,PENDING,,
BIE_BI_STRUCT_008.zip,tests/test_exercise_structure.py,448,3849aecf82501f0fb1272410208bacb34a96796e0e05ce9093d0d857d23d09c7,PENDING,,
BIE_BI_STRUCT_008.zip,tests/__pycache__/test_exercise_structure.cpython-313.pyc,1375,707244bcbe59861b49cee88c79a6aaed287bf7f18de28699cba50ecf8e12d0f2,PENDING,,
BIE_BI_STRUCT_008.zip,app/bie/book_intelligence/exercise_structure.py,446,d343afffbffb8b7a45f2f16d2be6a4f1596946939e9e1a1477d41080b718c399,PENDING,,
BIE_BI_STRUCT_008.zip,app/bie/book_intelligence/__init__.py,0,e3b0c44298fc1c149afbf4c8996fb92427ae41e4649b934ca495991b7852b855,PENDING,,
BIE_BI_STRUCT_008.zip,app/bie/book_intelligence/__pycache__/exercise_structure.cpython-313.pyc,1342,b8ce5a4a0a623cf0cac6a451c3b55e6201d3206cc63e8f06459a0b5bdbbe7794,PENDING,,
BIE_BI_STRUCT_008.zip,app/bie/book_intelligence/__pycache__/__init__.cpython-313.pyc,162,8864281d0e63a8d34c8a8ec0fd1849ebd6e00eb4f64517e1b601494c5fa5db13,PENDING,,
BIE_BI_STRUCT_009.zip,TASK_RESULT.json,153,176452d860bc2802cc2cb426535bea4888fbf915f7312c597125ea19597758b6,PENDING,,
BIE_BI_STRUCT_009.zip,TEST_RESULT.txt,1174,73969126e46277e6fdd70200bec6853653b74425eb11cb90b43a83d9a0075296,PENDING,,
BIE_BI_STRUCT_009.zip,docs/SPEC.md,89,19b418e4aa5b60686f25bccd07b9ebfa4ca363e1f528a917b03e9db88c038314,PENDING,,
BIE_BI_STRUCT_009.zip,tests/test_worked_examples.py,394,b69fde55106616f2170b708edc73f21f04bded0ffb36cb8cb0336cd9b39d76b7,PENDING,,
BIE_BI_STRUCT_009.zip,tests/__pycache__/test_worked_examples.cpython-313.pyc,1445,f492e465572b41800411234d0258e365ad31a1070165bf09f48509ff1ccf75e8,PENDING,,
BIE_BI_STRUCT_009.zip,app/bie/book_intelligence/__init__.py,0,e3b0c44298fc1c149afbf4c8996fb92427ae41e4649b934ca495991b7852b855,PENDING,,
BIE_BI_STRUCT_009.zip,app/bie/book_intelligence/worked_examples.py,357,0a5fd2ebd7143e73ffb443829e4d1956451f10cfd638500397813cd60d96af52,PENDING,,
BIE_BI_STRUCT_009.zip,app/bie/book_intelligence/__pycache__/worked_examples.cpython-313.pyc,1418,d276975015cdd00c9ba8c5634d8a4f02dea42a5a189a47295653bdff09235e86,PENDING,,
BIE_BI_STRUCT_009.zip,app/bie/book_intelligence/__pycache__/__init__.cpython-313.pyc,162,d2668b096e69922fc27584ba594c00a243e3ad48b280766ef60e0902f7e9e4ac,PENDING,,
BIE_BI_STRUCT_010.zip,TASK_RESULT.json,151,6f17cfd519301c6bd4c1f558c75ecafd457202cf810673c89489028cad72aa01,PENDING,,
BIE_BI_STRUCT_010.zip,TEST_RESULT.txt,1174,73969126e46277e6fdd70200bec6853653b74425eb11cb90b43a83d9a0075296,PENDING,,
BIE_BI_STRUCT_010.zip,docs/SPEC.md,90,8f3b40b6970ca7f667be8695b85663221143e31e251d2a1ec845c321c7328af1,PENDING,,
BIE_BI_STRUCT_010.zip,tests/test_learning_objectives.py,451,b48357e59652003d2dfa610b261b1587e45ea97b23a1f1f79558f8e72a01aa83,PENDING,,
BIE_BI_STRUCT_010.zip,tests/__pycache__/test_learning_objectives.cpython-313.pyc,1362,4c7a3420fd29478b0143a8a8cf7d3a294e0609c2665dfe958dcf4b588b160871,PENDING,,
BIE_BI_STRUCT_010.zip,app/bie/book_intelligence/__init__.py,0,e3b0c44298fc1c149afbf4c8996fb92427ae41e4649b934ca495991b7852b855,PENDING,,
BIE_BI_STRUCT_010.zip,app/bie/book_intelligence/learning_objectives.py,310,28c0544ed248869d9eb4e9e19058831ee8af4f0186e3f5784e5cd33bd5266ae7,PENDING,,
BIE_BI_STRUCT_010.zip,app/bie/book_intelligence/__pycache__/learning_objectives.cpython-313.pyc,1164,c8bdec2244bde46541bd84ec0b426a00c38877985e53a96b28013197661148db,PENDING,,
BIE_BI_STRUCT_010.zip,app/bie/book_intelligence/__pycache__/__init__.cpython-313.pyc,162,3bec837d266b90bea1cc3b8f0eea058c38aaf86075388193730a6cab62154390,PENDING,,
BIE_BI_TABLE_001.zip,TEST_RESULT.txt,1180,da0de3e9aafb4e993c448757f17dcee7dd4ec4cac83a8d237c2acdd6de251dca,PENDING,,
BIE_BI_TABLE_001.zip,TASK_RESULT.json,118,a1170d60905e0b626432a2b570972910bb18d4c9bd789a610d232db05511c3d1,PENDING,,
BIE_BI_TABLE_001.zip,app/bie/book_intelligence/__init__.py,0,e3b0c44298fc1c149afbf4c8996fb92427ae41e4649b934ca495991b7852b855,PENDING,,
BIE_BI_TABLE_001.zip,app/bie/book_intelligence/table_detection.py,371,c43502b51135876baec52d7611a02dbdefdec1d72e7f8e53c50b09aef4f4747b,PENDING,,
BIE_BI_TABLE_001.zip,app/bie/book_intelligence/__pycache__/table_detection.cpython-313.pyc,1439,023e6246a5f4e1b5e1ba0dc08b9c2af25b07749e337c8239689df72b8ad40865,PENDING,,
BIE_BI_TABLE_001.zip,app/bie/book_intelligence/__pycache__/__init__.cpython-313.pyc,161,6f7af82cbc25894231bffd3cd7857d883d6ad0a29397c3b4509f45a963033cf3,PENDING,,
BIE_BI_TABLE_001.zip,docs/bie/TABLE_DETECTION_SPEC.md,91,7fbd550e82ec357637d9b5bbefadc5c4d49d7e537f94807f0f009f1b614ce2f2,PENDING,,
BIE_BI_TABLE_001.zip,tests/book_intelligence/test_table_detection.py,607,948e6afdb1c81c09cd6e3ef3b080bbc9f0a5547aa84662db3146e073483aa597,PENDING,,
BIE_BI_TABLE_001.zip,tests/book_intelligence/__pycache__/test_table_detection.cpython-313.pyc,2085,1688e198bf29039e2785ccd0315fe44bb0df9fad2c1fd4dc2ef7113a9761a697,PENDING,,
BIE_BI_TABLE_002.zip,TEST_RESULT.txt,1180,da0de3e9aafb4e993c448757f17dcee7dd4ec4cac83a8d237c2acdd6de251dca,PENDING,,
BIE_BI_TABLE_002.zip,TASK_RESULT.json,118,5234e1989fca0815a2d277ee7b7d58c39ea355e37522ffd25d2671c32b3a47e5,PENDING,,
BIE_BI_TABLE_002.zip,app/bie/book_intelligence/__init__.py,0,e3b0c44298fc1c149afbf4c8996fb92427ae41e4649b934ca495991b7852b855,PENDING,,
BIE_BI_TABLE_002.zip,app/bie/book_intelligence/table_cells.py,416,501a60656abfdde0730fa2e443336a1993c6bf0eaef92a38d252b578a7517475,PENDING,,
BIE_BI_TABLE_002.zip,app/bie/book_intelligence/__pycache__/__init__.cpython-313.pyc,161,47c289f7909eeb97f9b73a07f889b73ca7436896e7a4c0d7218488c83a9d1b96,PENDING,,
BIE_BI_TABLE_002.zip,app/bie/book_intelligence/__pycache__/table_cells.cpython-313.pyc,1502,5e25ccef101babf99393a90f750d166f41014f652d3447dffc51f6543972cae9,PENDING,,
BIE_BI_TABLE_002.zip,docs/bie/TABLE_CELLS_SPEC.md,88,97e7d89b480cec3571a414282ded2c65a07e102585009b8f549bce7f4a37c1dc,PENDING,,
BIE_BI_TABLE_002.zip,tests/book_intelligence/test_table_cells.py,613,05076665ce2266e71aa7ce0c10f9fbe9fbc10f02161d5f8917fe5e55fafb747c,PENDING,,
BIE_BI_TABLE_002.zip,tests/book_intelligence/__pycache__/test_table_cells.cpython-313.pyc,2343,b1f466812c32a52dfbe276f3d8a7de9aeeab3e9e9329f2e497dff4765e21ae29,PENDING,,
BIE_BI_TABLE_003.zip,TEST_RESULT.txt,1179,c467fe92fb82537ec073726bdf048de734b664497b1d837f9cf47db16ac03db2,PENDING,,
BIE_BI_TABLE_003.zip,TASK_RESULT.json,118,55213b25d23d87ece4ddff5c4f2b437ba2064ad88990f3d722f322a4ca75dcdb,PENDING,,
BIE_BI_TABLE_003.zip,app/bie/book_intelligence/merged_cells.py,522,70a376397887e5c0ad494c35b5a86299bb247e5bee918496e24ee220537da937,PENDING,,
BIE_BI_TABLE_003.zip,app/bie/book_intelligence/__init__.py,0,e3b0c44298fc1c149afbf4c8996fb92427ae41e4649b934ca495991b7852b855,PENDING,,
BIE_BI_TABLE_003.zip,app/bie/book_intelligence/__pycache__/__init__.cpython-313.pyc,161,a88ede4f232ca7113efce87ba1faccac9d72739a662fb6e8a0ccdb1c2d27e274,PENDING,,
BIE_BI_TABLE_003.zip,app/bie/book_intelligence/__pycache__/merged_cells.cpython-313.pyc,1885,43848771bd200c42648e0d4c143825b8a91caf3f961a885b4ca54586fe10afa1,PENDING,,
BIE_BI_TABLE_003.zip,docs/bie/MERGED_CELLS_SPEC.md,94,46c6bccd6f139b5700fd02c9ea04ef0d21ff675655c40a669b58ca6f8aadadd7,PENDING,,
BIE_BI_TABLE_003.zip,tests/book_intelligence/test_merged_cells.py,514,5292d28c737a305def8afa751313226f5e95cf4c5c51936af3e9f1734f490aeb,PENDING,,
BIE_BI_TABLE_003.zip,tests/book_intelligence/__pycache__/test_merged_cells.cpython-313.pyc,1890,1d87458a5babb716b9f6774d677bbdfee8952156dbe9498e94b924cbb8d47dca,PENDING,,
BIE_BI_TABLE_004.zip,TEST_RESULT.txt,1180,da0de3e9aafb4e993c448757f17dcee7dd4ec4cac83a8d237c2acdd6de251dca,PENDING,,
BIE_BI_TABLE_004.zip,TASK_RESULT.json,118,011c1d5017b70a37da46f09da9ce3f6b782bf67ce96dd3be170ccb6c3b7ca557,PENDING,,
BIE_BI_TABLE_004.zip,app/bie/book_intelligence/table_semantics.py,447,12083f4736f10ec1163186f38b4b5791912af09c67831adae10d7d81d5c50b04,PENDING,,
BIE_BI_TABLE_004.zip,app/bie/book_intelligence/__init__.py,0,e3b0c44298fc1c149afbf4c8996fb92427ae41e4649b934ca495991b7852b855,PENDING,,
BIE_BI_TABLE_004.zip,app/bie/book_intelligence/__pycache__/table_semantics.cpython-313.pyc,1579,21f898aa83fe51e9ed7b42f6930c1a99d00fab64ce2b0e167413a60d419139b8,PENDING,,
BIE_BI_TABLE_004.zip,app/bie/book_intelligence/__pycache__/__init__.cpython-313.pyc,161,fe75a3ec30a9c41faf8949ef3f56d398afa5b789a7c23019990087c580ce89ee,PENDING,,
BIE_BI_TABLE_004.zip,docs/bie/TABLE_SEMANTICS_SPEC.md,125,4e7720bcaf7481892949ce9b78f578713263b6a9f70801f8546f7c5b27069009,PENDING,,
BIE_BI_TABLE_004.zip,tests/book_intelligence/test_table_semantics.py,552,862e00afbd3fab04a7ddac38fb86655c6c78480d4069436d9eda4ea118a650fa,PENDING,,
BIE_BI_TABLE_004.zip,tests/book_intelligence/__pycache__/test_table_semantics.cpython-313.pyc,2014,8fc0e5dc9c29e6dccd40a6c22bcd0f5edb91a77efb8824b718959e6ca8e4f582,PENDING,,
BIE_BI_TABLE_005.zip,TEST_RESULT.txt,1180,da0de3e9aafb4e993c448757f17dcee7dd4ec4cac83a8d237c2acdd6de251dca,PENDING,,
BIE_BI_TABLE_005.zip,TASK_RESULT.json,115,4bb5c7a07f997c13e022de6da02ee3a06ccb7cd2148cb26da115d7fe3fa106ed,PENDING,,
BIE_BI_TABLE_005.zip,app/bie/book_intelligence/table_structured_data.py,545,315bd62158ada96b741915766e05eed03e9c8463d43bc6d98673914bb64648db,PENDING,,
BIE_BI_TABLE_005.zip,app/bie/book_intelligence/__init__.py,0,e3b0c44298fc1c149afbf4c8996fb92427ae41e4649b934ca495991b7852b855,PENDING,,
BIE_BI_TABLE_005.zip,app/bie/book_intelligence/__pycache__/__init__.cpython-313.pyc,161,545719fbfa6526345e9bbe0f511389217e0b13d7962b51d29c3ec7108deea74a,PENDING,,
BIE_BI_TABLE_005.zip,app/bie/book_intelligence/__pycache__/table_structured_data.cpython-313.pyc,1551,e5a58ed88e99742a1d5ddfb1786a39a41210506bdc58a14b306ace22a7874ac5,PENDING,,
BIE_BI_TABLE_005.zip,docs/bie/TABLE_STRUCTURED_DATA_SPEC.md,107,9e28e8f158dc5690a1f1036d1c034bb187b1cda9e6f2a6264a689a5689492eca,PENDING,,
BIE_BI_TABLE_005.zip,tests/book_intelligence/test_table_structured_data.py,654,91a506bd441e8ae5bdd4c4dd3026996125a61edb85b4d79892083f5059e650f6,PENDING,,
BIE_BI_TABLE_005.zip,tests/book_intelligence/__pycache__/test_table_structured_data.cpython-313.pyc,2178,34d8ff93fb5f8bdee38424c1def76cc56d2b352c2abfc8b5bb969f90a6edea2b,PENDING,,
BIE_DSL_CORE_001.zip,TASK_RESULT.json,401,13da450a4c44453b9c4e064e6e954c1e8888906a4f83e8b75d770d2420572d2c,PENDING,,
BIE_DSL_CORE_001.zip,TEST_RESULT.txt,862,2b4dd30f30d32612e9dde62bbfd7d9d18d6239948fe81522b6f2e3e85483d134,PENDING,,
BIE_DSL_CORE_001.zip,docs/bie/scene-ir-example.json,3983,ec42808549fcefb793950f4204ed09505604a54df42afa7fd9c211292feb7ab9,PENDING,,
BIE_DSL_CORE_001.zip,docs/bie/SCENE_DSL_SPEC.md,2753,e76aeb370a2da81e5332a2e0deecaf4368fd6a1ffdf7cc650ca1505a3dd63063,PENDING,,
BIE_DSL_CORE_001.zip,docs/bie/SCENE_IR_MIGRATION_PLAN.md,689,6a8240b89769d7dc54c3299a028c69f39a77897367dd508b067261c0f426476a,PENDING,,
BIE_DSL_CORE_001.zip,app/bie/scene_ir/__init__.py,0,e3b0c44298fc1c149afbf4c8996fb92427ae41e4649b934ca495991b7852b855,PENDING,,
BIE_DSL_CORE_001.zip,app/bie/scene_ir/contracts.py,6490,2a7a7c5ae3f514c49af6eb7b5592ee915dc5e381178c3c1a9257a3a3ebea4a3f,PENDING,,
BIE_DSL_CORE_001.zip,app/bie/scene_ir/__pycache__/__init__.cpython-313.pyc,152,6d99ad6eadcc46790a66369532a8f72d6503736c65bf5d00ced5f9321ce65cc7,PENDING,,
BIE_DSL_CORE_001.zip,app/bie/scene_ir/__pycache__/contracts.cpython-313.pyc,11646,6cb56f1baa520559eab73a2a509cc884d2f8175c974169e6abb68665243f5cdf,PENDING,,
BIE_DSL_CORE_001.zip,tests/scene_ir/test_scene_ir_contracts.py,2366,62186fc5be39dc5835af06195edf6735d48bfc30aecaba7e7a884db4837b022a,PENDING,,
BIE_DSL_CORE_001.zip,tests/scene_ir/__pycache__/test_scene_ir_contracts.cpython-313.pyc,5459,e7db090ce241bf26538f5f26018a25e1d28322cd112787a91be525e11d184d28,PENDING,,
BIE_ENTERPRISE_AUDIT_001.zip,AUDIT_REPORT.md,2883,7a2ed92a026baac7d4d8d8fcd7c5482182fe8fd2d1f6e375a48c46a66562044c,PENDING,,
BIE_ENTERPRISE_AUDIT_001.zip,AUDIT_REPORT.json,12004,71595c475ad65a824ca167e8a9c7b8333eb5dc03f2a4eef165e69245387204b9,PENDING,,
BIE_ENTERPRISE_AUDIT_001.zip,NEXT_TASK.json,1568,386f5f04d04ad895eaa7143996f775e9b8c7c683069ce2309e8d1389bdc81872,PENDING,,
BIE_ENTERPRISE_AUDIT_001.zip,REPOSITORY_CLASSIFICATION.csv,7888,4a437ae545434cdd2278bf801596a5e63de30b96bcbcbd0f0992ffac48b0bef7,PENDING,,
BIE_ENTERPRISE_PHASE_0.zip,README.md,340,9ad98b4533a7e88539987931528ed64523761423d2f2142820a5471077de1226,PENDING,,
BIE_ENTERPRISE_PHASE_0.zip,docs/bie/SYSTEM_MAP.json,303,12aab7ec5907e30fa0cc62bfee1b5ef658b70d40bd1f3eb7fd06fbe781134e68,PENDING,,
BIE_ENTERPRISE_PHASE_0.zip,docs/bie/TASK_SCHEMA.json,1400,90fce11d752a76a6e4abc7cc7478a456cbe44f5046b9ae1f61cac4021b1341c6,PENDING,,
BIE_ENTERPRISE_PHASE_0.zip,docs/bie/TASK_DEPENDENCY_GRAPH.json,423,fc097ab0238e7cac59c770af8f17501ebcc023d4aef4791e19bb4985f7d27b27,PENDING,,
BIE_ENTERPRISE_PHASE_0.zip,docs/bie/DECISION_LOG.md,524,cdded5ee7993833c5eb4bfc34c96bc5b50441a2bde01fdfa013866e6315a529e,PENDING,,
BIE_ENTERPRISE_PHASE_0.zip,docs/bie/TASK_REGISTRY.json,2484,5e1241266db012cb9b6dd5e0dd7306e5d39970b49ed7a056f64b4ca102e7d318,PENDING,,
BIE_ENTERPRISE_PHASE_0.zip,docs/bie/BIE_MASTER_SPEC.md,4097,2e5502a329a3037718d4940c4e91ba9f41139403cd8a6dd29bd276839cdc699b,PENDING,,
BIE_ENTERPRISE_PHASE_0.zip,docs/bie/ARCHITECTURE.md,1815,d7bc8c4f24751451b4cbf5dd40fe1eaafffcf4e83e14fd5ece47df75e0cdb33f,PENDING,,
BIE_ENTERPRISE_PHASE_0.zip,docs/bie/CURRENT_STATE.md,849,9805fca01f65a968451452960b3cab93a52ee1f35ea5486c05aee9ab6ac80548,PENDING,,
BIE_GAME_DSL_001.zip,TASK_RESULT.json,408,dccd2392c22ccf6e52178592ccdb2c61ceb155951057d5f37a320456ca538364,PENDING,,
BIE_GAME_DSL_001.zip,TEST_RESULT.txt,864,e815702131f7499a3075bf13faba96f91dcc5d87110dafcf2f77cb87bb9b670e,PENDING,,
BIE_GAME_DSL_001.zip,docs/bie/GAME_IR_MIGRATION_PLAN.md,626,83f9035d5fef9c127b6695f886d00d4538319f50733ca0fc0f814d884d834632,PENDING,,
BIE_GAME_DSL_001.zip,docs/bie/game-ir-example.json,5408,61fe5e4bc7c89f23a937559582c88e5518eec00e3c96159394e94d1d49570d7b,PENDING,,
BIE_GAME_DSL_001.zip,docs/bie/GAME_SPEC.md,3086,a6dc7a91789f4db3f5f720294d77efca66c82aaf97710f15e545565979b97866,PENDING,,
BIE_GAME_DSL_001.zip,app/bie/game_ir/__init__.py,0,e3b0c44298fc1c149afbf4c8996fb92427ae41e4649b934ca495991b7852b855,PENDING,,
BIE_GAME_DSL_001.zip,app/bie/game_ir/contracts.py,10207,c3d6dabba6a1b4ff172d8ce7ada10d21d8911206cf45b11e4a3e4ff2e57e5b05,PENDING,,
BIE_GAME_DSL_001.zip,app/bie/game_ir/__pycache__/__init__.cpython-313.pyc,151,49e456299ab5a7abfb4f3b8ad822829365033185b8936d837acae623c0dd5a85,PENDING,,
BIE_GAME_DSL_001.zip,app/bie/game_ir/__pycache__/contracts.cpython-313.pyc,16945,a0162c7ab0626a9fdaaf12517141313ef059655505a335db3ebc5f98aed608e9,PENDING,,
BIE_GAME_DSL_001.zip,tests/game_ir/test_game_ir_contracts.py,2929,8b5cdb110a4ffc63d040751a513b289ca73ea1ac4f5c8efd559e4fad8c105489,PENDING,,
BIE_GAME_DSL_001.zip,tests/game_ir/__pycache__/test_game_ir_contracts.cpython-313.pyc,6668,f619f7deff0b3d5ba0da0ea234a1ab12a819dc1c206b34b180dc4551c9463d27,PENDING,,
BIE_INFRA_API_001.zip,TEST_RESULT.txt,1180,da0de3e9aafb4e993c448757f17dcee7dd4ec4cac83a8d237c2acdd6de251dca,PENDING,,
BIE_INFRA_API_001.zip,TASK_RESULT.json,120,d36e166afdd7e3ca1482ba081ec24607c6f8166882601cdcbef1a2715594a1cd,PENDING,,
BIE_INFRA_API_001.zip,app/bie/enterprise/run_api.py,596,dd705608a9af47fb8785d192fffcec84ffabb7681ed2d73e7ae46b74fef3a90f,PENDING,,
BIE_INFRA_API_001.zip,app/bie/enterprise/__init__.py,0,e3b0c44298fc1c149afbf4c8996fb92427ae41e4649b934ca495991b7852b855,PENDING,,
BIE_INFRA_API_001.zip,app/bie/enterprise/__pycache__/__init__.cpython-313.pyc,155,6615ca4924a924e28ee2474c8e9ac5d3ca341f6833b6cd041c432b8db428cd21,PENDING,,
BIE_INFRA_API_001.zip,app/bie/enterprise/__pycache__/run_api.cpython-313.pyc,2187,cb21bd0e48e9388f56918da700db332152083ed55fdb7f62b9daa8b99ffd75f5,PENDING,,
BIE_INFRA_API_001.zip,docs/bie/RUN_API_SPEC.md,118,acdd39a1d3e0f6f6a77aa5d3aa5003cb9b7c8e2db8e027cb5271f1ec01b234c8,PENDING,,
BIE_INFRA_API_001.zip,tests/enterprise/test_run_api.py,860,684a3a7edc32e396b0e7e2d6844ab40e5cd74666083e793d930cc6ddcb806578,PENDING,,
BIE_INFRA_API_001.zip,tests/enterprise/__pycache__/test_run_api.cpython-313.pyc,3531,d32ebedc5d4ab5e3af3669d46225627a26bb54d37f6fba704e8a0f2d3f669d87,PENDING,,
BIE_INFRA_API_002.zip,TEST_RESULT.txt,1181,f2cb519aca98f85bdd6553ad8024f849ef5bfe59a1c341ccfc5721de5ba99792,PENDING,,
BIE_INFRA_API_002.zip,TASK_RESULT.json,120,fece698d4121d4b6b8f3490efd15b52eefc3b4114901d5443ea8a327ba31ce84,PENDING,,
BIE_INFRA_API_002.zip,app/bie/enterprise/task_api.py,523,30c3ddce6289e2917330cc79f3b5ebdec73e57abc143a8b88ff6d8d308a298c4,PENDING,,
BIE_INFRA_API_002.zip,app/bie/enterprise/__init__.py,0,e3b0c44298fc1c149afbf4c8996fb92427ae41e4649b934ca495991b7852b855,PENDING,,
BIE_INFRA_API_002.zip,app/bie/enterprise/__pycache__/__init__.cpython-313.pyc,155,3fdd92caf8a1d50cd8701215f178f0e420178d012eb707a7a9303a58d3287871,PENDING,,
BIE_INFRA_API_002.zip,app/bie/enterprise/__pycache__/task_api.cpython-313.pyc,1916,3314db28fae812c87374c3af94dad71593fe8a8222e117c661d8899a43ef2d65,PENDING,,
BIE_INFRA_API_002.zip,docs/bie/TASK_API_SPEC.md,112,a8158d51dca846006cf4d59c593f763e028dc553d4eb855788ca9b79a40af586,PENDING,,
BIE_INFRA_API_002.zip,tests/enterprise/test_task_api.py,873,da490d39582f0490766572a09b9abaab5391922b58b932a28f010ade501f82fe,PENDING,,
BIE_INFRA_API_002.zip,tests/enterprise/__pycache__/test_task_api.cpython-313.pyc,3439,68547bbd848899cdfdb4e2ff2f7d102358a1a982fa8a15efeda4887770126361,PENDING,,
BIE_INFRA_API_003.zip,TEST_RESULT.txt,1179,c467fe92fb82537ec073726bdf048de734b664497b1d837f9cf47db16ac03db2,PENDING,,
BIE_INFRA_API_003.zip,TASK_RESULT.json,120,44bf056a86997abe52fd34c41d6cc29a107751daa449fa56a5a56c7de8462d70,PENDING,,
BIE_INFRA_API_003.zip,app/bie/enterprise/artifact_api.py,493,de05c2719447fcc516caa4bb002cb40df12c4566c3cd0ae02d75911834aeab56,PENDING,,
BIE_INFRA_API_003.zip,app/bie/enterprise/__init__.py,0,e3b0c44298fc1c149afbf4c8996fb92427ae41e4649b934ca495991b7852b855,PENDING,,
BIE_INFRA_API_003.zip,app/bie/enterprise/__pycache__/__init__.cpython-313.pyc,155,008737d04ded1fa1fc0cc5cd00dda0684e20c187ab52b991e520a08cf228ac71,PENDING,,
BIE_INFRA_API_003.zip,app/bie/enterprise/__pycache__/artifact_api.cpython-313.pyc,1645,4c7cfc929d9bc05b5ac62458cd4abe39ea343c411dfcca9829e8fd3dd7058b7e,PENDING,,
BIE_INFRA_API_003.zip,docs/bie/ARTIFACT_API_SPEC.md,114,df81f0c2d813b8e23c409112ed4d27f0d9df416e46af8ad3e1ec1fd68e32a560,PENDING,,
BIE_INFRA_API_003.zip,tests/enterprise/test_artifact_api.py,647,7cd433f6e72044580357f74aa6fc4330bf6ec0909e6f7a47cd63f24226cd29de,PENDING,,
BIE_INFRA_API_003.zip,tests/enterprise/__pycache__/test_artifact_api.cpython-313.pyc,2685,95722f4186c221972c081fecbb9d48472be78b0808275ae03ae22547e0315936,PENDING,,
BIE_INFRA_API_004.zip,TEST_RESULT.txt,1180,da0de3e9aafb4e993c448757f17dcee7dd4ec4cac83a8d237c2acdd6de251dca,PENDING,,
BIE_INFRA_API_004.zip,TASK_RESULT.json,120,ccd1f09c637666b1b26fc5dc13778e9f758b31b076c444e5b4b00d55bc5a4831,PENDING,,
BIE_INFRA_API_004.zip,app/bie/enterprise/__init__.py,0,e3b0c44298fc1c149afbf4c8996fb92427ae41e4649b934ca495991b7852b855,PENDING,,
BIE_INFRA_API_004.zip,app/bie/enterprise/evidence_api.py,376,e91a98407ca1293d5d4c60086a47171b91c339a196e6c75fc0499dde378cd972,PENDING,,
BIE_INFRA_API_004.zip,app/bie/enterprise/__pycache__/__init__.cpython-313.pyc,155,af17a21a9d8ec6caf40a65c88f6bf00225ff4d001afc79fb083a6750a811f096,PENDING,,
BIE_INFRA_API_004.zip,app/bie/enterprise/__pycache__/evidence_api.cpython-313.pyc,1762,c085e65802cd5617172dc352e9c98a8b02cd5b9a502c122656f39accbbd9a84c,PENDING,,
BIE_INFRA_API_004.zip,docs/bie/EVIDENCE_API_SPEC.md,92,ae2b76c87ee5de4cc0cbaa4f341525464765796595388802a2ed928a1c1eb7d7,PENDING,,
BIE_INFRA_API_004.zip,tests/enterprise/test_evidence_api.py,747,a2b60b5b26d8178ee3498adfe1544c4438acd2979fa35ef2f44a090c53aea948,PENDING,,
BIE_INFRA_API_004.zip,tests/enterprise/__pycache__/test_evidence_api.cpython-313.pyc,2951,9f82e6d2e5e1abb511842c99c2b53b374f98a1a9dc575f216eca6d8681f8d1b1,PENDING,,
BIE_INFRA_API_005.zip,TEST_RESULT.txt,1180,da0de3e9aafb4e993c448757f17dcee7dd4ec4cac83a8d237c2acdd6de251dca,PENDING,,
BIE_INFRA_API_005.zip,TASK_RESULT.json,120,1c0e9d9b7e0a3998a41a0e82107aa49d450973f95a1650a33fd4086ea897581c,PENDING,,
BIE_INFRA_API_005.zip,app/bie/enterprise/__init__.py,0,e3b0c44298fc1c149afbf4c8996fb92427ae41e4649b934ca495991b7852b855,PENDING,,
BIE_INFRA_API_005.zip,app/bie/enterprise/benchmark_api.py,522,89db9b64a68fd030633a196c12d45339a35404ec2d2cce5f9f67bc8a6919bdae,PENDING,,
BIE_INFRA_API_005.zip,app/bie/enterprise/__pycache__/__init__.cpython-313.pyc,155,ddd3a035519a0cdf5d19aa34499a2457dfdc260c10bc45e3de687ba5f00276d4,PENDING,,
BIE_INFRA_API_005.zip,app/bie/enterprise/__pycache__/benchmark_api.cpython-313.pyc,1810,820e7be71d0c548a34f32ff502578f4c5b76219015722e844f4ed1b711144878,PENDING,,
BIE_INFRA_API_005.zip,docs/bie/BENCHMARK_API_SPEC.md,113,e6bec68c3cf8935927a868cf946c162148d92efe9d8756334cde0c178c20622b,PENDING,,
BIE_INFRA_API_005.zip,tests/enterprise/test_benchmark_api.py,774,2a0abd3c00b2078ee6492b4b7211982a6e3bdc0a48360ca18abdae58836507fc,PENDING,,
BIE_INFRA_API_005.zip,tests/enterprise/__pycache__/test_benchmark_api.cpython-313.pyc,3135,dc88e651d1833bbe27dea28ed61c6eae429818cb4304e90fed553edea050e96f,PENDING,,
BIE_INFRA_API_006.zip,TEST_RESULT.txt,1180,da0de3e9aafb4e993c448757f17dcee7dd4ec4cac83a8d237c2acdd6de251dca,PENDING,,
BIE_INFRA_API_006.zip,TASK_RESULT.json,120,295d9256f893dc2944180625cd4ef10f7ca4a429bec659b07768669683fc2bb3,PENDING,,
BIE_INFRA_API_006.zip,app/bie/enterprise/release_api.py,577,92cd83d7fb4be208e6227026c840280bd6ed137d18e364b964b1037925e1e2d4,PENDING,,
BIE_INFRA_API_006.zip,app/bie/enterprise/__init__.py,0,e3b0c44298fc1c149afbf4c8996fb92427ae41e4649b934ca495991b7852b855,PENDING,,
BIE_INFRA_API_006.zip,app/bie/enterprise/__pycache__/__init__.cpython-313.pyc,155,40cea2879925c48d4542e46618dfc3e013faab1b509ece755cbe132fcab5b6fa,PENDING,,
BIE_INFRA_API_006.zip,app/bie/enterprise/__pycache__/release_api.cpython-313.pyc,1724,10b47bb39c12be9ed3c8d0cd8c695623318eb284aab98b3cf98a3523989bec94,PENDING,,
BIE_INFRA_API_006.zip,docs/bie/RELEASE_API_SPEC.md,105,ff3d764ed46b6f9e199eeff036d12512cfc766077c210d853e64997cfad3889b,PENDING,,
BIE_INFRA_API_006.zip,tests/enterprise/test_release_api.py,897,574780f74b83605b8702d23de140e644b11b3a7c50ded7e0e316c28b68ca4bdf,PENDING,,
BIE_INFRA_API_006.zip,tests/enterprise/__pycache__/test_release_api.cpython-313.pyc,3638,5235e8198be848e24b60ecf7736f960b861d4b43af2a7a78a2a4305ed1f575de,PENDING,,
BIE_INFRA_API_007.zip,TEST_RESULT.txt,1181,f2cb519aca98f85bdd6553ad8024f849ef5bfe59a1c341ccfc5721de5ba99792,PENDING,,
BIE_INFRA_API_007.zip,TASK_RESULT.json,123,365912375672fedf63c9be29183d830a21dd847b9620a410575bcf9f6057d192,PENDING,,
BIE_INFRA_API_007.zip,app/bie/enterprise/__init__.py,0,e3b0c44298fc1c149afbf4c8996fb92427ae41e4649b934ca495991b7852b855,PENDING,,
BIE_INFRA_API_007.zip,app/bie/enterprise/event_stream.py,695,33ed377ed7849f477ae16eca1ff8caaf6201f151a1614e4426bf907bcebfdd44,PENDING,,
BIE_INFRA_API_007.zip,app/bie/enterprise/__pycache__/event_stream.cpython-313.pyc,2430,71461b6bf7b91027874f5efb529f01e1ca2800abf2fbd583cd8d55aa7402817a,PENDING,,
BIE_INFRA_API_007.zip,app/bie/enterprise/__pycache__/__init__.cpython-313.pyc,155,de8d09c6d636acd5bf090ac96498ace5f28bc2aa0cade509652c0e69b2971a64,PENDING,,
BIE_INFRA_API_007.zip,docs/bie/EVENT_STREAM_SPEC.md,154,aa1d6562f0d86bc372ba631f891066ade0c023dacfe2c56c82125642f30d749f,PENDING,,
BIE_INFRA_API_007.zip,tests/enterprise/test_event_stream.py,785,a3da622667d5a208cf157440986c79edf6f6ff8bf661e1af54602904bf3f0a74,PENDING,,
BIE_INFRA_API_007.zip,tests/enterprise/__pycache__/test_event_stream.cpython-313.pyc,2800,d273e9250917d2f9b71e76356045d3ffd5fad9be969444c8a86a52dd118a7778,PENDING,,
BIE_INFRA_ARTIFACT_STORE_001.zip,TEST_RESULT.txt,1186,46f61b7be7b83cecb1ae96da8db70a6e10de90086d6a5c9a2172e6a4e06a2fd9,PENDING,,
BIE_INFRA_ARTIFACT_STORE_001.zip,TASK_RESULT.json,531,a046835758528c33969bf74b2799e8d7f412569eaa80ac249b300b7d47eec2e3,PENDING,,
BIE_INFRA_ARTIFACT_STORE_001.zip,app/bie/enterprise/artifact_store.py,6320,e1c92bbdd9bebf8d7dda4aa8b78c5585a12d48d80e74606c51675f0ceaa57c91,PENDING,,
BIE_INFRA_ARTIFACT_STORE_001.zip,app/bie/enterprise/__init__.py,0,e3b0c44298fc1c149afbf4c8996fb92427ae41e4649b934ca495991b7852b855,PENDING,,
BIE_INFRA_ARTIFACT_STORE_001.zip,app/bie/enterprise/__pycache__/__init__.cpython-313.pyc,166,f3988285a3115ea3a87a0043942f37b5558ee62fc72ba458790160089948bc0f,PENDING,,
BIE_INFRA_ARTIFACT_STORE_001.zip,app/bie/enterprise/__pycache__/artifact_store.cpython-313.pyc,13410,39f1a26150d5f266d46f36424391accd32a89ad219e2529c5dab254d16f85688,PENDING,,
BIE_INFRA_ARTIFACT_STORE_001.zip,docs/bie/ARTIFACT_STORE_INTEGRATION.md,732,cbe3c3a984a837c4a16b489591d28409dc38ca49177da1c27051a9abb4805bda,PENDING,,
BIE_INFRA_ARTIFACT_STORE_001.zip,docs/bie/ARTIFACT_STORE_SPEC.md,1935,5729cfbc74c57cb4efb02003d4d9465f7ecfc68ef5cf9edcf210432ba0fb0c3a,PENDING,,
BIE_INFRA_ARTIFACT_STORE_001.zip,tests/enterprise/test_artifact_store.py,2787,c726f3366f983962ef6144b780a5003e0c817d2408a464c270da683cc3fa8df3,PENDING,,
BIE_INFRA_ARTIFACT_STORE_001.zip,tests/enterprise/__pycache__/test_artifact_store.cpython-313.pyc,7531,6d598be8e8be0de73a8f0dad16edb90dafb9cffd454f2b77fd0c011572380da2,PENDING,,
BIE_INFRA_CONFIG_001.zip,TEST_RESULT.txt,1183,7f68379cd8c2f6b1a7ecd5dac71da98fabb0a2d9a274ab060caa2f499a568746,PENDING,,
BIE_INFRA_CONFIG_001.zip,TASK_RESULT.json,126,67c407e768823d65e4d654652565d46d584000100ceadde5d064de32764f41cc,PENDING,,
BIE_INFRA_CONFIG_001.zip,app/bie/enterprise/__init__.py,0,e3b0c44298fc1c149afbf4c8996fb92427ae41e4649b934ca495991b7852b855,PENDING,,
BIE_INFRA_CONFIG_001.zip,app/bie/enterprise/run_config.py,1507,45d1551adc49bd5259cd9bfce8fda03825186fba79bfb46f31765e889f8688c2,PENDING,,
BIE_INFRA_CONFIG_001.zip,app/bie/enterprise/__pycache__/run_config.cpython-313.pyc,2949,c08559db266866e9c56b30417c168d6bb50748e2272fe2c7cb8ff67202d1df58,PENDING,,
BIE_INFRA_CONFIG_001.zip,app/bie/enterprise/__pycache__/__init__.cpython-313.pyc,158,9f8b4079429a6b3eb69c6f1be6fdf66001db677339f7c56be08534b2ae28809f,PENDING,,
BIE_INFRA_CONFIG_001.zip,docs/bie/RUN_CONFIG_SPEC.md,111,0b062d1d55c2da39818d8e75ccc140e64c246bb2eb89b0bec6794115241246cc,PENDING,,
BIE_INFRA_CONFIG_001.zip,tests/enterprise/test_run_config.py,1120,d08dd052980f300afc458995eb4a0b3cdd84af08bc2fc558fac1e2381bb17aa2,PENDING,,
BIE_INFRA_CONFIG_001.zip,tests/enterprise/__pycache__/test_run_config.cpython-313.pyc,3423,246338edb00f02b5bf9faa7c19c66461b63f61aa01e2213834eb3a144bb737b2,PENDING,,
BIE_INFRA_CONFIG_002.zip,TEST_RESULT.txt,1182,0817e5cf2064854335cc7e4806421123b91fb4ee0546ebc72354f37154920c1b,PENDING,,
BIE_INFRA_CONFIG_002.zip,TASK_RESULT.json,126,d5bb54a3b03197cf89457d3b8f5d4b01453eda63227b22cf205e6e9c5b0c0c74,PENDING,,
BIE_INFRA_CONFIG_002.zip,app/bie/enterprise/__init__.py,0,e3b0c44298fc1c149afbf4c8996fb92427ae41e4649b934ca495991b7852b855,PENDING,,
BIE_INFRA_CONFIG_002.zip,app/bie/enterprise/config_hashing.py,553,749e97b681bbf764f6d40f8adcfa8caa853f0451ff26b4d3bd72963801510fab,PENDING,,
BIE_INFRA_CONFIG_002.zip,app/bie/enterprise/__pycache__/__init__.cpython-313.pyc,158,980c7c854da1877a3196e761c69354e467e5a07d243e3db03eed3f3b7d64d9fe,PENDING,,
BIE_INFRA_CONFIG_002.zip,app/bie/enterprise/__pycache__/config_hashing.cpython-313.pyc,1568,91562a35bf0102842824ef6f9b34de9280db8d6644d68c1b4e0532d4d4f4d451,PENDING,,
BIE_INFRA_CONFIG_002.zip,docs/bie/CONFIG_HASHING_SPEC.md,94,754c49bf38c44723e5585fb99087b5df28b78f3adebfb3e3cf4a62235966d37a,PENDING,,
BIE_INFRA_CONFIG_002.zip,tests/enterprise/test_config_hashing.py,748,10ff0bef4d9b6a9e755bb3a4c000045cf6210d1383ae5db2ba98d525e7044e3c,PENDING,,
BIE_INFRA_CONFIG_002.zip,tests/enterprise/__pycache__/test_config_hashing.cpython-313.pyc,2534,68eda56499b7a608990ffbe6b26a72ad8f79460f053827e6968afeb88e0c49f9,PENDING,,
BIE_INFRA_CONFIG_003.zip,TEST_RESULT.txt,1182,0817e5cf2064854335cc7e4806421123b91fb4ee0546ebc72354f37154920c1b,PENDING,,
BIE_INFRA_CONFIG_003.zip,TASK_RESULT.json,126,c90b54683af5a1735ec7706348ff0da8b17f715501e3f56ba73a45cb5904eda0,PENDING,,
BIE_INFRA_CONFIG_003.zip,app/bie/enterprise/policy_inheritance.py,676,ffd7469e9bb2fc8da4e9ff4c4a3aa4e85de78805e5ab20dce7c7f8d3e1a94235,PENDING,,
BIE_INFRA_CONFIG_003.zip,app/bie/enterprise/__init__.py,0,e3b0c44298fc1c149afbf4c8996fb92427ae41e4649b934ca495991b7852b855,PENDING,,
BIE_INFRA_CONFIG_003.zip,app/bie/enterprise/__pycache__/__init__.cpython-313.pyc,158,ce74ccac13e328043be068f79140a7195052b9c4fcbd4ec71ae186dad93c5837,PENDING,,
BIE_INFRA_CONFIG_003.zip,app/bie/enterprise/__pycache__/policy_inheritance.cpython-313.pyc,1614,a74bcec78d087000fd07bfd01bbf81c998496a170c5bbb0395a5bf2afebd0cc1,PENDING,,
BIE_INFRA_CONFIG_003.zip,docs/bie/POLICY_INHERITANCE_SPEC.md,120,8aa7d0a4c3e01b9e6af0c54555296fcf5c2a47771e61699cd7e1b25103e782c1,PENDING,,
BIE_INFRA_CONFIG_003.zip,tests/enterprise/test_policy_inheritance.py,927,d63ef79ec04f888c7ad461b9179655d0ce6d3c58f764659a1f9579442d72139f,PENDING,,
BIE_INFRA_CONFIG_003.zip,tests/enterprise/__pycache__/test_policy_inheritance.cpython-313.pyc,2656,4e299bc2dad25ac4cf8d2314416a69eba80dc9185781ea1e4b9f3254443fe47f,PENDING,,
BIE_INFRA_CONFIG_004.zip,TEST_RESULT.txt,1181,75a09c6113c3a3ffc5841396a6b5e63c71c0f2a397fc815484d1479ff4985b07,PENDING,,
BIE_INFRA_CONFIG_004.zip,TASK_RESULT.json,126,33020e535eedc600637f92c79908f9c0ee594c0db77f8acb297eb1ce3d1effd5,PENDING,,
BIE_INFRA_CONFIG_004.zip,app/bie/enterprise/__init__.py,0,e3b0c44298fc1c149afbf4c8996fb92427ae41e4649b934ca495991b7852b855,PENDING,,
BIE_INFRA_CONFIG_004.zip,app/bie/enterprise/environment_fingerprint.py,714,f8ac42f6d50d74e86cc8ac3b252a5e8de9f92bdfd50a5a84a2292d7ce23186e1,PENDING,,
BIE_INFRA_CONFIG_004.zip,app/bie/enterprise/__pycache__/environment_fingerprint.cpython-313.pyc,1774,a2aa8d490ee4b0c011d26b5afc55bf0dba2f9718d09c49502dffef36eef3b7a4,PENDING,,
BIE_INFRA_CONFIG_004.zip,app/bie/enterprise/__pycache__/__init__.cpython-313.pyc,158,c12517bf17d9d81f6a23cb019e4bcb1386a0f499601a4137bd3b66ebade0d545,PENDING,,
BIE_INFRA_CONFIG_004.zip,docs/bie/ENVIRONMENT_FINGERPRINT_SPEC.md,123,5a71cade773035f50e6244aaa4cd1324fa3eb0da6eb473335eaf55ebc71a9da7,PENDING,,
BIE_INFRA_CONFIG_004.zip,tests/enterprise/test_environment_fingerprint.py,805,51a0c370c6c39ad0c44e4b54039215414a7dae5576072174252b126c3edc01bc,PENDING,,
BIE_INFRA_CONFIG_004.zip,tests/enterprise/__pycache__/test_environment_fingerprint.cpython-313.pyc,2368,6e85d7cbb507d97cbd7b176e12e17d2e12881eee60a0f4de72f7249752f4ea2c,PENDING,,
BIE_INFRA_CONFIG_005.zip,TEST_RESULT.txt,1181,f2cb519aca98f85bdd6553ad8024f849ef5bfe59a1c341ccfc5721de5ba99792,PENDING,,
BIE_INFRA_CONFIG_005.zip,TASK_RESULT.json,126,06f1c3e24c1a89b8049b6f9498e7e37e8a74b5e3ee44922e145d34095deb780d,PENDING,,
BIE_INFRA_CONFIG_005.zip,app/bie/enterprise/__init__.py,0,e3b0c44298fc1c149afbf4c8996fb92427ae41e4649b934ca495991b7852b855,PENDING,,
BIE_INFRA_CONFIG_005.zip,app/bie/enterprise/feature_flags.py,817,bf3441187320834fd67748442132b5995b168deef82d2c6554a3f2167b037a10,PENDING,,
BIE_INFRA_CONFIG_005.zip,app/bie/enterprise/__pycache__/feature_flags.cpython-313.pyc,2602,109f7d82786e02cfde18503bb30c170172876fd995ccb71515dbe044772906d0,PENDING,,
BIE_INFRA_CONFIG_005.zip,app/bie/enterprise/__pycache__/__init__.cpython-313.pyc,158,0b6c5d6d52da7d8f6eb315b1f26996cff307db7a608ab1da9bd9ef906735726f,PENDING,,
BIE_INFRA_CONFIG_005.zip,docs/bie/FEATURE_FLAGS_SPEC.md,111,5b56a48ee7eaa62c3abe6b3de1f94c4ed1869cdf31a5b077a6841dd2e39d22e2,PENDING,,
BIE_INFRA_CONFIG_005.zip,tests/enterprise/test_feature_flags.py,875,1d686d1aeef9a8cd0f610b150ac5f078232763069b44af6a79f94eea70d9305a,PENDING,,
BIE_INFRA_CONFIG_005.zip,tests/enterprise/__pycache__/test_feature_flags.cpython-313.pyc,2726,8187c7c334e2c78da929e53381d448dd766f8d78c2a66b97fc575f2de9be17cf,PENDING,,
BIE_INFRA_CONFIG_006.zip,TEST_RESULT.txt,1182,0817e5cf2064854335cc7e4806421123b91fb4ee0546ebc72354f37154920c1b,PENDING,,
BIE_INFRA_CONFIG_006.zip,TASK_RESULT.json,125,ac12e0528220134f90019ff7ab207a86863e010e74e959e55365d34220498e82,PENDING,,
BIE_INFRA_CONFIG_006.zip,app/bie/enterprise/deterministic_seed.py,675,af73cef3b17b30c4f966045f8b0779cbd20990df68057ff4de45f68b00929300,PENDING,,
BIE_INFRA_CONFIG_006.zip,app/bie/enterprise/__init__.py,0,e3b0c44298fc1c149afbf4c8996fb92427ae41e4649b934ca495991b7852b855,PENDING,,
BIE_INFRA_CONFIG_006.zip,app/bie/enterprise/__pycache__/deterministic_seed.cpython-313.pyc,1684,81963536942ec280605223014ce2e5d650c0ae617743e1400c056de5541345e4,PENDING,,
BIE_INFRA_CONFIG_006.zip,app/bie/enterprise/__pycache__/__init__.cpython-313.pyc,158,30b879c918b7a5a6a533bb15943fb2c073d03562135a8585d43fa55500cff9d1,PENDING,,
BIE_INFRA_CONFIG_006.zip,docs/bie/DETERMINISTIC_SEED_SPEC.md,122,7833e4c4b3005259721fac554635bc25c35766928f91b23b94012eba33a1fe04,PENDING,,
BIE_INFRA_CONFIG_006.zip,tests/enterprise/test_deterministic_seed.py,866,b47f715739ed7f3889a13d3ff7316039ffff6b328e3ba2cda01c05b8bd0cd6a7,PENDING,,
BIE_INFRA_CONFIG_006.zip,tests/enterprise/__pycache__/test_deterministic_seed.cpython-313.pyc,2877,3b1a2588e2a6c5730542bb88abe317653a1dc1f8ca8b1e69cfe20ced44835341,PENDING,,
BIE_INFRA_CONTRACT_001.zip,TASK_RESULT.json,644,730489a235679503a34d4cabfd7466e1e93813eb3e58e85053f214974a8d763a,PENDING,,
BIE_INFRA_CONTRACT_001.zip,TEST_RESULT.txt,859,67de56e9c2c90fc0789b457f6c688c84eaf3045c11b3c660aeb84df73b731b73,PENDING,,
BIE_INFRA_CONTRACT_001.zip,docs/bie/artifact-envelope.schema.json,3973,51954bb9f96176810507d9df47580411e25df309fabb4f1b9aacbef710c56caa,PENDING,,
BIE_INFRA_CONTRACT_001.zip,docs/bie/ARTIFACT_LINEAGE_CONTRACT.md,2428,dd70fef16203cfa83484a18d4cbdd4dd950c872ab50bef55d1b454a162d8cb21,PENDING,,
BIE_INFRA_CONTRACT_001.zip,docs/bie/INTEGRATION_PLAN.md,913,0da973548a56f142d25dc2da4b47d1e29f613213eddf542ac9638660287961e3,PENDING,,
BIE_INFRA_CONTRACT_001.zip,app/bie/bie_core/artifact_contracts.py,10732,21d9d1e1c30787e6be0fdca5d88d0d781fbc1d048fa14d6d8c2e8453bfc80d46,PENDING,,
BIE_INFRA_CONTRACT_001.zip,app/bie/bie_core/__pycache__/artifact_contracts.cpython-313.pyc,16261,805bdc64477a59872b4c0ede49ca7d226ee52cda8640ef906344be686784d0a9,PENDING,,
BIE_INFRA_CONTRACT_001.zip,tests/contracts/test_artifact_contracts.py,2804,530dcc6027c76c3c28a415ade7fa3a789f35d2ecae6ac77dfa37be58aceba4e7,PENDING,,
BIE_INFRA_CONTRACT_001.zip,tests/contracts/__pycache__/test_artifact_contracts.cpython-313.pyc,6029,7ea773201e48b8c0fb948a76b653f545215e1f9bbc2155c4b9e2a73cbf980bcb,PENDING,,
BIE_INFRA_DEPLOY_001.zip,TEST_RESULT.txt,1179,c46b6fdafa8251ec6f091ee4678354ac8cc951c49d0cbed0bf4589247cfc8895,PENDING,,
BIE_INFRA_DEPLOY_001.zip,TASK_RESULT.json,126,074f8163f7e219a8be29cf1ba2db9eb6c8f865b0f1124ff6232d09acf05eed93,PENDING,,
BIE_INFRA_DEPLOY_001.zip,app/bie/enterprise/__init__.py,0,e3b0c44298fc1c149afbf4c8996fb92427ae41e4649b934ca495991b7852b855,PENDING,,
BIE_INFRA_DEPLOY_001.zip,app/bie/enterprise/local_compose.py,533,6f232e746bbbd9446185066d043aafe2b550b5425589b80ad7e525054a7a0cee,PENDING,,
BIE_INFRA_DEPLOY_001.zip,app/bie/enterprise/__pycache__/__init__.cpython-313.pyc,158,02948944b9d1eb3e5cb366803db2109cf7dbad4f2288d8762c7c946e0c6aa078,PENDING,,
BIE_INFRA_DEPLOY_001.zip,app/bie/enterprise/__pycache__/local_compose.cpython-313.pyc,1112,b8fc768b92f1036279494b83bba5a8d50ea859b21c671ed5d286544802fad097,PENDING,,
BIE_INFRA_DEPLOY_001.zip,docs/bie/LOCAL_COMPOSE_SPEC.md,108,a74009ed0f52d27b3dc49d7438cdea5b44b8dc24effadfe1f0fe48e6bad0a7e8,PENDING,,
BIE_INFRA_DEPLOY_001.zip,tests/enterprise/test_local_compose.py,440,f04c56855af666b77d0449dd0631bd5af8155e7d3afe26dc6f7e07b6c001828c,PENDING,,
BIE_INFRA_DEPLOY_001.zip,tests/enterprise/__pycache__/test_local_compose.cpython-313.pyc,1613,4b1b5a2a85e65bc1a299b737db34b989c2d5226a1d411cad7d756593d08a0e04,PENDING,,
BIE_INFRA_DEPLOY_002.zip,TEST_RESULT.txt,1180,da0de3e9aafb4e993c448757f17dcee7dd4ec4cac83a8d237c2acdd6de251dca,PENDING,,
BIE_INFRA_DEPLOY_002.zip,TASK_RESULT.json,126,d4f93eda7d5850ae3d03be97ae1aaef42bfaea1fba983abe11d1e1b5021773bb,PENDING,,
BIE_INFRA_DEPLOY_002.zip,app/bie/enterprise/__init__.py,0,e3b0c44298fc1c149afbf4c8996fb92427ae41e4649b934ca495991b7852b855,PENDING,,
BIE_INFRA_DEPLOY_002.zip,app/bie/enterprise/production_containers.py,559,387bfbf5a317557d74efa931f8db6dad671475352296d256565edb21dbe037f1,PENDING,,
BIE_INFRA_DEPLOY_002.zip,app/bie/enterprise/__pycache__/production_containers.cpython-313.pyc,1561,1228beb2fc1a980177446958dc8e62c652ccf1cb34644aa362afb28e44a911e0,PENDING,,
BIE_INFRA_DEPLOY_002.zip,app/bie/enterprise/__pycache__/__init__.cpython-313.pyc,158,3981ea5040ee2e0570956a6fc4344fe6b9c7dc7816e5a5cdf026e69c387c2e1a,PENDING,,
BIE_INFRA_DEPLOY_002.zip,docs/bie/PRODUCTION_CONTAINERS_SPEC.md,136,07527fab37f3d9b036295bbb862bec81f0d4be922ad59fc26cdf4dfbf1873c75,PENDING,,
BIE_INFRA_DEPLOY_002.zip,tests/enterprise/test_production_containers.py,771,45ea4b5a87f1f6651d07d19db21e8200e22dc4db639fe408617cea5fa582df7d,PENDING,,
BIE_INFRA_DEPLOY_002.zip,tests/enterprise/__pycache__/test_production_containers.cpython-313.pyc,2540,22e0e5ce6a94285ebc44348d184ec6cd3d6e34787e2163272f90f2b0ed5eaf15,PENDING,,
BIE_INFRA_DEPLOY_003.zip,TEST_RESULT.txt,1179,c467fe92fb82537ec073726bdf048de734b664497b1d837f9cf47db16ac03db2,PENDING,,
BIE_INFRA_DEPLOY_003.zip,TASK_RESULT.json,126,514236847ea5412fbaf07b21caa7cf69e81f969a3f61795ccd0a8bbe9739fa6d,PENDING,,
BIE_INFRA_DEPLOY_003.zip,app/bie/enterprise/__init__.py,0,e3b0c44298fc1c149afbf4c8996fb92427ae41e4649b934ca495991b7852b855,PENDING,,
BIE_INFRA_DEPLOY_003.zip,app/bie/enterprise/postgres_adapter.py,419,c343e326b72cc3081cab6196491e24a0cf1a59f7b087e342b5dcd21637cd4dc4,PENDING,,
BIE_INFRA_DEPLOY_003.zip,app/bie/enterprise/__pycache__/postgres_adapter.cpython-313.pyc,1770,46515fa37056f1bb4f5a65fea9cbfcaf73b0d463a7be35ae57d476b0d96eeedc,PENDING,,
BIE_INFRA_DEPLOY_003.zip,app/bie/enterprise/__pycache__/__init__.cpython-313.pyc,158,1abf71b01d1c1b5aff678a680ba74b77936bd6a23d4a9e71db79d4122c32c8be,PENDING,,
BIE_INFRA_DEPLOY_003.zip,docs/bie/POSTGRES_ADAPTER_SPEC.md,122,fc2a923c3e1d631cb57e7855dadf4ee4fb83879d7b2db3ce66e7d980ded7ff6d,PENDING,,
BIE_INFRA_DEPLOY_003.zip,tests/enterprise/test_postgres_adapter.py,878,b12713ec7dbb710f28917f901881c332069f0e2d7861992e1e3f3db60dadae52,PENDING,,
BIE_INFRA_DEPLOY_003.zip,tests/enterprise/__pycache__/test_postgres_adapter.cpython-313.pyc,4298,45fc29ceb033a6c6991a7d37a2024bb4f59546b2b7068e11135626cb9ef49fd4,PENDING,,
BIE_INFRA_DEPLOY_004.zip,TEST_RESULT.txt,1179,c467fe92fb82537ec073726bdf048de734b664497b1d837f9cf47db16ac03db2,PENDING,,
BIE_INFRA_DEPLOY_004.zip,TASK_RESULT.json,126,0a9abcdba0aacf10ab779d4921837ac684f0d4d81d8845a9868781f0a0b682a1,PENDING,,
BIE_INFRA_DEPLOY_004.zip,app/bie/enterprise/__init__.py,0,e3b0c44298fc1c149afbf4c8996fb92427ae41e4649b934ca495991b7852b855,PENDING,,
BIE_INFRA_DEPLOY_004.zip,app/bie/enterprise/object_store_adapter.py,483,0bc2a85cfc1f9a4eaf280dfa6f0247c6fbcd74013e1dacbeeb6d569d3a140d05,PENDING,,
BIE_INFRA_DEPLOY_004.zip,app/bie/enterprise/__pycache__/__init__.cpython-313.pyc,158,aeb50e8469679b97a6d788c720adec4e91ab96b98f7d3e3a4a546611133e70bb,PENDING,,
BIE_INFRA_DEPLOY_004.zip,app/bie/enterprise/__pycache__/object_store_adapter.cpython-313.pyc,1736,7495aade69874cefc4e57897e9840e4eecbe9c3d49710f2003ce8d3e1bb56d62,PENDING,,
BIE_INFRA_DEPLOY_004.zip,docs/bie/OBJECT_STORE_ADAPTER_SPEC.md,111,7f5e0726bd588c325dc1148fd4302cb10ae168789436ae4bc0fc24879a249ca8,PENDING,,
BIE_INFRA_DEPLOY_004.zip,tests/enterprise/test_object_store_adapter.py,623,64b09491c2c6a144b6619b09b3de115d1973b51faf6a917438744032bcbf4660,PENDING,,
BIE_INFRA_DEPLOY_004.zip,tests/enterprise/__pycache__/test_object_store_adapter.cpython-313.pyc,2675,713b2358bc42c061cc987b714f203459ac6381c8ddc60c7d172a41d1f9ca71dd,PENDING,,
BIE_INFRA_DEPLOY_005.zip,TEST_RESULT.txt,1180,da0de3e9aafb4e993c448757f17dcee7dd4ec4cac83a8d237c2acdd6de251dca,PENDING,,
BIE_INFRA_DEPLOY_005.zip,TASK_RESULT.json,126,abda7befbe974d6a3b5e7cc06f107160b92bdf785fc495d864739855462defd9,PENDING,,
BIE_INFRA_DEPLOY_005.zip,app/bie/enterprise/__init__.py,0,e3b0c44298fc1c149afbf4c8996fb92427ae41e4649b934ca495991b7852b855,PENDING,,
BIE_INFRA_DEPLOY_005.zip,app/bie/enterprise/worker_images.py,580,eb61bb33aeafee44d26e35373d2d9660e7c96fa5c99b8df66225ce14bd4de649,PENDING,,
BIE_INFRA_DEPLOY_005.zip,app/bie/enterprise/__pycache__/__init__.cpython-313.pyc,158,1c3fc2165df46707f519ee0d59338a583035866cfdeee0b643d6702ed4f37659,PENDING,,
BIE_INFRA_DEPLOY_005.zip,app/bie/enterprise/__pycache__/worker_images.cpython-313.pyc,1549,ac854308173357b7ba5412c654c4c3ed111e2f284ffeea0be9f9257c26448fd7,PENDING,,
BIE_INFRA_DEPLOY_005.zip,docs/bie/WORKER_IMAGES_SPEC.md,125,517c03d7c343ca5beb9331818ca9ec1b2102d63b3f0e5d9f22ea94a55dda769a,PENDING,,
BIE_INFRA_DEPLOY_005.zip,tests/enterprise/test_worker_images.py,726,d90883732450c3d0c299a0585696c4b31945b9f87584ba98b85e44ce5cb19e30,PENDING,,
BIE_INFRA_DEPLOY_005.zip,tests/enterprise/__pycache__/test_worker_images.cpython-313.pyc,2247,2ceed10243f22391649a3b626721cdd22341d408ead92b4294a0e3be35f73dcd,PENDING,,
BIE_INFRA_DEPLOY_006.zip,TEST_RESULT.txt,1179,c467fe92fb82537ec073726bdf048de734b664497b1d837f9cf47db16ac03db2,PENDING,,
BIE_INFRA_DEPLOY_006.zip,TASK_RESULT.json,126,7b94071d103d9b0bf141bd737c226686ba3258ef58ff8eccb123748bcfc8e4bc,PENDING,,
BIE_INFRA_DEPLOY_006.zip,app/bie/enterprise/render_worker_image.py,433,97d0f7bdfbaf27654acc2dde8fcefbe704ac5e1003ffafedb1c907cec1d41513,PENDING,,
BIE_INFRA_DEPLOY_006.zip,app/bie/enterprise/__init__.py,0,e3b0c44298fc1c149afbf4c8996fb92427ae41e4649b934ca495991b7852b855,PENDING,,
BIE_INFRA_DEPLOY_006.zip,app/bie/enterprise/__pycache__/__init__.cpython-313.pyc,158,02221db341ff44d7bf9c061c06a4392b625ca705d91f61f7700fc24e174b4ba7,PENDING,,
BIE_INFRA_DEPLOY_006.zip,app/bie/enterprise/__pycache__/render_worker_image.cpython-313.pyc,1123,6ecb9b8503147a9c7036944b6546f55cd89a381deb14300bea87c9894966a331,PENDING,,
BIE_INFRA_DEPLOY_006.zip,docs/bie/RENDER_WORKER_IMAGE_SPEC.md,96,e59b62f5bf5f58f387515064fbd5129fac05797f4177eaf2eb4cb1772f632a72,PENDING,,
BIE_INFRA_DEPLOY_006.zip,tests/enterprise/test_render_worker_image.py,682,582eafa75945f2116b4a63564f1044a6fde09614dd6955b7c0a6d271cc186109,PENDING,,
BIE_INFRA_DEPLOY_006.zip,tests/enterprise/__pycache__/test_render_worker_image.cpython-313.pyc,2107,4c8b2886eec808c49c71331dc1c84d463ab564ba613a24a19309bf3accedde53,PENDING,,
BIE_INFRA_DEPLOY_007.zip,TEST_RESULT.txt,1179,c467fe92fb82537ec073726bdf048de734b664497b1d837f9cf47db16ac03db2,PENDING,,
BIE_INFRA_DEPLOY_007.zip,TASK_RESULT.json,126,090c01e799feb5e9415da9071af03f6d833aa3bad9fc5dbd8c1c8ec4d0a9d915,PENDING,,
BIE_INFRA_DEPLOY_007.zip,app/bie/enterprise/browser_game_worker.py,396,fa5cd821dee502b215b17f2dfc9f637e8a25d586dfcae8f20cf82c7cfc0cfe49,PENDING,,
BIE_INFRA_DEPLOY_007.zip,app/bie/enterprise/__init__.py,0,e3b0c44298fc1c149afbf4c8996fb92427ae41e4649b934ca495991b7852b855,PENDING,,
BIE_INFRA_DEPLOY_007.zip,app/bie/enterprise/__pycache__/browser_game_worker.cpython-313.pyc,1079,fc644d09ea96e007b98d67e4f385a0c644baf5317edf15ac6334e04f2a5c6d17,PENDING,,
BIE_INFRA_DEPLOY_007.zip,app/bie/enterprise/__pycache__/__init__.cpython-313.pyc,158,80ad2974d1bad5bb8dad99b42ea4c54209f3085ae22d15ad7ae53aac3dc76a2d,PENDING,,
BIE_INFRA_DEPLOY_007.zip,docs/bie/BROWSER_GAME_WORKER_SPEC.md,113,d43a1d86c1cd388557e1c13f07b8068717a49b41b0a1219b9747a9363cd3c9de,PENDING,,
BIE_INFRA_DEPLOY_007.zip,tests/enterprise/test_browser_game_worker.py,668,f3a8094d6b848f2ee5412f6ea7e2e9fcb60b526e50dda9ed9de8d12f461ce59c,PENDING,,
BIE_INFRA_DEPLOY_007.zip,tests/enterprise/__pycache__/test_browser_game_worker.cpython-313.pyc,2094,11b72e1064c20b21e731832c280a9f4d6f3619661f00725b6ddd472267009323,PENDING,,
BIE_INFRA_DEPLOY_008.zip,TEST_RESULT.txt,1180,da0de3e9aafb4e993c448757f17dcee7dd4ec4cac83a8d237c2acdd6de251dca,PENDING,,
BIE_INFRA_DEPLOY_008.zip,TASK_RESULT.json,126,8ff48de12f514aebfd8b0d6d81c0849b6b2b329d6d5e31f1525ad81a3eb6a07d,PENDING,,
BIE_INFRA_DEPLOY_008.zip,app/bie/enterprise/__init__.py,0,e3b0c44298fc1c149afbf4c8996fb92427ae41e4649b934ca495991b7852b855,PENDING,,
BIE_INFRA_DEPLOY_008.zip,app/bie/enterprise/autoscaling.py,552,dae3c98738da8d80299198dab9c941d0b19ae657d37638dc94b3db96184a9786,PENDING,,
BIE_INFRA_DEPLOY_008.zip,app/bie/enterprise/__pycache__/__init__.cpython-313.pyc,158,8d73e23d9b9221976df7e667ca7547e34897166597ffadafe2ae856bbb79fa43,PENDING,,
BIE_INFRA_DEPLOY_008.zip,app/bie/enterprise/__pycache__/autoscaling.cpython-313.pyc,1516,2159f15237b84c0575385a7220484b4ec6c2581d02351ec55762d0a53aa42dc0,PENDING,,
BIE_INFRA_DEPLOY_008.zip,docs/bie/AUTOSCALING_SPEC.md,131,7aa7b7536bee298110aad0505683c0de9092e44a2264f2fd3bb5d2d8e4734266,PENDING,,
BIE_INFRA_DEPLOY_008.zip,tests/enterprise/test_autoscaling.py,551,ec534b8c9e1438b58f5acc6fc96fbe1eed1d77353295e1721c1813d7a82d6990,PENDING,,
BIE_INFRA_DEPLOY_008.zip,tests/enterprise/__pycache__/test_autoscaling.cpython-313.pyc,2115,a271dd0a946de32e82cc7afbc21813d64b1677245d986bef81437b76ef9f0944,PENDING,,
BIE_INFRA_DEPLOY_009.zip,TEST_RESULT.txt,1180,da0de3e9aafb4e993c448757f17dcee7dd4ec4cac83a8d237c2acdd6de251dca,PENDING,,
BIE_INFRA_DEPLOY_009.zip,TASK_RESULT.json,126,accfa8c1853432256248da141e0379116bf28ce5d71bbba363845c42f3fbcf4d,PENDING,,
BIE_INFRA_DEPLOY_009.zip,app/bie/enterprise/__init__.py,0,e3b0c44298fc1c149afbf4c8996fb92427ae41e4649b934ca495991b7852b855,PENDING,,
BIE_INFRA_DEPLOY_009.zip,app/bie/enterprise/backup_restore.py,699,371b7940befce4e380b8e265baca884b16ebce67446708ccf145efdbc258ec68,PENDING,,
BIE_INFRA_DEPLOY_009.zip,app/bie/enterprise/__pycache__/__init__.cpython-313.pyc,158,40302ee07bc6c0725f928f59b3d321c5b758c84d7836252262bda03f261bdfdf,PENDING,,
BIE_INFRA_DEPLOY_009.zip,app/bie/enterprise/__pycache__/backup_restore.cpython-313.pyc,1727,ab8174d5767e8df94a5b9e60b8698f33bf24eee0b67accbc6aa88ebb3aba3c7a,PENDING,,
BIE_INFRA_DEPLOY_009.zip,docs/bie/BACKUP_RESTORE_SPEC.md,140,277f97dc7794e3c023d2fa3f0e0d503827756390020ed2d180fcec6c29ab4942,PENDING,,
BIE_INFRA_DEPLOY_009.zip,tests/enterprise/test_backup_restore.py,736,24e3eda41f4ce16f2d11a62a203d2476bee22d76bbb7c12d895656fe050cea12,PENDING,,
BIE_INFRA_DEPLOY_009.zip,tests/enterprise/__pycache__/test_backup_restore.cpython-313.pyc,2498,d20fde9faafeb7b357a8a46a4fefdefc499c70a583a683eb485170e198850f29,PENDING,,
BIE_INFRA_DEPLOY_010.zip,TEST_RESULT.txt,1181,f2cb519aca98f85bdd6553ad8024f849ef5bfe59a1c341ccfc5721de5ba99792,PENDING,,
BIE_INFRA_DEPLOY_010.zip,TASK_RESULT.json,122,5a8f525649335b8190febfc03acc558b8b68190622a18054c9c334b1deb08dd8,PENDING,,
BIE_INFRA_DEPLOY_010.zip,app/bie/enterprise/disaster_recovery.py,717,0fd55310e5cfb057134878a0f467eacfa5d86f50c4acd718e7d80c8fb618ccc8,PENDING,,
BIE_INFRA_DEPLOY_010.zip,app/bie/enterprise/__init__.py,0,e3b0c44298fc1c149afbf4c8996fb92427ae41e4649b934ca495991b7852b855,PENDING,,
BIE_INFRA_DEPLOY_010.zip,app/bie/enterprise/__pycache__/disaster_recovery.cpython-313.pyc,1771,3ed4cc290ea94b9440264613b0f04b3ac290fc526d6cf5e5dcdb622024eda3c8,PENDING,,
BIE_INFRA_DEPLOY_010.zip,app/bie/enterprise/__pycache__/__init__.cpython-313.pyc,158,68f06dc6d2a146dd473934ef140469e3124e5b0cc9628b7ef10ea09f749ae0a4,PENDING,,
BIE_INFRA_DEPLOY_010.zip,docs/bie/DISASTER_RECOVERY_SPEC.md,147,d8956f6df80106331ad12c0ef97dca6189f12f65b23a4244f9494354cb008242,PENDING,,
BIE_INFRA_DEPLOY_010.zip,tests/enterprise/test_disaster_recovery.py,807,bbe374483c5d475274b277d9eece0a5c9a6ecfa75717e32fc4c2a459c29c01d0,PENDING,,
BIE_INFRA_DEPLOY_010.zip,tests/enterprise/__pycache__/test_disaster_recovery.cpython-313.pyc,2650,17f9609321222fc2c756d1e2e2b3e62f762dd78bf6c0f40dd78c98f36e8c558c,PENDING,,
BIE_INFRA_E2E_RUNTIME_001.zip,TEST_RESULT.txt,1186,0d95f3ff1f80b38575fb4ce63b1ae97912b24f6b4ee485851424f938ebc9bb26,PENDING,,
BIE_INFRA_E2E_RUNTIME_001.zip,TASK_RESULT.json,135,614231787f8b6cdd4404d0eee984314e76cec0ad99976e55c29ae5dc25bc2724,PENDING,,
BIE_INFRA_E2E_RUNTIME_001.zip,app/bie/enterprise/e2e_runtime.py,5366,38c094fc9ebb309da351e25c97fac2de9ebcc4e1be462327c99de9620c6669c1,PENDING,,
BIE_INFRA_E2E_RUNTIME_001.zip,app/bie/enterprise/__init__.py,0,e3b0c44298fc1c149afbf4c8996fb92427ae41e4649b934ca495991b7852b855,PENDING,,
BIE_INFRA_E2E_RUNTIME_001.zip,app/bie/enterprise/__pycache__/e2e_runtime.cpython-313.pyc,10748,2ba1dd456455824f27a286ba75f624ae44c67587b2775d3ebbc7625934a9a3b8,PENDING,,
BIE_INFRA_E2E_RUNTIME_001.zip,app/bie/enterprise/__pycache__/__init__.cpython-313.pyc,163,f687991d92f5b4c0587ee4210b35dbb11ab45dd1ca69370c8b05c6ab34c41826,PENDING,,
BIE_INFRA_E2E_RUNTIME_001.zip,docs/bie/E2E_RUNTIME_SPEC.md,617,7f90ddfb25c0c854564ac11b110af8a134b808c353be3fa5cf964244386f0edf,PENDING,,
BIE_INFRA_E2E_RUNTIME_001.zip,tests/enterprise/test_e2e_runtime.py,2809,0471cad04ba50721b62c64f43acc05e0ec572b19eaee510c4d6f92187078eccb,PENDING,,
BIE_INFRA_E2E_RUNTIME_001.zip,tests/enterprise/__pycache__/test_e2e_runtime.cpython-313.pyc,8295,d5839d63c82b67c75392863bd7c64ae5a697020ee0660401d782cd929677c1d4,PENDING,,
BIE_INFRA_EVAL_001.zip,TASK_RESULT.json,506,d72bf617807a97512f0b236eb7a6e9430291face09352bb19c6b944d76bf4ae7,PENDING,,
BIE_INFRA_EVAL_001.zip,TEST_RESULT.txt,862,2b4dd30f30d32612e9dde62bbfd7d9d18d6239948fe81522b6f2e3e85483d134,PENDING,,
BIE_INFRA_EVAL_001.zip,benchmarks/GOLDEN_BENCHMARK_REGISTRY.json,12417,7265e00e94047e684b0b5c05f4733b9f502c633fbcc95d4d0f88420cd921f100,PENDING,,
BIE_INFRA_EVAL_001.zip,docs/bie/EVALUATION_IMPLEMENTATION_PLAN.md,803,e59a0b4c9ecef71c4972c01b1c3a304a6fbb1fac143743dd8597cebc62b594d1,PENDING,,
BIE_INFRA_EVAL_001.zip,docs/bie/EVALUATION_SPEC.md,3697,3c191fec2c7aca5bbd2576525196046c35dd5670c14554cca09f81a738c7f39c,PENDING,,
BIE_INFRA_EVAL_001.zip,docs/bie/GOLDEN_BENCHMARK_GOVERNANCE.md,837,86c8907ac23cd020f72cca6a762ba33e4c7bc906cc46de39f05d0b8e6d994715,PENDING,,
BIE_INFRA_EVAL_001.zip,app/bie/evaluation/__init__.py,0,e3b0c44298fc1c149afbf4c8996fb92427ae41e4649b934ca495991b7852b855,PENDING,,
BIE_INFRA_EVAL_001.zip,app/bie/evaluation/contracts.py,8089,0cd20e9bf55b90b355331ac0dab9ea809828d07d2adf89a25e4f089827cb7364,PENDING,,
BIE_INFRA_EVAL_001.zip,app/bie/evaluation/__pycache__/__init__.cpython-313.pyc,156,26c2326b8ffbd1b532600a924c7c94a0c61db5e0398e098e1c8859cebe044f8b,PENDING,,
BIE_INFRA_EVAL_001.zip,app/bie/evaluation/__pycache__/contracts.cpython-313.pyc,13832,27f013d41c6bc699bdd995b8f70c05275b07b71a3747d3e753fcc1371e5d8553,PENDING,,
BIE_INFRA_EVAL_001.zip,tests/evaluation/test_evaluation_contracts.py,3170,c50727e85f8957e21676d3d16260662bb11dde44bb3025f5e4e6ff3cebe76c05,PENDING,,
BIE_INFRA_EVAL_001.zip,tests/evaluation/__pycache__/test_evaluation_contracts.cpython-313.pyc,6718,1e973f55781727f07d265d682be8b99c41f47b3d315b3d2242415d1bda974a92,PENDING,,
BIE_INFRA_EXECUTOR_001.zip,TEST_RESULT.txt,1186,6d2bebab54791e53dafb8341c0d7ebaf4b49b0d4b22e5c7459d02dddb04e7fcd,PENDING,,
BIE_INFRA_EXECUTOR_001.zip,TASK_RESULT.json,609,7b33253c64e3a6154568a061285bd6bf20f10682f7a3b7567f92c502d98897d3,PENDING,,
BIE_INFRA_EXECUTOR_001.zip,app/bie/enterprise/worker_scheduler.py,1956,c4bf9ac1f376e73896ea750781d4fae9ac5e95d154d59a854072d9ed245872ce,PENDING,,
BIE_INFRA_EXECUTOR_001.zip,app/bie/enterprise/__init__.py,0,e3b0c44298fc1c149afbf4c8996fb92427ae41e4649b934ca495991b7852b855,PENDING,,
BIE_INFRA_EXECUTOR_001.zip,app/bie/enterprise/worker_executor_runtime.py,4675,e6dd709c46cd8fe5f523416debd7260d155f48c2960c0847542b5c614adb5028,PENDING,,
BIE_INFRA_EXECUTOR_001.zip,app/bie/enterprise/leases.py,2111,7efbed18491ac5099c5c6dc60d2a916317366d19ad4052364345c4ad9f07e522,PENDING,,
BIE_INFRA_EXECUTOR_001.zip,app/bie/enterprise/__pycache__/leases.cpython-313.pyc,5502,1ff12d571c5e627e4bfad675102cbe2bddf0533d761ec1aaf5d37f0f8283c1f2,PENDING,,
BIE_INFRA_EXECUTOR_001.zip,app/bie/enterprise/__pycache__/worker_scheduler.cpython-313.pyc,5095,7dd6ec8c47529391c6ec8fa63832c47437510620420eae89084bc637d0f03f8c,PENDING,,
BIE_INFRA_EXECUTOR_001.zip,app/bie/enterprise/__pycache__/__init__.cpython-313.pyc,160,6ca57095c3396fc11a76eea94a8a16ab4bfc977f9c69c5eab16b0836fa100143,PENDING,,
BIE_INFRA_EXECUTOR_001.zip,app/bie/enterprise/__pycache__/worker_executor_runtime.cpython-313.pyc,8669,762e115fc1399c829b9d02088ebb6b45e4f900e75027ba28858be488a0fbc6a9,PENDING,,
BIE_INFRA_EXECUTOR_001.zip,docs/bie/WORKER_EXECUTOR_SPEC.md,2090,098207e559949fce0a99b132cb6d2142194ab899fdf5e16844510bdb7fd47f62,PENDING,,
BIE_INFRA_EXECUTOR_001.zip,docs/bie/EXECUTOR_INTEGRATION_PLAN.md,619,4bcbbc6f85a3e5bcdcd219848dd133b5934e914c181a9accbc56feac3def4f60,PENDING,,
BIE_INFRA_EXECUTOR_001.zip,tests/enterprise/test_worker_executor_runtime.py,4524,3d39ace5d3d090a2c83e039ac8aee36700fbd8ee03ef5c55e6b6e25ff935f6bd,PENDING,,
BIE_INFRA_EXECUTOR_001.zip,tests/enterprise/__pycache__/test_worker_executor_runtime.cpython-313.pyc,12132,9030446fd7b9bb86b5d958fa9d28bb0e1715272a2d2e9ba847af4b75f0fcd9cc,PENDING,,
BIE_INFRA_IDEMP_001.zip,TEST_RESULT.txt,1183,d9b3d043d8f003dd910be0f0168a0176e3e1be6fec401f35cc15dea83ad72253,PENDING,,
BIE_INFRA_IDEMP_001.zip,TASK_RESULT.json,124,0270283588ad5afb0b56148dc35e4a94b0c1697aae8a040f9b671ad82777d960,PENDING,,
BIE_INFRA_IDEMP_001.zip,app/bie/enterprise/__init__.py,0,e3b0c44298fc1c149afbf4c8996fb92427ae41e4649b934ca495991b7852b855,PENDING,,
BIE_INFRA_IDEMP_001.zip,app/bie/enterprise/idempotency_store.py,1787,24c487468513ed3565361f77ea457b472e273ea82722155ab144eea5449c4661,PENDING,,
BIE_INFRA_IDEMP_001.zip,app/bie/enterprise/__pycache__/__init__.cpython-313.pyc,157,4f7b546be920d1163e5fb30e4f7cb294a8b570152eac1abb2892ef926aadb340,PENDING,,
BIE_INFRA_IDEMP_001.zip,app/bie/enterprise/__pycache__/idempotency_store.cpython-313.pyc,4277,cde83f539aa0f3b816e19faedcbeded40ef6e62d1918c06a587ba28ca6fd16db,PENDING,,
BIE_INFRA_IDEMP_001.zip,docs/bie/IDEMPOTENCY_STORE_SPEC.md,137,42b7ab224634a6b6809f31c09f30454e7bd6bf3167bd42f497d7cf2fbedd3c2d,PENDING,,
BIE_INFRA_IDEMP_001.zip,tests/enterprise/test_idempotency_store.py,1315,b95a859649fdc0865bb96e4bafbe7ff1c6dd387ad1e422d2a6bf01348a88a5f9,PENDING,,
BIE_INFRA_IDEMP_001.zip,tests/enterprise/__pycache__/test_idempotency_store.cpython-313.pyc,4779,e10fb98ef0c79267fb76ab1323bdc9786ae85856857f4f14959a740b6017ae54,PENDING,,
BIE_INFRA_IDEMP_002.zip,TEST_RESULT.txt,1181,f2cb519aca98f85bdd6553ad8024f849ef5bfe59a1c341ccfc5721de5ba99792,PENDING,,
BIE_INFRA_IDEMP_002.zip,TASK_RESULT.json,124,cd8f7c30efb79e4b088ebc1ae818c1a63df8e07aba509573745a7418a9e445ac,PENDING,,
BIE_INFRA_IDEMP_002.zip,app/bie/enterprise/__init__.py,0,e3b0c44298fc1c149afbf4c8996fb92427ae41e4649b934ca495991b7852b855,PENDING,,
BIE_INFRA_IDEMP_002.zip,app/bie/enterprise/side_effect_guard.py,809,7f7eb91a7184caee2f85127c0af874b2f5551438875d9137b6ea64df8bce7865,PENDING,,
BIE_INFRA_IDEMP_002.zip,app/bie/enterprise/__pycache__/side_effect_guard.cpython-313.pyc,2134,953b2723cb7bd7e434521b37c2806d32da10158dc11f65afe7a747d4a47c6c1d,PENDING,,
BIE_INFRA_IDEMP_002.zip,app/bie/enterprise/__pycache__/__init__.cpython-313.pyc,157,8fad4cc165de3314681c2ff64b7646651d783b9e48656ccc5c70388ad4110b64,PENDING,,
BIE_INFRA_IDEMP_002.zip,docs/bie/SIDE_EFFECT_GUARD_SPEC.md,132,1beac7ccf0fb81f4386bcb79be150571fa5e0666bffd877bb1ca4b0e23c04f1b,PENDING,,
BIE_INFRA_IDEMP_002.zip,tests/enterprise/test_side_effect_guard.py,1354,5256c17fd5855409a0870ede9ff1d6cf69809d1d25f5da6e9d2a6f03ffb8f85c,PENDING,,
BIE_INFRA_IDEMP_002.zip,tests/enterprise/__pycache__/test_side_effect_guard.cpython-313.pyc,4192,c30721005fc1644762feeb509d4a8c223a2fb7b39d8cb2e4709f5b8948a6c955,PENDING,,
BIE_INFRA_IDEMP_003.zip,TEST_RESULT.txt,1182,0817e5cf2064854335cc7e4806421123b91fb4ee0546ebc72354f37154920c1b,PENDING,,
BIE_INFRA_IDEMP_003.zip,TASK_RESULT.json,128,be455ef2d8824bb082c7fa5cc71544f316f165033715a081c6072ed5c22892e3,PENDING,,
BIE_INFRA_IDEMP_003.zip,app/bie/enterprise/replay_protection.py,804,0d2438ae0c6481e051d585c1f148068dc252f85e2180ea247512c9dd1a9322fc,PENDING,,
BIE_INFRA_IDEMP_003.zip,app/bie/enterprise/__init__.py,0,e3b0c44298fc1c149afbf4c8996fb92427ae41e4649b934ca495991b7852b855,PENDING,,
BIE_INFRA_IDEMP_003.zip,app/bie/enterprise/__pycache__/replay_protection.cpython-313.pyc,2333,fed53bcd031f4727df07ccd32bce04fa861c3b6e4071f2a9e6a5bc9c9d3ed6fc,PENDING,,
BIE_INFRA_IDEMP_003.zip,app/bie/enterprise/__pycache__/__init__.cpython-313.pyc,157,d9e6e42f934b2a1d25d5ed6560438616d3082f59cee6067ffd39fec35405f089,PENDING,,
BIE_INFRA_IDEMP_003.zip,docs/bie/REPLAY_PROTECTION_SPEC.md,149,f3df837b3b511d3bf4c9baef4013fa8ecc9702af19651c91a38a817909ebd2d4,PENDING,,
BIE_INFRA_IDEMP_003.zip,tests/enterprise/test_replay_protection.py,1182,9a2f3bfeaf05ce6db21ee820fee5c598b5772851edbf33f973b9020808aa694d,PENDING,,
BIE_INFRA_IDEMP_003.zip,tests/enterprise/__pycache__/test_replay_protection.cpython-313.pyc,3950,7b39b6745219273f2e92f9fac7ab3a30b4f6517bd860e1f758671ab8f5c72b83,PENDING,,
BIE_INFRA_INTEGRATION_001.zip,TASK_RESULT.json,552,1276121e672bea1b5c500741f47804c160022a2e16c5357f89028d0b560108e9,PENDING,,
BIE_INFRA_INTEGRATION_001.zip,TEST_RESULT.txt,1186,d010a284ccf060073f648662f73b47a8cd7bbd74abbee0c5b36a25ec99f540ca,PENDING,,
BIE_INFRA_INTEGRATION_001.zip,docs/bie/CANONICAL_PIPELINE_MIGRATION.md,1455,bb51edf96acf248ab9584e01d74f91c35f84d53c33ba915bd9d510636d0f8b85,PENDING,,
BIE_INFRA_INTEGRATION_001.zip,docs/bie/ENTERPRISE_INTEGRATION.md,1925,2dcc7d34b9bdd526faf893f9f605af2dd2f9d00694b0368a84c0bfe40a418b17,PENDING,,
BIE_INFRA_INTEGRATION_001.zip,docs/bie/LEGACY_ENTERPRISE_MAPPING.json,1195,581494a1e0da8dc37f9889e88f81b123d1c97fe7e6f09753b890ecabfd6e52e6,PENDING,,
BIE_INFRA_INTEGRATION_001.zip,app/bie/enterprise/__init__.py,0,e3b0c44298fc1c149afbf4c8996fb92427ae41e4649b934ca495991b7852b855,PENDING,,
BIE_INFRA_INTEGRATION_001.zip,app/bie/enterprise/execution_graph.py,7618,ddb18edf2483bbcc98bb16ad9aa70c872d789b08df0a2ad0cb29af7a86f995d2,PENDING,,
BIE_INFRA_INTEGRATION_001.zip,app/bie/enterprise/__pycache__/__init__.cpython-313.pyc,163,ab93ae57609e0b6e21dd40cefc5cbeccd1fa799dc37bba5939bc982c839e2e4c,PENDING,,
BIE_INFRA_INTEGRATION_001.zip,app/bie/enterprise/__pycache__/execution_graph.cpython-313.pyc,9474,6898555012b58c5266062a81904721a83d02fe6d05abea277e42767260c7cfe9,PENDING,,
BIE_INFRA_INTEGRATION_001.zip,tests/enterprise/test_execution_graph.py,1849,492e3605004a60203797b559ef0769d0b09a5f9ec09ff76871e10c916e2d1b8a,PENDING,,
BIE_INFRA_INTEGRATION_001.zip,tests/enterprise/__pycache__/test_execution_graph.cpython-313.pyc,4426,2fb87de591b399b613a76ccec0efa21cef762471f213a77ce196c5cff474cd8d,PENDING,,
BIE_INFRA_MIGRATION_001.zip,TEST_RESULT.txt,1181,5f36d10e64623f476230708fba0d2de94564e9916d0df5538d77e768bbe53a4c,PENDING,,
BIE_INFRA_MIGRATION_001.zip,TASK_RESULT.json,132,ae58a4bb59013840d758f884b440dd9fa6ac944ed73ae9df0a4e7c56ca6fb0cd,PENDING,,
BIE_INFRA_MIGRATION_001.zip,app/bie/enterprise/migration_engine.py,1057,c335a729b93fb212761538335b58a77fe936491646a795a68c325113d85988a4,PENDING,,
BIE_INFRA_MIGRATION_001.zip,app/bie/enterprise/__init__.py,0,e3b0c44298fc1c149afbf4c8996fb92427ae41e4649b934ca495991b7852b855,PENDING,,
BIE_INFRA_MIGRATION_001.zip,app/bie/enterprise/__pycache__/migration_engine.cpython-313.pyc,3334,64664cb78e066c410c78e1e9bbb66c8b6b69f248489cbd896b2db690a9cfa8f0,PENDING,,
BIE_INFRA_MIGRATION_001.zip,app/bie/enterprise/__pycache__/__init__.cpython-313.pyc,161,da266ff64122d374056a27ca18e1d4dabdda5b76053038abeb1accc7c4dadc0c,PENDING,,
BIE_INFRA_MIGRATION_001.zip,docs/bie/MIGRATION_ENGINE_SPEC.md,139,414c67926fd54a36bb3910bf429d849b24c2f3c86905673e54613169ac1c2023,PENDING,,
BIE_INFRA_MIGRATION_001.zip,tests/enterprise/test_migration_engine.py,1047,ad3615e3b6272c35cf69224c3f1303c554047f1e8c3d69a0bd7c51469c5779f9,PENDING,,
BIE_INFRA_MIGRATION_001.zip,tests/enterprise/__pycache__/test_migration_engine.cpython-313.pyc,3179,9892df8bf717934bd5038cf821d6fa328f59d563ba0685305cdf8fe05a87b827,PENDING,,
BIE_INFRA_MIGRATION_002.zip,TEST_RESULT.txt,1182,0817e5cf2064854335cc7e4806421123b91fb4ee0546ebc72354f37154920c1b,PENDING,,
BIE_INFRA_MIGRATION_002.zip,TASK_RESULT.json,132,401f4ff7fd6e9d760b57e99ea4cae7873deca56de4a08ba9ccaccb08a1641ac1,PENDING,,
BIE_INFRA_MIGRATION_002.zip,app/bie/enterprise/rollback_rules.py,666,073597e0463573ef63222d2b722f7a8ecf609d10853687f1265d3533a8df3679,PENDING,,
BIE_INFRA_MIGRATION_002.zip,app/bie/enterprise/__init__.py,0,e3b0c44298fc1c149afbf4c8996fb92427ae41e4649b934ca495991b7852b855,PENDING,,
BIE_INFRA_MIGRATION_002.zip,app/bie/enterprise/__pycache__/__init__.cpython-313.pyc,161,cb1d2a16e7914277108b512f162283637a688f4bf12a760124834e619cf58931,PENDING,,
BIE_INFRA_MIGRATION_002.zip,app/bie/enterprise/__pycache__/rollback_rules.cpython-313.pyc,1515,929a245a037057cc732b05b60b2d219b5ec1457facc25ef6842babef18f332be,PENDING,,
BIE_INFRA_MIGRATION_002.zip,docs/bie/ROLLBACK_RULES_SPEC.md,158,6f350a71c9e86b6d0df70a06a35ff3e7fbe0a3f247c1d9191acd6268410c4f08,PENDING,,
BIE_INFRA_MIGRATION_002.zip,tests/enterprise/test_rollback_rules.py,910,f4cdbbdf01d1604d8f62434d97ed621929dc0496bf0534d944feed36f47aca15,PENDING,,
BIE_INFRA_MIGRATION_002.zip,tests/enterprise/__pycache__/test_rollback_rules.cpython-313.pyc,3140,a86d2a656ec3e194431ba0d4a7f9247a39c8881ec8afca0b6b9e4c2ab19389ab,PENDING,,
BIE_INFRA_MIGRATION_003.zip,TEST_RESULT.txt,1181,f2cb519aca98f85bdd6553ad8024f849ef5bfe59a1c341ccfc5721de5ba99792,PENDING,,
BIE_INFRA_MIGRATION_003.zip,TASK_RESULT.json,126,8b6ea1bb4c301a7f93771317fec471668b6b5b97d4d9821cfede1b8df8c95841,PENDING,,
BIE_INFRA_MIGRATION_003.zip,app/bie/enterprise/__init__.py,0,e3b0c44298fc1c149afbf4c8996fb92427ae41e4649b934ca495991b7852b855,PENDING,,
BIE_INFRA_MIGRATION_003.zip,app/bie/enterprise/compatibility_matrix.py,963,fd8d9b188878b5f5fe047bc7d45eac3db0862225e1f5ec9bcefef7d517d7aaa1,PENDING,,
BIE_INFRA_MIGRATION_003.zip,app/bie/enterprise/__pycache__/__init__.cpython-313.pyc,161,ed4963fef404dac6c9f4712e758ecbe3015b3777cf2c33cd933ef02a9dbb499f,PENDING,,
BIE_INFRA_MIGRATION_003.zip,app/bie/enterprise/__pycache__/compatibility_matrix.cpython-313.pyc,3040,5237659e73be0828d039b2fff0e642918a992d38970e4067ff1dd772552cf169,PENDING,,
BIE_INFRA_MIGRATION_003.zip,docs/bie/COMPATIBILITY_MATRIX_SPEC.md,117,2917087c62589154e3d527d7d1cfdb5a8eaf49cd2d7072c69e559187731988ae,PENDING,,
BIE_INFRA_MIGRATION_003.zip,tests/enterprise/test_compatibility_matrix.py,807,e04cb3871626b98e598d75193caa43642bc5d0cec676555006a06251a746327d,PENDING,,
BIE_INFRA_MIGRATION_003.zip,tests/enterprise/__pycache__/test_compatibility_matrix.cpython-313.pyc,2791,757aa1b4afd762edd04b87f938267ebdf4e422e896d2239749eba954decf018b,PENDING,,
BIE_INFRA_OBS_001.zip,TEST_RESULT.txt,1180,da0de3e9aafb4e993c448757f17dcee7dd4ec4cac83a8d237c2acdd6de251dca,PENDING,,
BIE_INFRA_OBS_001.zip,TASK_RESULT.json,120,5b9aaf7c04fc7e80f6792dfe7d900e434e57a83d09bf79ae9ba166e5807137d1,PENDING,,
BIE_INFRA_OBS_001.zip,app/bie/enterprise/structured_logs.py,712,896c93fe597d6ff8eff469d4cdeb4cc8781bd381863089216e0f7a0947de2d26,PENDING,,
BIE_INFRA_OBS_001.zip,app/bie/enterprise/__init__.py,0,e3b0c44298fc1c149afbf4c8996fb92427ae41e4649b934ca495991b7852b855,PENDING,,
BIE_INFRA_OBS_001.zip,app/bie/enterprise/__pycache__/__init__.cpython-313.pyc,155,8a9ec33ae72e4a4e0edfb32aa87c2db27b7d521b8d374f1b47dfffa58ae3146c,PENDING,,
BIE_INFRA_OBS_001.zip,app/bie/enterprise/__pycache__/structured_logs.cpython-313.pyc,1980,c38e3af68c4f2e1059055c08b307391e62dab9b7672c772f332b6db91d20d6e7,PENDING,,
BIE_INFRA_OBS_001.zip,docs/bie/STRUCTURED_LOGS_SPEC.md,97,709b4ac869e1b46c89870e70fcb6c9d5acd3c7257ec920a0d31b31daa8a8c413,PENDING,,
BIE_INFRA_OBS_001.zip,tests/enterprise/test_structured_logs.py,581,993228ef149675a2c7fca03784c7869de5c041ec09b174c930792e4035e8ce6e,PENDING,,
BIE_INFRA_OBS_001.zip,tests/enterprise/__pycache__/test_structured_logs.cpython-313.pyc,2100,20595d2ad3a1c29e56abd1638d2eb1082403912fbee9b51e172d48f88279f10c,PENDING,,
BIE_INFRA_OBS_002.zip,TEST_RESULT.txt,1180,da0de3e9aafb4e993c448757f17dcee7dd4ec4cac83a8d237c2acdd6de251dca,PENDING,,
BIE_INFRA_OBS_002.zip,TASK_RESULT.json,120,bf2d76226a6f94f86d9a2b03f3b7ec1ef6af45bb43403d7e2517c36661de2817,PENDING,,
BIE_INFRA_OBS_002.zip,app/bie/enterprise/__init__.py,0,e3b0c44298fc1c149afbf4c8996fb92427ae41e4649b934ca495991b7852b855,PENDING,,
BIE_INFRA_OBS_002.zip,app/bie/enterprise/tracing.py,847,7dc200cbfaace224dc4ac304e319aef5b64ff492ec75747e5de912695c4e40c5,PENDING,,
BIE_INFRA_OBS_002.zip,app/bie/enterprise/__pycache__/tracing.cpython-313.pyc,2443,160b3f3da7d610b2e1290123fc204ea4307ae0130b002839b9a2103c8f1005bf,PENDING,,
BIE_INFRA_OBS_002.zip,app/bie/enterprise/__pycache__/__init__.cpython-313.pyc,155,3ea506a730cbbee02e3682da6665ce45aa3de8963b8df8f8bc37d73a0ef3d7c2,PENDING,,
BIE_INFRA_OBS_002.zip,docs/bie/TRACING_SPEC.md,96,2edd34f6b2b4f6425fb45eca65e59f6e06503749e2e287615e715e55c6ad4386,PENDING,,
BIE_INFRA_OBS_002.zip,tests/enterprise/test_tracing.py,666,aa26d6f5b7aa679ab9f0e44579dd0c5f0802cbf0a0ea1afe2e7cc6dffa0be299,PENDING,,
BIE_INFRA_OBS_002.zip,tests/enterprise/__pycache__/test_tracing.cpython-313.pyc,2519,687a14fb15f6e39fbfd9aa028621ed6c3547e9b5a0e27cce04ec1dcfd5c21226,PENDING,,
BIE_INFRA_OBS_003.zip,TEST_RESULT.txt,1180,da0de3e9aafb4e993c448757f17dcee7dd4ec4cac83a8d237c2acdd6de251dca,PENDING,,
BIE_INFRA_OBS_003.zip,TASK_RESULT.json,120,c2c01ed3c86efdc5c1347ffa9fbf5f04b11d040093e45b48bcfd62949346e6c9,PENDING,,
BIE_INFRA_OBS_003.zip,app/bie/enterprise/metrics.py,608,ece399991c43fab5ab8bf691d05271fb4feef04f10dac825802535ff24f5be1a,PENDING,,
BIE_INFRA_OBS_003.zip,app/bie/enterprise/__init__.py,0,e3b0c44298fc1c149afbf4c8996fb92427ae41e4649b934ca495991b7852b855,PENDING,,
BIE_INFRA_OBS_003.zip,app/bie/enterprise/__pycache__/__init__.cpython-313.pyc,155,82a3208a0b8378925e05163672452ec37e53958e5e8df1931327a4850f9c871e,PENDING,,
BIE_INFRA_OBS_003.zip,app/bie/enterprise/__pycache__/metrics.cpython-313.pyc,2122,4206a917bed7f8b2ad55108d35958023d291a1ae02939e74c101f08fe196d0dd,PENDING,,
BIE_INFRA_OBS_003.zip,docs/bie/METRICS_SPEC.md,91,0df98bdce5f797695f763abfbed3c809e0db9bf5ea60f0706cd49090ac836d3a,PENDING,,
BIE_INFRA_OBS_003.zip,tests/enterprise/test_metrics.py,610,3325476b5f88e49c7a57beb1fbbecc94ce74b0ccca14d2e5fb350c0285a44eec,PENDING,,
BIE_INFRA_OBS_003.zip,tests/enterprise/__pycache__/test_metrics.cpython-313.pyc,2280,3b8bc9a2ceab4561234333fdb15433271c66fe260bee898c3639c9ad086a0a43,PENDING,,
BIE_INFRA_OBS_004.zip,TEST_RESULT.txt,1180,da0de3e9aafb4e993c448757f17dcee7dd4ec4cac83a8d237c2acdd6de251dca,PENDING,,
BIE_INFRA_OBS_004.zip,TASK_RESULT.json,120,60326458db1378d98638c7e4f43661f657bb25e0dd38fc4b876497afbbe3e5bf,PENDING,,
BIE_INFRA_OBS_004.zip,app/bie/enterprise/__init__.py,0,e3b0c44298fc1c149afbf4c8996fb92427ae41e4649b934ca495991b7852b855,PENDING,,
BIE_INFRA_OBS_004.zip,app/bie/enterprise/run_timeline.py,646,c84df5dbd634c7fba802d73bd1de846d2d4491e68b64dc8f5b143f55bdd10395,PENDING,,
BIE_INFRA_OBS_004.zip,app/bie/enterprise/__pycache__/__init__.cpython-313.pyc,155,824072203e85743948a67c16db01703e4467ce992e1137c8f9fc21802ae048a8,PENDING,,
BIE_INFRA_OBS_004.zip,app/bie/enterprise/__pycache__/run_timeline.cpython-313.pyc,2241,cbb9fd97ed22b81034b693f79a466e9ac7b75e52c991321a06cef93c5ce6b66b,PENDING,,
BIE_INFRA_OBS_004.zip,docs/bie/RUN_TIMELINE_SPEC.md,86,11e9ad0bcf50d4e3391a371ac4e888e686408941932c4d64942a40954d4c157c,PENDING,,
BIE_INFRA_OBS_004.zip,tests/enterprise/test_run_timeline.py,618,b1fe1679c150a5ac007a953bacd7455603afe538dc8fb3678500d219eed81f8a,PENDING,,
BIE_INFRA_OBS_004.zip,tests/enterprise/__pycache__/test_run_timeline.cpython-313.pyc,2372,484c875ba6fd4ab7834ea92933dbecfc47aba43649d1a297124859a5f9129551,PENDING,,
BIE_INFRA_OBS_005.zip,TEST_RESULT.txt,1180,da0de3e9aafb4e993c448757f17dcee7dd4ec4cac83a8d237c2acdd6de251dca,PENDING,,
BIE_INFRA_OBS_005.zip,TASK_RESULT.json,120,0e7a96b4527565cd8d307ebed844ca841177abbb91f619847057f6e51da0bc95,PENDING,,
BIE_INFRA_OBS_005.zip,app/bie/enterprise/__init__.py,0,e3b0c44298fc1c149afbf4c8996fb92427ae41e4649b934ca495991b7852b855,PENDING,,
BIE_INFRA_OBS_005.zip,app/bie/enterprise/stage_latency.py,467,0723b97ba0fe24419fe5d1624c93684c24498c790ac46da78c9a9eb812b3c5a8,PENDING,,
BIE_INFRA_OBS_005.zip,app/bie/enterprise/__pycache__/__init__.cpython-313.pyc,155,24603f2c880a5b6ae02047b7f64e9cc4d82eafc5f952190c0035fa889cb45625,PENDING,,
BIE_INFRA_OBS_005.zip,app/bie/enterprise/__pycache__/stage_latency.cpython-313.pyc,1589,c7c194e4e291743fd0e92f99877d6ae213eff51fb14b8c8062586bc6e87c1567,PENDING,,
BIE_INFRA_OBS_005.zip,docs/bie/STAGE_LATENCY_SPEC.md,88,5a7d48d456f6d2ca02f6683759afadac6baafc315ad43edb6f592c330e7f82f2,PENDING,,
BIE_INFRA_OBS_005.zip,tests/enterprise/test_stage_latency.py,610,1ddeb716c04e6ea37b066b5a052a46ab9c82c457ca3a44cbcfaa932904b9e327,PENDING,,
BIE_INFRA_OBS_005.zip,tests/enterprise/__pycache__/test_stage_latency.cpython-313.pyc,2229,77f2c1c5f1df4849b45cf03a7875474ae039121b23d5a144f9e8ab32e72e1ec0,PENDING,,
BIE_INFRA_OBS_006.zip,TEST_RESULT.txt,1180,da0de3e9aafb4e993c448757f17dcee7dd4ec4cac83a8d237c2acdd6de251dca,PENDING,,
BIE_INFRA_OBS_006.zip,TASK_RESULT.json,120,931dfd327c54b102d804046d86439c2f325b8f7971a10e3e1bd2a185563adc2b,PENDING,,
BIE_INFRA_OBS_006.zip,app/bie/enterprise/__init__.py,0,e3b0c44298fc1c149afbf4c8996fb92427ae41e4649b934ca495991b7852b855,PENDING,,
BIE_INFRA_OBS_006.zip,app/bie/enterprise/worker_health.py,517,3e911045f6e804f2990a8982c6d6015d57372d25bb801353e6dc03544b41f3c2,PENDING,,
BIE_INFRA_OBS_006.zip,app/bie/enterprise/__pycache__/__init__.cpython-313.pyc,155,da7182657c5b58c05184470732dd6b0da4be4052163930030fc55807f0e15302,PENDING,,
BIE_INFRA_OBS_006.zip,app/bie/enterprise/__pycache__/worker_health.cpython-313.pyc,1474,95941a6316d16e2daee18975ada96a36c1b3cc8a9ede92325cdfd819403fea89,PENDING,,
BIE_INFRA_OBS_006.zip,docs/bie/WORKER_HEALTH_SPEC.md,98,800ca2794064c2fc8893a24e25be660e815f9f8162d66b8d64d3216054abecb0,PENDING,,
BIE_INFRA_OBS_006.zip,tests/enterprise/test_worker_health.py,692,46e80db03fa403aa9b656ec66001a463acc864cd88e0c7a356447377bd202aa0,PENDING,,
BIE_INFRA_OBS_006.zip,tests/enterprise/__pycache__/test_worker_health.cpython-313.pyc,2312,83de5bb4d77498f6e7bf4687106683f8669bdede1f6ee60f24bbfb799e2d0d88,PENDING,,
BIE_INFRA_OBS_007.zip,TEST_RESULT.txt,1180,da0de3e9aafb4e993c448757f17dcee7dd4ec4cac83a8d237c2acdd6de251dca,PENDING,,
BIE_INFRA_OBS_007.zip,TASK_RESULT.json,120,f101b8ecf87600bfe1b21abb858505255a0e764ff2c1e16a6d878346b76a8d0a,PENDING,,
BIE_INFRA_OBS_007.zip,app/bie/enterprise/queue_health.py,449,b087cc40fe92a8561354fbd30a58c2e87c84df52c7eb0021f47157e4d0d1a231,PENDING,,
BIE_INFRA_OBS_007.zip,app/bie/enterprise/__init__.py,0,e3b0c44298fc1c149afbf4c8996fb92427ae41e4649b934ca495991b7852b855,PENDING,,
BIE_INFRA_OBS_007.zip,app/bie/enterprise/__pycache__/__init__.cpython-313.pyc,155,4baaaef7ba5af1bb07c1e0b0dc0e02e313bb9412dbe97a2f0afd580d71d02615,PENDING,,
BIE_INFRA_OBS_007.zip,app/bie/enterprise/__pycache__/queue_health.cpython-313.pyc,1359,2063168a3be49e7b92b18b0743d1c424a2f5eb552f7da7d575de3812e4760aef,PENDING,,
BIE_INFRA_OBS_007.zip,docs/bie/QUEUE_HEALTH_SPEC.md,70,15a14def400c4055b2c3989bd8fb8e4342aaa5f99fecee4915fb600a4377fb42,PENDING,,
BIE_INFRA_OBS_007.zip,tests/enterprise/test_queue_health.py,573,fb016ee5f2fec3ae24809722fc563aa2cf7ce064730ce6d2df44ecebf9c501fb,PENDING,,
BIE_INFRA_OBS_007.zip,tests/enterprise/__pycache__/test_queue_health.cpython-313.pyc,1940,5e8e9cbf65b9a4bb3a683186e327ebbe5f29fae48308a3854e7f39b85fb2ace5,PENDING,,
BIE_INFRA_OBS_008.zip,TEST_RESULT.txt,1179,c467fe92fb82537ec073726bdf048de734b664497b1d837f9cf47db16ac03db2,PENDING,,
BIE_INFRA_OBS_008.zip,TASK_RESULT.json,120,52cc8cd5ff3f0673f9f07656699dd82b51fab62460b44a9c6bfc2758abf830a6,PENDING,,
BIE_INFRA_OBS_008.zip,app/bie/enterprise/lineage_view.py,491,2fbf8989ed78a7e71242822a968677ffc3eb2644861b959ea55a56a4ab6c0308,PENDING,,
BIE_INFRA_OBS_008.zip,app/bie/enterprise/__init__.py,0,e3b0c44298fc1c149afbf4c8996fb92427ae41e4649b934ca495991b7852b855,PENDING,,
BIE_INFRA_OBS_008.zip,app/bie/enterprise/__pycache__/lineage_view.cpython-313.pyc,1429,cf002ca1cb2631099a7192df9cf72b47b0809044172b82f3306bdec39b201981,PENDING,,
BIE_INFRA_OBS_008.zip,app/bie/enterprise/__pycache__/__init__.cpython-313.pyc,155,a90134e414dab064d16102da8531f315018eb551cb5d0cde0d7229cd12854c35,PENDING,,
BIE_INFRA_OBS_008.zip,docs/bie/LINEAGE_VIEW_SPEC.md,110,0c9d6d732cc4c4c581344ee2e45eafe87a3a9d2053e427c6d149545a9e80d87c,PENDING,,
BIE_INFRA_OBS_008.zip,tests/enterprise/test_lineage_view.py,649,744f9279d66191478984e3dd7e9da65e7eca3e8805d635e900959d3c0727533e,PENDING,,
BIE_INFRA_OBS_008.zip,tests/enterprise/__pycache__/test_lineage_view.cpython-313.pyc,1963,cc8c07585b6c22950ac09b8c9affff921822d2929b4f35fd938a1cd5affbf912,PENDING,,
BIE_INFRA_OBS_009.zip,TEST_RESULT.txt,1180,da0de3e9aafb4e993c448757f17dcee7dd4ec4cac83a8d237c2acdd6de251dca,PENDING,,
BIE_INFRA_OBS_009.zip,TASK_RESULT.json,120,ea3beb5965efad04f43abfaac295f05aa9d08aac926e6bb24a295d7b3aa105f5,PENDING,,
BIE_INFRA_OBS_009.zip,app/bie/enterprise/failure_taxonomy.py,686,33068baa06b138234088eaf3ce916de776059210b7b2eef4f0037f320db1cc0b,PENDING,,
BIE_INFRA_OBS_009.zip,app/bie/enterprise/__init__.py,0,e3b0c44298fc1c149afbf4c8996fb92427ae41e4649b934ca495991b7852b855,PENDING,,
BIE_INFRA_OBS_009.zip,app/bie/enterprise/__pycache__/__init__.cpython-313.pyc,155,f09c5148e1290e9b45481f10865d2602e8f4659eaaf3014d50a7dc9ad57b8885,PENDING,,
BIE_INFRA_OBS_009.zip,app/bie/enterprise/__pycache__/failure_taxonomy.cpython-313.pyc,1454,429ab8ccf91b8794100ce002e0fd1f1b6a08b9d248dd71d1b72bb39099001c58,PENDING,,
BIE_INFRA_OBS_009.zip,docs/bie/FAILURE_TAXONOMY_SPEC.md,93,91e87124ae833341cae97818e6d97ac514f9366f1168aa9d125c65be9d384a7c,PENDING,,
BIE_INFRA_OBS_009.zip,tests/enterprise/test_failure_taxonomy.py,687,d33421cc21e8111cb69de3c57055451d01ebd82f1b7ca8aa4b54808caab6edd0,PENDING,,
BIE_INFRA_OBS_009.zip,tests/enterprise/__pycache__/test_failure_taxonomy.cpython-313.pyc,2146,10f11e1d0563e8b772dcee28b05e7256cda15c19b4fc60d65a6d00805ddec3a0,PENDING,,
BIE_INFRA_OBS_010.zip,TEST_RESULT.txt,1181,f2cb519aca98f85bdd6553ad8024f849ef5bfe59a1c341ccfc5721de5ba99792,PENDING,,
BIE_INFRA_OBS_010.zip,TASK_RESULT.json,120,62e772109ea363ed6c89ba98335bad2fc8f547b1cdae9cbe5dc531c473bb62a1,PENDING,,
BIE_INFRA_OBS_010.zip,app/bie/enterprise/__init__.py,0,e3b0c44298fc1c149afbf4c8996fb92427ae41e4649b934ca495991b7852b855,PENDING,,
BIE_INFRA_OBS_010.zip,app/bie/enterprise/alert_contracts.py,603,3d92196d87236a03944a86b22ab2fbd19e8afe88202511e1e9ee418c73ef9706,PENDING,,
BIE_INFRA_OBS_010.zip,app/bie/enterprise/__pycache__/__init__.cpython-313.pyc,155,5f270655a0910101ab4a2af6f20319bf992a6b0935a98cd38a7c4c9d1f330b15,PENDING,,
BIE_INFRA_OBS_010.zip,app/bie/enterprise/__pycache__/alert_contracts.cpython-313.pyc,1603,d0aefa6eccb8937c93d66fc9ec3e830ec21d6fa344d0d9c4daa28d5b3d2eb870,PENDING,,
BIE_INFRA_OBS_010.zip,docs/bie/ALERT_CONTRACTS_SPEC.md,127,8d9eba9bd4cab94b4078221d83d17f94d23a364ac521b51b767e8e8f92452ae1,PENDING,,
BIE_INFRA_OBS_010.zip,tests/enterprise/test_alert_contracts.py,771,472fa19a5c2be9c1d0a1ba50c4096598578447123f00ca589d57b4ec300a0e28,PENDING,,
BIE_INFRA_OBS_010.zip,tests/enterprise/__pycache__/test_alert_contracts.cpython-313.pyc,2691,bc71c1eeab8541b8eea33f31e53a99f8b70cd212058913cb7b812e265fc9a071,PENDING,,
BIE_INFRA_ORCH_001.zip,TEST_RESULT.txt,1187,8e7e8932f5e1c333056f05c4b33a2013456675784ee10f39ab31648ad5a79c8d,PENDING,,
BIE_INFRA_ORCH_001.zip,TASK_RESULT.json,572,03dc29d50ca008ab2b672fc3cc0c30a64d247097541ff28cc01c438ad275c9bf,PENDING,,
BIE_INFRA_ORCH_001.zip,app/bie/enterprise/run_state.py,4253,2e5d994c71c1d548300dab5a9df79e8ef631418e8c271a7c9b97c83caade4a72,PENDING,,
BIE_INFRA_ORCH_001.zip,app/bie/enterprise/__init__.py,0,e3b0c44298fc1c149afbf4c8996fb92427ae41e4649b934ca495991b7852b855,PENDING,,
BIE_INFRA_ORCH_001.zip,app/bie/enterprise/orchestrator.py,6302,282f4993ed135455752c83a6b4d75a926eb0941d9401781d39b92412910d22cf,PENDING,,
BIE_INFRA_ORCH_001.zip,app/bie/enterprise/__pycache__/__init__.cpython-313.pyc,156,aa8ef6907e3a618fa748a400762066384b52233988cba215beb24a7540272864,PENDING,,
BIE_INFRA_ORCH_001.zip,app/bie/enterprise/__pycache__/orchestrator.cpython-313.pyc,12429,7619f286fc07dfe803404ab1791e39126668f9ebd2e76f585501093f9ce5782b,PENDING,,
BIE_INFRA_ORCH_001.zip,app/bie/enterprise/__pycache__/run_state.cpython-313.pyc,9093,e7646e8735ed0ebd64c96b53c4df3615759c34f5bfce78bf91e9de9e109000ad,PENDING,,
BIE_INFRA_ORCH_001.zip,docs/bie/ORCHESTRATOR_INTEGRATION_PLAN.md,544,943690c1034ac58907c3192a2a71f17e1f776b8026a3a240cf61928f506f8e27,PENDING,,
BIE_INFRA_ORCH_001.zip,docs/bie/ORCHESTRATOR_SPEC.md,1683,da15937f80b61ea6b1e300fb5134f732d2f1c6bec4b75cab495e32b4e7b5c7c0,PENDING,,
BIE_INFRA_ORCH_001.zip,tests/enterprise/test_orchestrator.py,4271,dc4867c1c75c58ed0699ba6226962799df25dfadc4b0653e37a8b0c494ea09b5,PENDING,,
BIE_INFRA_ORCH_001.zip,tests/enterprise/__pycache__/test_orchestrator.cpython-313.pyc,8945,f25847994022b1e3b5b082ab5896e63664cbb1c315214a342384f6957de231e9,PENDING,,
BIE_INFRA_PERSIST_001.zip,TEST_RESULT.txt,6539,e7fa9d3f50c27c683115d7ae297eab2707c8a31d3fbc35c30a8da7ebb8549bb9,PENDING,,
BIE_INFRA_PERSIST_001.zip,TASK_RESULT.json,595,2a77b907f228b94885c036198fbfff18197d7c9e5b780063ee0a328ea12d4ec4,PENDING,,
BIE_INFRA_PERSIST_001.zip,app/bie/enterprise/persistence.py,13534,0f74588fe1c58dc2ae2e4d7aff8681cc9b007814f37399b92fbd82077b25765b,PENDING,,
BIE_INFRA_PERSIST_001.zip,app/bie/enterprise/__init__.py,0,e3b0c44298fc1c149afbf4c8996fb92427ae41e4649b934ca495991b7852b855,PENDING,,
BIE_INFRA_PERSIST_001.zip,app/bie/enterprise/__pycache__/__init__.cpython-313.pyc,159,d534b06dfec671e9f7d8097568c969a7447c5af0d3abefa5481d1e3691c0fb91,PENDING,,
BIE_INFRA_PERSIST_001.zip,app/bie/enterprise/__pycache__/persistence.cpython-313.pyc,21134,eb75abbc6534b7bc54fc3f8d949451b3c32285171c386cc984605291a29c18a3,PENDING,,
BIE_INFRA_PERSIST_001.zip,docs/bie/PERSISTENCE_INTEGRATION_PLAN.md,758,4188f20cc7be4060242756792bb8f3f75d61c8d60ac467b8f1c80489bbef843d,PENDING,,
BIE_INFRA_PERSIST_001.zip,docs/bie/PERSISTENCE_SPEC.md,2005,1d74c8b3f8fdf5ae003c0c05eb6c07d4d384c8e4dacd072ed652cc56400f6bb1,PENDING,,
BIE_INFRA_PERSIST_001.zip,tests/enterprise/test_persistence.py,3881,c41f4c02ef3e7ac792a479d215ed8ec15212f95cc9ee5727f87d8342eeea0aca,PENDING,,
BIE_INFRA_PERSIST_001.zip,tests/enterprise/__pycache__/test_persistence.cpython-313.pyc,9182,dd5055b3e15ad9c560c826bbf26b98f69b4dbf47f53a105e2df5f5f0ed76e299,PENDING,,
BIE_INFRA_QUEUE_001.zip,TEST_RESULT.txt,1188,5ff658483abe3da0969315af31c890e9aac14815b176ce0ec7d43e3e7d2512dd,PENDING,,
BIE_INFRA_QUEUE_001.zip,TASK_RESULT.json,621,7634b131f96cc790327f2b76337a757056f57a8ba88bc4e52c9995b8c671c88d,PENDING,,
BIE_INFRA_QUEUE_001.zip,app/bie/enterprise/task_queue.py,6602,ece1fa4f07c77aa65337234730fef03cd0ac6d0ddc2200e0a7922ce83a1c1831,PENDING,,
BIE_INFRA_QUEUE_001.zip,app/bie/enterprise/__init__.py,0,e3b0c44298fc1c149afbf4c8996fb92427ae41e4649b934ca495991b7852b855,PENDING,,
BIE_INFRA_QUEUE_001.zip,app/bie/enterprise/__pycache__/task_queue.cpython-313.pyc,12572,ff8f121c5c504bd259453fdc1f2a69fdcd09ecefdd148f4868b5b09cd848b0ad,PENDING,,
BIE_INFRA_QUEUE_001.zip,app/bie/enterprise/__pycache__/__init__.cpython-313.pyc,157,5d3488231f2be46384a46b894aa6f65a04b5779c183ad3661ae510e0ae7e1bf5,PENDING,,
BIE_INFRA_QUEUE_001.zip,docs/bie/QUEUE_INTEGRATION_PLAN.md,701,1e472bbcf7a78ea1800f0990ca09009fcaf1ed740c650abb232b7693717b4820,PENDING,,
BIE_INFRA_QUEUE_001.zip,docs/bie/TASK_QUEUE_SPEC.md,2052,da70b198be78fbfe5f0607de7c81479e1ea167ca836746e511473dbaa3200d92,PENDING,,
BIE_INFRA_QUEUE_001.zip,tests/enterprise/test_task_queue.py,3159,e740daf346eeddd283f202d3e62b634720ec5184a12c12c0af918ae097230040,PENDING,,
BIE_INFRA_QUEUE_001.zip,tests/enterprise/__pycache__/test_task_queue.cpython-313.pyc,9230,9aaf3130b8f7e85e94405d77a5eaf63aa057a7241e547a5afa76cebba6ba42cd,PENDING,,
BIE_INFRA_QUEUE_PERSIST_001.zip,TEST_RESULT.txt,1191,79bb0e3318c8b3dfc272cfe6763f783235308b7806ff7b81defe91cb4bf410bd,PENDING,,
BIE_INFRA_QUEUE_PERSIST_001.zip,TASK_RESULT.json,706,6a5fc3c28cbec310118416e4cb25ab0da67bc01ac71ce89332cdf474c22246ca,PENDING,,
BIE_INFRA_QUEUE_PERSIST_001.zip,app/bie/enterprise/__init__.py,0,e3b0c44298fc1c149afbf4c8996fb92427ae41e4649b934ca495991b7852b855,PENDING,,
BIE_INFRA_QUEUE_PERSIST_001.zip,app/bie/enterprise/durable_task_queue.py,15807,d20206f2938547174e3dbb93cec4f1b4387034cf5e80c8c1a42a048d6b99d65c,PENDING,,
BIE_INFRA_QUEUE_PERSIST_001.zip,app/bie/enterprise/__pycache__/durable_task_queue.cpython-313.pyc,23699,8667ee855fe2c1d0760ad7939c5c845ed6eebc4166e085307f495422ce4c98e3,PENDING,,
BIE_INFRA_QUEUE_PERSIST_001.zip,app/bie/enterprise/__pycache__/__init__.cpython-313.pyc,165,64bb8fd6b83b22628329bc9f2178edf79caacf4f38ebf738ea55a40bdd663f8d,PENDING,,
BIE_INFRA_QUEUE_PERSIST_001.zip,docs/bie/DURABLE_QUEUE_SPEC.md,2027,41fee543339ab455dc0784c9574f7725b864ab787bce1a0b0251099c9f87e087,PENDING,,
BIE_INFRA_QUEUE_PERSIST_001.zip,docs/bie/DURABLE_QUEUE_INTEGRATION_PLAN.md,745,2eae82a0f0606bcaa4c68a96571a33384c908c986c15326ce7288f9bcc98f8b8,PENDING,,
BIE_INFRA_QUEUE_PERSIST_001.zip,tests/enterprise/test_durable_task_queue.py,4568,24652de7e7724b8439441a106323cd9d799fb5b0b6bcb92e412d7f8bda1fdcc9,PENDING,,
BIE_INFRA_QUEUE_PERSIST_001.zip,tests/enterprise/__pycache__/test_durable_task_queue.cpython-313.pyc,12847,af35ce5c8d2a28bf0c343ba78a57b30fba9c25526e75bcb1bc3c7eb562298db4,PENDING,,
BIE_INFRA_QUEUE_WORKER_001.zip,TEST_RESULT.txt,1186,6d2bebab54791e53dafb8341c0d7ebaf4b49b0d4b22e5c7459d02dddb04e7fcd,PENDING,,
BIE_INFRA_QUEUE_WORKER_001.zip,TASK_RESULT.json,681,1afdf89b8c9fb8f445a1f6aa6113b91944f5b95e71b4cea064f6d5943008a48a,PENDING,,
BIE_INFRA_QUEUE_WORKER_001.zip,app/bie/enterprise/queue_worker_consumer.py,5039,543f5920d8c160ea9c558a75bbd87717bbe50d32a0467d37c7a3d3a752ff3d62,PENDING,,
BIE_INFRA_QUEUE_WORKER_001.zip,app/bie/enterprise/fake_runtime.py,1074,f16cb26633ee5ec52ec58440a2120aa52aa5ce378927b74d3539565e981fff53,PENDING,,
BIE_INFRA_QUEUE_WORKER_001.zip,app/bie/enterprise/__init__.py,0,e3b0c44298fc1c149afbf4c8996fb92427ae41e4649b934ca495991b7852b855,PENDING,,
BIE_INFRA_QUEUE_WORKER_001.zip,app/bie/enterprise/fake_queue.py,1926,9eab77a4e82c81e27ef23943cd00cc0e4aab6c558f21ade6533d9a9767dc77cc,PENDING,,
BIE_INFRA_QUEUE_WORKER_001.zip,app/bie/enterprise/__pycache__/fake_queue.cpython-313.pyc,4332,5923b178e37149648b9864119035d117fc33a0e762da0ca913317dbbd920f2f6,PENDING,,
BIE_INFRA_QUEUE_WORKER_001.zip,app/bie/enterprise/__pycache__/__init__.cpython-313.pyc,164,e9f6d47fae748254e6f6d09124e5195559255f4f51507847f03cd9f29b76e5a5,PENDING,,
BIE_INFRA_QUEUE_WORKER_001.zip,app/bie/enterprise/__pycache__/queue_worker_consumer.cpython-313.pyc,8055,12c0668c02af976c9ce02878f12c99a2878e2e7317ac44382f5bfa24eb196570,PENDING,,
BIE_INFRA_QUEUE_WORKER_001.zip,app/bie/enterprise/__pycache__/fake_runtime.cpython-313.pyc,2413,0bf69d04fdd19675916dbab49173b534bbc9d4b1d25fe244a39c9d8f9acf3f39,PENDING,,
BIE_INFRA_QUEUE_WORKER_001.zip,docs/bie/QUEUE_WORKER_INTEGRATION_PLAN.md,786,deeb0a0bf55be81533fefeae08e19803329672daf1c959467993c9fcec468487,PENDING,,
BIE_INFRA_QUEUE_WORKER_001.zip,docs/bie/QUEUE_WORKER_INTEGRATION_SPEC.md,2266,73566952ba5f5aad037b222d6e0d92ca18fa1157df35dc483d4bb08835e49520,PENDING,,
BIE_INFRA_QUEUE_WORKER_001.zip,tests/enterprise/test_queue_worker_consumer.py,4391,0247c5e44f43277f11fe6cd39e2cc3cab266b66e47b6ce2f8f8a6c08db8cf399,PENDING,,
BIE_INFRA_QUEUE_WORKER_001.zip,tests/enterprise/__pycache__/test_queue_worker_consumer.cpython-313.pyc,10500,73db4f410e484629a970d11b8a29248c15bc50a737ab1913b0076beec8b6ba73,PENDING,,
BIE_INFRA_RECOVERY_001.zip,TEST_RESULT.txt,1186,0d95f3ff1f80b38575fb4ce63b1ae97912b24f6b4ee485851424f938ebc9bb26,PENDING,,
BIE_INFRA_RECOVERY_001.zip,TASK_RESULT.json,512,c5feaaaa59422b2b220bf0c0ea056cbea429823ba9d81305a351b836400d8801,PENDING,,
BIE_INFRA_RECOVERY_001.zip,app/bie/enterprise/__init__.py,0,e3b0c44298fc1c149afbf4c8996fb92427ae41e4649b934ca495991b7852b855,PENDING,,
BIE_INFRA_RECOVERY_001.zip,app/bie/enterprise/leases.py,4629,59298e73edcfca2f1eaf04cf17ca1470889efee5b8bfd3589b10f4f770d89bb9,PENDING,,
BIE_INFRA_RECOVERY_001.zip,app/bie/enterprise/__pycache__/leases.cpython-313.pyc,9185,2722b4b3f31e4d3d37f6365ce911fd58dd09e88293d549984dd745f9a66d3cb9,PENDING,,
BIE_INFRA_RECOVERY_001.zip,app/bie/enterprise/__pycache__/__init__.cpython-313.pyc,160,19083b3ae31b542546e459e53ee934c4b5441922daadbc1d29bee6c2cf2f2295,PENDING,,
BIE_INFRA_RECOVERY_001.zip,docs/bie/RECOVERY_INTEGRATION_PLAN.md,848,bc11eeec0df4df6ded9ab2c2f8e06270000691f8d89df799b4b3f775b712ff2c,PENDING,,
BIE_INFRA_RECOVERY_001.zip,docs/bie/RECOVERY_LEASE_SPEC.md,2185,8653db08e9f6b669ce676943ae7e4e77a0ee7f69e94f7b4e2a0744c0907d0809,PENDING,,
BIE_INFRA_RECOVERY_001.zip,tests/enterprise/test_leases.py,2571,d7eb02252da6038a0496c6be4bf83dd75fb9380f7abac74f0918171102b69fcf,PENDING,,
BIE_INFRA_RECOVERY_001.zip,tests/enterprise/__pycache__/test_leases.cpython-313.pyc,8002,0db41f5bd51112f767650552e7d65d7a3f6856a79fac517e559228ec4a1c5c03,PENDING,,
BIE_INFRA_SEC_001.zip,TEST_RESULT.txt,1180,da0de3e9aafb4e993c448757f17dcee7dd4ec4cac83a8d237c2acdd6de251dca,PENDING,,
BIE_INFRA_SEC_001.zip,TASK_RESULT.json,120,fa660d6a1738c8422e0e4ba46415fe0e67e65598ceadf8f2d1136299eba5ae49,PENDING,,
BIE_INFRA_SEC_001.zip,app/bie/enterprise/secret_abstraction.py,597,375ce4f55097e361beb4ba0e16a351274ee35df40d0e0ac01e63274efae82263,PENDING,,
BIE_INFRA_SEC_001.zip,app/bie/enterprise/__init__.py,0,e3b0c44298fc1c149afbf4c8996fb92427ae41e4649b934ca495991b7852b855,PENDING,,
BIE_INFRA_SEC_001.zip,app/bie/enterprise/__pycache__/__init__.cpython-313.pyc,155,291b5af72c1e319027a9a63f9bab42df16af341aa8e9d239e6490e3aeb1330be,PENDING,,
BIE_INFRA_SEC_001.zip,app/bie/enterprise/__pycache__/secret_abstraction.cpython-313.pyc,2077,b7ffd6f15f5cae85367c9353ef50c9261076959fca2ebf2d065b453ef4a7b9db,PENDING,,
BIE_INFRA_SEC_001.zip,docs/bie/SECRET_ABSTRACTION_SPEC.md,109,0f330e8b82ce892750c0ad3a730a7e60b58969d9b4575423d777af8800bce735,PENDING,,
BIE_INFRA_SEC_001.zip,tests/enterprise/test_secret_abstraction.py,758,489cc2ca322456775cb5d673bcf265cc53dfb053d9624e0cfdcf48c3616cccc8,PENDING,,
BIE_INFRA_SEC_001.zip,tests/enterprise/__pycache__/test_secret_abstraction.cpython-313.pyc,2872,5e47212cdc0d6a05889e1a1c0a301f16e11bbb3df0575897e0446def7975bb8b,PENDING,,
BIE_INFRA_SEC_002.zip,TEST_RESULT.txt,1179,c467fe92fb82537ec073726bdf048de734b664497b1d837f9cf47db16ac03db2,PENDING,,
BIE_INFRA_SEC_002.zip,TASK_RESULT.json,120,67d74667192b7286e588ee38c0aba70311ebb36ee6f119aababc4818bebc7cd7,PENDING,,
BIE_INFRA_SEC_002.zip,app/bie/enterprise/credential_scope.py,384,548d8e921658fbf5f517c8578ce0bca955601d9252a52c999aa702aeca5031b2,PENDING,,
BIE_INFRA_SEC_002.zip,app/bie/enterprise/__init__.py,0,e3b0c44298fc1c149afbf4c8996fb92427ae41e4649b934ca495991b7852b855,PENDING,,
BIE_INFRA_SEC_002.zip,app/bie/enterprise/__pycache__/__init__.cpython-313.pyc,155,6dc2d53c133ac934e031e74e9cb47d2a29306d545dcd38d259714ba83db61214,PENDING,,
BIE_INFRA_SEC_002.zip,app/bie/enterprise/__pycache__/credential_scope.cpython-313.pyc,1171,74835cf2ee36f0908a9d625e9e757ff937db09de1b7383dff04c914ae8b91d8f,PENDING,,
BIE_INFRA_SEC_002.zip,docs/bie/CREDENTIAL_SCOPE_SPEC.md,75,9ad58f08ad6b1d57bbd93cf5e480a91475123f23bdfd02b19cb3d774e41c1b69,PENDING,,
BIE_INFRA_SEC_002.zip,tests/enterprise/test_credential_scope.py,619,c6220912686dca04fa38d245174696a7f36cc3df6f06ec04b73dbe67d05e0cdf,PENDING,,
BIE_INFRA_SEC_002.zip,tests/enterprise/__pycache__/test_credential_scope.cpython-313.pyc,2126,c3556e32c868cd768675c3c7e1619d446ca7bf4f3be6fdcd30d34305b9ac420f,PENDING,,
BIE_INFRA_SEC_003.zip,TEST_RESULT.txt,1179,c467fe92fb82537ec073726bdf048de734b664497b1d837f9cf47db16ac03db2,PENDING,,
BIE_INFRA_SEC_003.zip,TASK_RESULT.json,120,1dde6feea1730119d4145bab2e15d59411dd4f977cfaeb3dd419c4c2ef708aed,PENDING,,
BIE_INFRA_SEC_003.zip,app/bie/enterprise/__init__.py,0,e3b0c44298fc1c149afbf4c8996fb92427ae41e4649b934ca495991b7852b855,PENDING,,
BIE_INFRA_SEC_003.zip,app/bie/enterprise/execution_sandbox.py,525,8fca39b4109e634937eed4b23240ced65da18b795b1d2420a4ef3a6991a671b8,PENDING,,
BIE_INFRA_SEC_003.zip,app/bie/enterprise/__pycache__/execution_sandbox.cpython-313.pyc,1538,90afb3d1e8df94602c55a9335a5e67fc650b4e79e8d3b1d78321dd652c8f5f9d,PENDING,,
BIE_INFRA_SEC_003.zip,app/bie/enterprise/__pycache__/__init__.cpython-313.pyc,155,34a478a36b18ebb032a5f390bc7d2ff1a1bcb1f9fae430e128a7161ebd485108,PENDING,,
BIE_INFRA_SEC_003.zip,docs/bie/EXECUTION_SANDBOX_SPEC.md,133,db1d294e732b0448c658668fc479e7cacfecd00bbe05e99126aedf9ea42fb24e,PENDING,,
BIE_INFRA_SEC_003.zip,tests/enterprise/test_execution_sandbox.py,547,67f6d7d9573233692a03ab0c56d82c53547a0aa6408a235684af24b9a2f14c77,PENDING,,
BIE_INFRA_SEC_003.zip,tests/enterprise/__pycache__/test_execution_sandbox.cpython-313.pyc,1821,8ab82c068166ec44dedbbdd10431a54c0d3ba4ebd5998a1ab5ba3e8f286ea610,PENDING,,
BIE_INFRA_SEC_004.zip,TEST_RESULT.txt,1179,c46b6fdafa8251ec6f091ee4678354ac8cc951c49d0cbed0bf4589247cfc8895,PENDING,,
BIE_INFRA_SEC_004.zip,TASK_RESULT.json,120,b44f09b10d00092a0c32780efbf2cf091bf536e30a5e3758a21e36bd08e356a3,PENDING,,
BIE_INFRA_SEC_004.zip,app/bie/enterprise/path_confinement.py,552,b131b6f8f9cae1fd7d15d7407d031351d85c9833e4e4b223d3cf91dbc4508756,PENDING,,
BIE_INFRA_SEC_004.zip,app/bie/enterprise/__init__.py,0,e3b0c44298fc1c149afbf4c8996fb92427ae41e4649b934ca495991b7852b855,PENDING,,
BIE_INFRA_SEC_004.zip,app/bie/enterprise/__pycache__/__init__.cpython-313.pyc,155,9523f3f6546699349a87811a1bb6dc0742a070cff759e7a3a020047abdded899,PENDING,,
BIE_INFRA_SEC_004.zip,app/bie/enterprise/__pycache__/path_confinement.cpython-313.pyc,1589,1eb7428259ebf2a277afcc10c043844eecde983e4d8f4ab122ce4d44f93061d3,PENDING,,
BIE_INFRA_SEC_004.zip,docs/bie/PATH_CONFINEMENT_SPEC.md,103,4d53fd79127a730b2dd44f501bb761a45e2c6c3da54d23418e83114410221055,PENDING,,
BIE_INFRA_SEC_004.zip,tests/enterprise/test_path_confinement.py,663,d96f240eca20ab28f4e608be8ece67555eaf4b8a4c72502559ecc78c4c73a56f,PENDING,,
BIE_INFRA_SEC_004.zip,tests/enterprise/__pycache__/test_path_confinement.cpython-313.pyc,2355,f1436cf2ed5d05df1b1f57f969e80f4fdd2f44f68ebce9482a6813275625a11e,PENDING,,
BIE_INFRA_SEC_005.zip,TEST_RESULT.txt,1180,da0de3e9aafb4e993c448757f17dcee7dd4ec4cac83a8d237c2acdd6de251dca,PENDING,,
BIE_INFRA_SEC_005.zip,TASK_RESULT.json,120,23c56023cc6fb681680c2c76c404fb2c28a7deb06f7192252191940fcc01c09b,PENDING,,
BIE_INFRA_SEC_005.zip,app/bie/enterprise/command_allowlist.py,509,225b9097c6acf197cfa3b034e60438c56034d22a726afda443f140f4e6b54036,PENDING,,
BIE_INFRA_SEC_005.zip,app/bie/enterprise/__init__.py,0,e3b0c44298fc1c149afbf4c8996fb92427ae41e4649b934ca495991b7852b855,PENDING,,
BIE_INFRA_SEC_005.zip,app/bie/enterprise/__pycache__/command_allowlist.cpython-313.pyc,1896,2c918ba4b1f447b6988d742526db15f5d873531ece4a0aa1315e14fd4348c290,PENDING,,
BIE_INFRA_SEC_005.zip,app/bie/enterprise/__pycache__/__init__.cpython-313.pyc,155,b0506e0a91abdbb2911f5c06aa233f8872c98acf0aded9435732c25d96928dc2,PENDING,,
BIE_INFRA_SEC_005.zip,docs/bie/COMMAND_ALLOWLIST_SPEC.md,112,d73cbc92dc8a3f8cd9543f798bcc5b4b0f4d4818d6dfe8790a5788d2d3c78254,PENDING,,
BIE_INFRA_SEC_005.zip,tests/enterprise/test_command_allowlist.py,655,845a41174f20f1f599e5364237948c6414a62fd6865ec06c4828bc11242feec6,PENDING,,
BIE_INFRA_SEC_005.zip,tests/enterprise/__pycache__/test_command_allowlist.cpython-313.pyc,2365,6ad2e0aeae0592cfa6a212bd7cf7b60051b96c1288a6e567fc5c5e8a058580b1,PENDING,,
BIE_INFRA_SEC_006.zip,TEST_RESULT.txt,1180,da0de3e9aafb4e993c448757f17dcee7dd4ec4cac83a8d237c2acdd6de251dca,PENDING,,
BIE_INFRA_SEC_006.zip,TASK_RESULT.json,120,bb3f69d96b304613a6c17e5f05266dd607339832e7b6d5c2c283a4c23b934d02,PENDING,,
BIE_INFRA_SEC_006.zip,app/bie/enterprise/network_policy.py,632,797b42490a509981dc1434b8c4fcefe6231619661f04fec77a789ed1414587b3,PENDING,,
BIE_INFRA_SEC_006.zip,app/bie/enterprise/__init__.py,0,e3b0c44298fc1c149afbf4c8996fb92427ae41e4649b934ca495991b7852b855,PENDING,,
BIE_INFRA_SEC_006.zip,app/bie/enterprise/__pycache__/__init__.cpython-313.pyc,155,98436fbee08cec243323b0b610d9ef93c04cd5153f3558ca6c5ee268c5a7d1af,PENDING,,
BIE_INFRA_SEC_006.zip,app/bie/enterprise/__pycache__/network_policy.cpython-313.pyc,2014,e98723ea2ba1c6ea24af1d54a3f52b9bf4798ec0f54724c389601e9048182fb4,PENDING,,
BIE_INFRA_SEC_006.zip,docs/bie/NETWORK_POLICY_SPEC.md,166,3a3a8f3e3de96557bd29da87a51628e3e716c6da880873c3358cce1e3129d561,PENDING,,
BIE_INFRA_SEC_006.zip,tests/enterprise/test_network_policy.py,742,d64d8f02ccd3dbb8654f31dd93dc6d78f38a585beab3179fffd19ac4cb510c60,PENDING,,
BIE_INFRA_SEC_006.zip,tests/enterprise/__pycache__/test_network_policy.cpython-313.pyc,2278,fa2b6a3f6393de9730b06c57c69f6db241da401f0b0c79a2bb394573a78b2c2e,PENDING,,
BIE_INFRA_SEC_007.zip,TEST_RESULT.txt,1181,f2cb519aca98f85bdd6553ad8024f849ef5bfe59a1c341ccfc5721de5ba99792,PENDING,,
BIE_INFRA_SEC_007.zip,TASK_RESULT.json,120,d5911fd6ec0dc0a3a6354cb8cb0a8a56368d14b45df4be3831807f1cb97f31b6,PENDING,,
BIE_INFRA_SEC_007.zip,app/bie/enterprise/document_defense.py,796,b6151cdffef4008bd9f466be6b73cdfb25506e8079838894b14337bdc8f9a671,PENDING,,
BIE_INFRA_SEC_007.zip,app/bie/enterprise/__init__.py,0,e3b0c44298fc1c149afbf4c8996fb92427ae41e4649b934ca495991b7852b855,PENDING,,
BIE_INFRA_SEC_007.zip,app/bie/enterprise/__pycache__/__init__.cpython-313.pyc,155,b261aa6ce6851b2e76e8f4e3481f670a9c7268354768074834206f2d73f8ae3e,PENDING,,
BIE_INFRA_SEC_007.zip,app/bie/enterprise/__pycache__/document_defense.cpython-313.pyc,1893,6501a62d4c747ae75cb1fc34350ccb0b31db0f39c9c40c250eacf6d6b6177007,PENDING,,
BIE_INFRA_SEC_007.zip,docs/bie/DOCUMENT_DEFENSE_SPEC.md,132,42bc8889225cd584ef50d562197a16c54fa722a219d192663f17311461b6b841,PENDING,,
BIE_INFRA_SEC_007.zip,tests/enterprise/test_document_defense.py,867,7c4d0bca4fa1ad07895ad9f88a6f6e6b8eaeb52b910401317e39580537923d39,PENDING,,
BIE_INFRA_SEC_007.zip,tests/enterprise/__pycache__/test_document_defense.cpython-313.pyc,2734,fa497c414a4cac1d2a15fedfe11db5c5edaa8218c2de6c2273dd2e9b7905c73d,PENDING,,
BIE_INFRA_SEC_008.zip,TEST_RESULT.txt,1181,f2cb519aca98f85bdd6553ad8024f849ef5bfe59a1c341ccfc5721de5ba99792,PENDING,,
BIE_INFRA_SEC_008.zip,TASK_RESULT.json,120,f4a44bd6d1e13aab4a4b71c5910fed7ffa876c7b81d84305109c322c7a917bef,PENDING,,
BIE_INFRA_SEC_008.zip,app/bie/enterprise/__init__.py,0,e3b0c44298fc1c149afbf4c8996fb92427ae41e4649b934ca495991b7852b855,PENDING,,
BIE_INFRA_SEC_008.zip,app/bie/enterprise/dependency_scanning.py,480,bdf45054e0eea19882d118f709fa96d6924add5a9c6534458e2f01443b1c8a1d,PENDING,,
BIE_INFRA_SEC_008.zip,app/bie/enterprise/__pycache__/dependency_scanning.cpython-313.pyc,1400,cd67ccdbe68fdf68a6a635e2c80217058d16aaa725578a01264f5db8615fc8ee,PENDING,,
BIE_INFRA_SEC_008.zip,app/bie/enterprise/__pycache__/__init__.cpython-313.pyc,155,25fac6fb5468d4b98d99a724d287365e9f2a964ed93f8fda9a6f3a7fc38f5864,PENDING,,
BIE_INFRA_SEC_008.zip,docs/bie/DEPENDENCY_SCANNING_SPEC.md,125,750e26ed38c072b799a05b77fc951cbdad44dbfcbe709a3e80ff4a28fe659c28,PENDING,,
BIE_INFRA_SEC_008.zip,tests/enterprise/test_dependency_scanning.py,651,42f0397b292c7213ed58d20ee49e4d6d5d177194512a0a30902955440e1fecd9,PENDING,,
BIE_INFRA_SEC_008.zip,tests/enterprise/__pycache__/test_dependency_scanning.cpython-313.pyc,2175,cb64f3215a4b48e3d3b9ebd03c5712aee4e2df355fc3edd71ac5ecda58c1e30c,PENDING,,
BIE_INFRA_SEC_009.zip,TEST_RESULT.txt,1180,da0de3e9aafb4e993c448757f17dcee7dd4ec4cac83a8d237c2acdd6de251dca,PENDING,,
BIE_INFRA_SEC_009.zip,TASK_RESULT.json,120,af1d215a26dd0b1b6833bf70dcb31492e6f33bb806981788a52b327572006d96,PENDING,,
BIE_INFRA_SEC_009.zip,app/bie/enterprise/generated_code_security.py,481,4026b593a8ca78c2e686de29cadfe42f03b2b99a193411fc8269f17803f0b485,PENDING,,
BIE_INFRA_SEC_009.zip,app/bie/enterprise/__init__.py,0,e3b0c44298fc1c149afbf4c8996fb92427ae41e4649b934ca495991b7852b855,PENDING,,
BIE_INFRA_SEC_009.zip,app/bie/enterprise/__pycache__/__init__.cpython-313.pyc,155,52d4f5f76ecb7d820ef4c81ad6086577c45405dc1e6b5ec1435b7e8f14a55746,PENDING,,
BIE_INFRA_SEC_009.zip,app/bie/enterprise/__pycache__/generated_code_security.cpython-313.pyc,1223,c517de23b05162a32db0e9d4ec3709a17b38cece1674280aeb6329f06ba2b418,PENDING,,
BIE_INFRA_SEC_009.zip,docs/bie/GENERATED_CODE_SECURITY_SPEC.md,157,123a44ed4dc4e0ce05314f32660aa472311efe315e82377938698c411e8e7e5b,PENDING,,
BIE_INFRA_SEC_009.zip,tests/enterprise/test_generated_code_security.py,527,7545faf0d965f88c4d4993cc635da0862a8e661f7625bb8b89268a2510906923,PENDING,,
BIE_INFRA_SEC_009.zip,tests/enterprise/__pycache__/test_generated_code_security.cpython-313.pyc,1804,a15f4c3d343b07982af82720ad4a3fc027e80f645512971aea1b56470e85d8a2,PENDING,,
BIE_INFRA_SEC_010.zip,TEST_RESULT.txt,1180,da0de3e9aafb4e993c448757f17dcee7dd4ec4cac83a8d237c2acdd6de251dca,PENDING,,
BIE_INFRA_SEC_010.zip,TASK_RESULT.json,120,d6753d848d9c590357e646dc2b8d1491de66a56bfecddfa17bda2217c9c782cc,PENDING,,
BIE_INFRA_SEC_010.zip,app/bie/enterprise/__init__.py,0,e3b0c44298fc1c149afbf4c8996fb92427ae41e4649b934ca495991b7852b855,PENDING,,
BIE_INFRA_SEC_010.zip,app/bie/enterprise/audit_log.py,1147,259f0aaee70ec359d03a65ae959804c2af53a81405d11f91ab8627db1ae0501e,PENDING,,
BIE_INFRA_SEC_010.zip,app/bie/enterprise/__pycache__/audit_log.cpython-313.pyc,3003,417ce04f83498811b44d7b4fdd0595006689778a3f6e8228b978470908d7620a,PENDING,,
BIE_INFRA_SEC_010.zip,app/bie/enterprise/__pycache__/__init__.cpython-313.pyc,155,1359cf30657e28128bab9aa56a256cb8aeabab324484413a8889dd80a96f3121,PENDING,,
BIE_INFRA_SEC_010.zip,docs/bie/AUDIT_LOG_SPEC.md,111,13fca3c928ea338ba407bf7e2a2ac61b94c49a6c608d9233a27d7839ddadde13,PENDING,,
BIE_INFRA_SEC_010.zip,tests/enterprise/test_audit_log.py,641,0aa215b4650c3dfb7efc34b94a507f997ede8f27c04a57796bc8accaa3d520a9,PENDING,,
BIE_INFRA_SEC_010.zip,tests/enterprise/__pycache__/test_audit_log.cpython-313.pyc,2367,80eb4beb47976bbb0969a0ace576588c34ef74a4de9686dd2dead587fa1fc075,PENDING,,
BIE_INFRA_STATE_001.zip,TASK_RESULT.json,566,77e37bde29df56743307c283950d8cef159ca9480934d58ec41362af84df1f2d,PENDING,,
BIE_INFRA_STATE_001.zip,TEST_RESULT.txt,1186,6d2bebab54791e53dafb8341c0d7ebaf4b49b0d4b22e5c7459d02dddb04e7fcd,PENDING,,
BIE_INFRA_STATE_001.zip,docs/bie/RECOVERY_POLICY.md,1066,c8949f11ef8c0b1eb4af44962a9f659ae3bfe2866c696478ac7c87e4e5da982f,PENDING,,
BIE_INFRA_STATE_001.zip,docs/bie/run-state.schema.json,1100,27bd7efc99874b460b0c41c0dc5d85b75995e04b6744ab8817a95e906a8ea188,PENDING,,
BIE_INFRA_STATE_001.zip,docs/bie/RUN_STATE_SPEC.md,1887,5c6e7adf1b797eb1c22aae4fa80ea8925cd3b64811f3ad6c19797e590fa5281d,PENDING,,
BIE_INFRA_STATE_001.zip,app/bie/enterprise/run_state.py,6633,88e064bea01b13d277ad2deaba83b4febb82f56ff7bfea57ccec41ad5172b372,PENDING,,
BIE_INFRA_STATE_001.zip,app/bie/enterprise/__init__.py,0,e3b0c44298fc1c149afbf4c8996fb92427ae41e4649b934ca495991b7852b855,PENDING,,
BIE_INFRA_STATE_001.zip,app/bie/enterprise/__pycache__/__init__.cpython-313.pyc,157,ca6a9860e67d4eb2d2cc6cdc1ff5c8bd7e0d3c343bbbe86293471592b9b459f9,PENDING,,
BIE_INFRA_STATE_001.zip,app/bie/enterprise/__pycache__/run_state.cpython-313.pyc,12186,7282311f38a48cc95d79eab77ccd61518f13ceef271c7f5294f10537f7e5a950,PENDING,,
BIE_INFRA_STATE_001.zip,tests/enterprise/test_run_state.py,2689,b87cbe5055540b1193b52528ed58ebbaa1998f6c6c74b8e98c15ac7c2731c842,PENDING,,
BIE_INFRA_STATE_001.zip,tests/enterprise/__pycache__/test_run_state.cpython-313.pyc,6831,928e9a9e7dcd64bdd75f17cdd474e94b46ccced7e853b99bdf610ac2b097923c,PENDING,,
BIE_INFRA_TASKGRAPH_001.zip,TEST_RESULT.txt,1186,0d95f3ff1f80b38575fb4ce63b1ae97912b24f6b4ee485851424f938ebc9bb26,PENDING,,
BIE_INFRA_TASKGRAPH_001.zip,TASK_RESULT.json,133,8871cd87d4c8b6224299935c2409bfceb947a11140aa44926cc836b9f99776c1,PENDING,,
BIE_INFRA_TASKGRAPH_001.zip,app/bie/enterprise/__init__.py,0,e3b0c44298fc1c149afbf4c8996fb92427ae41e4649b934ca495991b7852b855,PENDING,,
BIE_INFRA_TASKGRAPH_001.zip,app/bie/enterprise/task_registry.py,1839,e89dceba23ac6c8a8b1dd7854902608731aa4ac58e82e892a26e42efa20930b5,PENDING,,
BIE_INFRA_TASKGRAPH_001.zip,app/bie/enterprise/__pycache__/task_registry.cpython-313.pyc,4193,5d741654ec76a553659f688f6b955b6444911fa6c4ab459c7b1e1d92c1fe18c4,PENDING,,
BIE_INFRA_TASKGRAPH_001.zip,app/bie/enterprise/__pycache__/__init__.cpython-313.pyc,161,ff7114da4f4159c89ce76b6aaeeef4551be932ac793fb1197434d5d700aa5913,PENDING,,
BIE_INFRA_TASKGRAPH_001.zip,docs/bie/TASK_REGISTRY_SPEC.md,109,48708710f10479a9f65bde56ab9ac63752567fe8ae0e79f75a4f39749aaeffb3,PENDING,,
BIE_INFRA_TASKGRAPH_001.zip,tests/enterprise/test_task_registry.py,1516,4e1e07d3157a17aed95125c61effb30f50a36c01151326c6bd2831406059c040,PENDING,,
BIE_INFRA_TASKGRAPH_001.zip,tests/enterprise/__pycache__/test_task_registry.cpython-313.pyc,4608,4bea34474328706399f113d19d3ff2582dd4ef5ec9a88b3f4022b44fe4d3e7b3,PENDING,,
BIE_INFRA_TASKGRAPH_002.zip,TEST_RESULT.txt,1183,7f68379cd8c2f6b1a7ecd5dac71da98fabb0a2d9a274ab060caa2f499a568746,PENDING,,
BIE_INFRA_TASKGRAPH_002.zip,TASK_RESULT.json,132,f6bc219b8f10014717130d7004664b171554e6f641f6594b5849a7c4f523afad,PENDING,,
BIE_INFRA_TASKGRAPH_002.zip,app/bie/enterprise/dependency_resolver.py,1592,b555291531d1fa14c167e00beea8e3842f8818da00aedefcbe3b74cc9efead3c,PENDING,,
BIE_INFRA_TASKGRAPH_002.zip,app/bie/enterprise/__init__.py,0,e3b0c44298fc1c149afbf4c8996fb92427ae41e4649b934ca495991b7852b855,PENDING,,
BIE_INFRA_TASKGRAPH_002.zip,app/bie/enterprise/__pycache__/__init__.cpython-313.pyc,161,6f21a5b3261e43575c97e79e8bb9d828ed90e2769a9e784211cdb4794e33e06b,PENDING,,
BIE_INFRA_TASKGRAPH_002.zip,app/bie/enterprise/__pycache__/dependency_resolver.cpython-313.pyc,3671,b11a07f339a244bab001e19e24e40156da79df9e0d73f4524273eeda5da58e4f,PENDING,,
BIE_INFRA_TASKGRAPH_002.zip,docs/bie/DEPENDENCY_RESOLVER_SPEC.md,127,9ec2f520f1cd1dbafb3e760c5c3fff93ee97d1c835d6d44c4b1d382929a4fcde,PENDING,,
BIE_INFRA_TASKGRAPH_002.zip,tests/enterprise/test_dependency_resolver.py,1114,65142ed9776302d6583ce31ec054f517b54dca4de2e9ece6e5d2bc64555faeff,PENDING,,
BIE_INFRA_TASKGRAPH_002.zip,tests/enterprise/__pycache__/test_dependency_resolver.cpython-313.pyc,3154,cec2e580f0c9bdd034c3ed0a8250bdbbd46d76065caeab28cc5c438616b3852c,PENDING,,
BIE_INFRA_TASKGRAPH_003.zip,TEST_RESULT.txt,1182,0817e5cf2064854335cc7e4806421123b91fb4ee0546ebc72354f37154920c1b,PENDING,,
BIE_INFRA_TASKGRAPH_003.zip,TASK_RESULT.json,132,9c548aed58f270e477b51e9f23bcd54f9c535eacdaaf01b6756649d053a66d9b,PENDING,,
BIE_INFRA_TASKGRAPH_003.zip,app/bie/enterprise/__init__.py,0,e3b0c44298fc1c149afbf4c8996fb92427ae41e4649b934ca495991b7852b855,PENDING,,
BIE_INFRA_TASKGRAPH_003.zip,app/bie/enterprise/cycle_detector.py,806,f210c6b4196aa2313e7a7bc1d32d9b6a3db8c7cc7575cda03b95369b3d690248,PENDING,,
BIE_INFRA_TASKGRAPH_003.zip,app/bie/enterprise/__pycache__/cycle_detector.cpython-313.pyc,2144,58e9d472eb9383621a12f5d8f7ef8acab24722c56913a42abb0f043867394fb4,PENDING,,
BIE_INFRA_TASKGRAPH_003.zip,app/bie/enterprise/__pycache__/__init__.cpython-313.pyc,161,614854789836c372907b30ed1d148c91bc7519e3bb88358da12b3f36e294bf36,PENDING,,
BIE_INFRA_TASKGRAPH_003.zip,docs/bie/CYCLE_DETECTOR_SPEC.md,95,2f78b2995569ffafe3bedd81c5056f212d2838cad46e7d5e9bb208eed10bd3dd,PENDING,,
BIE_INFRA_TASKGRAPH_003.zip,tests/enterprise/test_cycle_detector.py,915,0cb08bc75c7c29cd28e198ed74c0c5beef6494d735bcda25ced61b328a0ea83e,PENDING,,
BIE_INFRA_TASKGRAPH_003.zip,tests/enterprise/__pycache__/test_cycle_detector.cpython-313.pyc,2498,c16e5f4377e7d29f8b612971863cdc71a88d4080f207ffb434cf063258bc77de,PENDING,,
BIE_INFRA_TASKGRAPH_004.zip,TEST_RESULT.txt,1183,7f68379cd8c2f6b1a7ecd5dac71da98fabb0a2d9a274ab060caa2f499a568746,PENDING,,
BIE_INFRA_TASKGRAPH_004.zip,TASK_RESULT.json,132,4b81f8433cc840a35cc4cd89e99abd9431c8b3e69d77bc04c313ee8448256545,PENDING,,
BIE_INFRA_TASKGRAPH_004.zip,app/bie/enterprise/readiness.py,916,5ac008e87593286b33ea494a8981f1c2fad88d3f575228fd2359f6d3e63a219e,PENDING,,
BIE_INFRA_TASKGRAPH_004.zip,app/bie/enterprise/__init__.py,0,e3b0c44298fc1c149afbf4c8996fb92427ae41e4649b934ca495991b7852b855,PENDING,,
BIE_INFRA_TASKGRAPH_004.zip,app/bie/enterprise/__pycache__/__init__.cpython-313.pyc,161,33125414cbc812c8ea13772e954a2089447011505c1edb307ba51407fb20046a,PENDING,,
BIE_INFRA_TASKGRAPH_004.zip,app/bie/enterprise/__pycache__/readiness.cpython-313.pyc,2339,998b0d5598af016e1a4dcb18d487a74cd72dfb1a72d8f914f7b1b04450f27be5,PENDING,,
BIE_INFRA_TASKGRAPH_004.zip,docs/bie/READINESS_SPEC.md,113,d55019502567c03b1b8c206d619cdab5c3c469849f557429cca9612293b3f541,PENDING,,
BIE_INFRA_TASKGRAPH_004.zip,tests/enterprise/test_readiness.py,1352,bad76936fa62f7176db57d43366f2752a51def40ba4aca0896c23b614c81fc18,PENDING,,
BIE_INFRA_TASKGRAPH_004.zip,tests/enterprise/__pycache__/test_readiness.cpython-313.pyc,2937,26d242c3d957ebe5401aeed776b2494e894bd781deb1e045411f9f741dfa8490,PENDING,,
BIE_INFRA_TASKGRAPH_005.zip,TEST_RESULT.txt,1184,4350c75f5b581aad36e09eed3b84c9755ba6f63e3c6521ac14b6f42aaaffed17,PENDING,,
BIE_INFRA_TASKGRAPH_005.zip,TASK_RESULT.json,132,f157e0540623b52ae56f83a3dec9f8736bcc6bc3c4b4033ce5f4735ed8fd243d,PENDING,,
BIE_INFRA_TASKGRAPH_005.zip,app/bie/enterprise/__init__.py,0,e3b0c44298fc1c149afbf4c8996fb92427ae41e4649b934ca495991b7852b855,PENDING,,
BIE_INFRA_TASKGRAPH_005.zip,app/bie/enterprise/task_lifecycle.py,1295,ee2dd885bac991e1659cfdd06a97d3675718551951af7a0d67a028440dd12d06,PENDING,,
BIE_INFRA_TASKGRAPH_005.zip,app/bie/enterprise/__pycache__/__init__.cpython-313.pyc,161,20f1b679914e4e95a9dc3d5c7c4da77922ec2e518f78330a44d8885bfc6cbe34,PENDING,,
BIE_INFRA_TASKGRAPH_005.zip,app/bie/enterprise/__pycache__/task_lifecycle.cpython-313.pyc,1989,e0d16f9a8c8f9ab4b18a54d31e6c3daeffc7be5374fadaac974f055cf2eb5a32,PENDING,,
BIE_INFRA_TASKGRAPH_005.zip,docs/bie/TASK_LIFECYCLE_SPEC.md,107,3885904d9690b3617411fafc901e6c69c373740e0c02bb2c036c66cd2104ad5a,PENDING,,
BIE_INFRA_TASKGRAPH_005.zip,tests/enterprise/test_task_lifecycle.py,1249,43984708040ee31f7a1db99f023ed336f601a3e4fdc2900e54039d11067d3827,PENDING,,
BIE_INFRA_TASKGRAPH_005.zip,tests/enterprise/__pycache__/test_task_lifecycle.cpython-313.pyc,3381,3b780da3e32a57381e3624a8ba20624864c1273c5082cece93c6f429b9d7b578,PENDING,,
BIE_INFRA_TASKGRAPH_006.zip,TEST_RESULT.txt,1182,0817e5cf2064854335cc7e4806421123b91fb4ee0546ebc72354f37154920c1b,PENDING,,
BIE_INFRA_TASKGRAPH_006.zip,TASK_RESULT.json,132,ec36cf7aff5d95ecacfbb8ac0d392cbb1fdba3310390a483106797891997e05b,PENDING,,
BIE_INFRA_TASKGRAPH_006.zip,app/bie/enterprise/__init__.py,0,e3b0c44298fc1c149afbf4c8996fb92427ae41e4649b934ca495991b7852b855,PENDING,,
BIE_INFRA_TASKGRAPH_006.zip,app/bie/enterprise/acceptance_evidence.py,1054,2639d786f4834b664bca7479238340e860c7ba8fa7a4960a2f7ed8a62fa7b33a,PENDING,,
BIE_INFRA_TASKGRAPH_006.zip,app/bie/enterprise/__pycache__/__init__.cpython-313.pyc,161,1dbb58f926d3273029a7b7e04a27402d0294e9d2dbf6ae2ed6b69ec654661b43,PENDING,,
BIE_INFRA_TASKGRAPH_006.zip,app/bie/enterprise/__pycache__/acceptance_evidence.cpython-313.pyc,2981,99b1c0e7ac89d7558bbad862c4f3a3508ce62128da3cf500ea1ca260ac34ff2e,PENDING,,
BIE_INFRA_TASKGRAPH_006.zip,docs/bie/ACCEPTANCE_EVIDENCE_SPEC.md,110,8a4407625fb8c6f78b51cf83543b2dc802b9c608c10137a262fbd20566bbafe1,PENDING,,
BIE_INFRA_TASKGRAPH_006.zip,tests/enterprise/test_acceptance_evidence.py,1156,7e74446088bbf4fdfd3e41e694dd029ce259f5306854b4710a6e34089c817cbc,PENDING,,
BIE_INFRA_TASKGRAPH_006.zip,tests/enterprise/__pycache__/test_acceptance_evidence.cpython-313.pyc,3931,7a513843a780fd22085a63a5714845e132e5e65c39dd18d8f57a365debac3a93,PENDING,,
BIE_INFRA_TASKGRAPH_007.zip,TEST_RESULT.txt,1183,7f68379cd8c2f6b1a7ecd5dac71da98fabb0a2d9a274ab060caa2f499a568746,PENDING,,
BIE_INFRA_TASKGRAPH_007.zip,TASK_RESULT.json,132,b2d78f67ee2139cccb15ab6cfb2b944fa0eed7d8749379c926a1f205ad4c80dd,PENDING,,
BIE_INFRA_TASKGRAPH_007.zip,app/bie/enterprise/__init__.py,0,e3b0c44298fc1c149afbf4c8996fb92427ae41e4649b934ca495991b7852b855,PENDING,,
BIE_INFRA_TASKGRAPH_007.zip,app/bie/enterprise/task_versioning.py,1020,3244f2b5bc3c2c66be5bdf823f63cf97698f8d8f13215d27e00a85d48db47990,PENDING,,
BIE_INFRA_TASKGRAPH_007.zip,app/bie/enterprise/__pycache__/task_versioning.cpython-313.pyc,2983,1f4d029e1f7c2c710321ec7c50bfbc7be1b4e9b20af98f038de4f1ef52290904,PENDING,,
BIE_INFRA_TASKGRAPH_007.zip,app/bie/enterprise/__pycache__/__init__.cpython-313.pyc,161,b657640f9c99c64df376be5e54b69367a7505534a586958092efebecbe8e14fe,PENDING,,
BIE_INFRA_TASKGRAPH_007.zip,docs/bie/TASK_VERSIONING_SPEC.md,115,88baf9496dcacb518123484c9293a2ea3ea9ee3e78d49ca83e949d6cdf495b89,PENDING,,
BIE_INFRA_TASKGRAPH_007.zip,tests/enterprise/test_task_versioning.py,1125,e9863a9a9c4b6d23a14e2f4624fb1819993e7605da2cd8375a636cea6b5ecdad,PENDING,,
BIE_INFRA_TASKGRAPH_007.zip,tests/enterprise/__pycache__/test_task_versioning.cpython-313.pyc,3619,86a7b3d4950b21c7e2ed7eff2a9cc86a635989e62460f29528db2202a878dd1e,PENDING,,
BIE_INFRA_TASKGRAPH_008.zip,TEST_RESULT.txt,1181,f2cb519aca98f85bdd6553ad8024f849ef5bfe59a1c341ccfc5721de5ba99792,PENDING,,
BIE_INFRA_TASKGRAPH_008.zip,TASK_RESULT.json,132,b471982e06e209f8807f8748ad78869b721f0cf2f1d9795297105a75bde5e94d,PENDING,,
BIE_INFRA_TASKGRAPH_008.zip,app/bie/enterprise/task_invalidation.py,724,ea3d63a3e91e489726c79a521d1773543be0e144a1c003f5c431578e6298900c,PENDING,,
BIE_INFRA_TASKGRAPH_008.zip,app/bie/enterprise/__init__.py,0,e3b0c44298fc1c149afbf4c8996fb92427ae41e4649b934ca495991b7852b855,PENDING,,
BIE_INFRA_TASKGRAPH_008.zip,app/bie/enterprise/__pycache__/task_invalidation.cpython-313.pyc,1632,bf4341db37d3ddab4ed3e2aa0f8874ce38fd98977f3c8029abbcecb4f94a7831,PENDING,,
BIE_INFRA_TASKGRAPH_008.zip,app/bie/enterprise/__pycache__/__init__.cpython-313.pyc,161,6400d844b7bad8c565e9dce56148705d9e402b2f9989dbd7a1f94a21a18df664,PENDING,,
BIE_INFRA_TASKGRAPH_008.zip,docs/bie/TASK_INVALIDATION_SPEC.md,122,176a885fa2fe0c6451605b1f8660d4fc924b891dced2511aede43e830dbc279e,PENDING,,
BIE_INFRA_TASKGRAPH_008.zip,tests/enterprise/test_task_invalidation.py,854,3d70636c0a579f76cb98c9ff3732a345b1a452e4b5a853971724caa93b53416b,PENDING,,
BIE_INFRA_TASKGRAPH_008.zip,tests/enterprise/__pycache__/test_task_invalidation.cpython-313.pyc,2547,65cd29c95df2bcf2636c437fe3510c67f477c8e7c4693adcdae514d1fc79f2d9,PENDING,,
BIE_INFRA_TASKGRAPH_009.zip,TEST_RESULT.txt,1182,0817e5cf2064854335cc7e4806421123b91fb4ee0546ebc72354f37154920c1b,PENDING,,
BIE_INFRA_TASKGRAPH_009.zip,TASK_RESULT.json,132,db736940a3b3a32a2b33d3205839a5f54583ed55bad93408cd080e18ef369b71,PENDING,,
BIE_INFRA_TASKGRAPH_009.zip,app/bie/enterprise/impact_propagation.py,870,5abfee115e7b7a3125dc83e13821383e0c34b768fdf99f8f59e3c1a22fe162bf,PENDING,,
BIE_INFRA_TASKGRAPH_009.zip,app/bie/enterprise/__init__.py,0,e3b0c44298fc1c149afbf4c8996fb92427ae41e4649b934ca495991b7852b855,PENDING,,
BIE_INFRA_TASKGRAPH_009.zip,app/bie/enterprise/__pycache__/impact_propagation.cpython-313.pyc,2374,5caea0381960e073bf23b72890f094bfc4f1fa39b334c36c8330ea2f4b008b66,PENDING,,
BIE_INFRA_TASKGRAPH_009.zip,app/bie/enterprise/__pycache__/__init__.cpython-313.pyc,161,76b57f127f5d6ccf74d3f67f624a1dc7832c2b09b3496c858ed173d36ec9a6ff,PENDING,,
BIE_INFRA_TASKGRAPH_009.zip,docs/bie/IMPACT_PROPAGATION_SPEC.md,137,56a89088dd7b4903632a64ebf272e50ec71f6b2f071fb8b83f182459979af847,PENDING,,
BIE_INFRA_TASKGRAPH_009.zip,tests/enterprise/test_impact_propagation.py,942,85b788f4daccfadb16eb9a66c403d48cca64acd914d52e46a22f3e86b9355094,PENDING,,
BIE_INFRA_TASKGRAPH_009.zip,tests/enterprise/__pycache__/test_impact_propagation.cpython-313.pyc,2947,ace32b7cc5ae4eb3bd5964b4adcbf35204a49ce6923c781e9249c9ff06d325f0,PENDING,,
BIE_INFRA_TASKGRAPH_010.zip,TEST_RESULT.txt,1182,0817e5cf2064854335cc7e4806421123b91fb4ee0546ebc72354f37154920c1b,PENDING,,
BIE_INFRA_TASKGRAPH_010.zip,TASK_RESULT.json,129,f9f0566d00fba04db47db6705b5e64eec9fbc6aa0bcec36876521fe55c4f618f,PENDING,,
BIE_INFRA_TASKGRAPH_010.zip,app/bie/enterprise/__init__.py,0,e3b0c44298fc1c149afbf4c8996fb92427ae41e4649b934ca495991b7852b855,PENDING,,
BIE_INFRA_TASKGRAPH_010.zip,app/bie/enterprise/execution_history.py,845,ed687a021b87e83cf465b7a01b98e3ecfaf6149ec9ee5d4392b83a2dcfadb238,PENDING,,
BIE_INFRA_TASKGRAPH_010.zip,app/bie/enterprise/__pycache__/execution_history.cpython-313.pyc,2686,d8df8e990c763e88fd039a0f30165a9b890d512e88ca04124a26c0547a2e980a,PENDING,,
BIE_INFRA_TASKGRAPH_010.zip,app/bie/enterprise/__pycache__/__init__.cpython-313.pyc,161,3d13913b7d5acb55e7c9abd3cbcde15d41dcecce9a7e3d7e9d0f0d71e80198a7,PENDING,,
BIE_INFRA_TASKGRAPH_010.zip,docs/bie/EXECUTION_HISTORY_SPEC.md,116,ef6ed7fd92d0dee590dae3b753bc9cd625b6c35e84f9134edf1e3028b9626ed3,PENDING,,
BIE_INFRA_TASKGRAPH_010.zip,tests/enterprise/test_execution_history.py,996,a35c252d444e4894473999ffd3c5542c99d7ba9f0ec4cda4114f740ce37cc853,PENDING,,
BIE_INFRA_TASKGRAPH_010.zip,tests/enterprise/__pycache__/test_execution_history.cpython-313.pyc,3119,8142683985bbda6d3316d3389a557dc71e9ee73ad1ca49cebfbcfaf6160f9e81,PENDING,,
BIE_INFRA_WORKER_001.zip,TEST_RESULT.txt,1187,8e7e8932f5e1c333056f05c4b33a2013456675784ee10f39ab31648ad5a79c8d,PENDING,,
BIE_INFRA_WORKER_001.zip,TASK_RESULT.json,640,0fb2730c2b56dd14adab14e832403cccc8ef87b5012d1c9633438acdf2cddd0e,PENDING,,
BIE_INFRA_WORKER_001.zip,app/bie/enterprise/worker_scheduler.py,6810,8b5ee4dcdd017fe23c1fccfcc21d3503f558c322245c14bb3edd35f60c4fa16f,PENDING,,
BIE_INFRA_WORKER_001.zip,app/bie/enterprise/__init__.py,0,e3b0c44298fc1c149afbf4c8996fb92427ae41e4649b934ca495991b7852b855,PENDING,,
BIE_INFRA_WORKER_001.zip,app/bie/enterprise/__pycache__/worker_scheduler.cpython-313.pyc,12065,1906584fbd45ea31370b6c4453d87b061dc95817c4d3184e859ecc39290cc510,PENDING,,
BIE_INFRA_WORKER_001.zip,app/bie/enterprise/__pycache__/__init__.cpython-313.pyc,158,7335901b98ed5b574fc572028dbe557b9c62f533f2fe6b8dc53238cb9b1f9fb3,PENDING,,
BIE_INFRA_WORKER_001.zip,docs/bie/WORKER_PROTOCOL_SPEC.md,2095,8b2136445302bdb9759fa4daa43c5c2872363ad02b80442580765e69ff42db37,PENDING,,
BIE_INFRA_WORKER_001.zip,docs/bie/WORKER_CAPABILITY_PROFILES.json,904,91af5a16911e0f9636d395ff5cb08e26870ba67a5b3ca9b02d0d109f708b76a8,PENDING,,
BIE_INFRA_WORKER_001.zip,docs/bie/WORKER_INTEGRATION_PLAN.md,725,90a95b2e45216c7f5781031aabb46f02dc5bb321eae09ef547e4e7f376fef4af,PENDING,,
BIE_INFRA_WORKER_001.zip,tests/enterprise/test_worker_scheduler.py,3041,5607c091831197fccadf2115d2e192b937d4ad87185fb1a9187e298c6c423879,PENDING,,
BIE_INFRA_WORKER_001.zip,tests/enterprise/__pycache__/test_worker_scheduler.cpython-313.pyc,6789,19147bfd979c0f286d11826d5d04ef84fb809e7af734f46385b6e127415b9572,PENDING,,
BIE_KI_CLAIM_001.zip,TASK_RESULT.json,151,3b0b841f11943a7c7656c014cf24315344d87788cb4e9a4bdf807e8789b44e32,PENDING,,
BIE_KI_CLAIM_001.zip,TEST_RESULT.txt,1174,73969126e46277e6fdd70200bec6853653b74425eb11cb90b43a83d9a0075296,PENDING,,
BIE_KI_CLAIM_001.zip,docs/SPEC.md,132,90fb2b34212a15610d27eeb048bed5c45dbcbaa4e98086569e09b4bfae763698,PENDING,,
BIE_KI_CLAIM_001.zip,tests/test_claim_extraction.py,435,3c9f6f2bb49cdcddbe8ebd1427243cb764b3befa0ecc8eaac86ce0be2841aac7,PENDING,,
BIE_KI_CLAIM_001.zip,tests/__pycache__/test_claim_extraction.cpython-313.pyc,1331,e5705fba4d2fa1976389902a0be94f9404e92148b4c78966767d603afd5c62b0,PENDING,,
BIE_KI_CLAIM_001.zip,app/bie/knowledge_intelligence/claim_extraction.py,301,0f2b937c2422cf228ae3bb799b3a0d7231abf6bdc85459a657e3b8df4d74b466,PENDING,,
BIE_KI_CLAIM_001.zip,app/bie/knowledge_intelligence/__init__.py,0,e3b0c44298fc1c149afbf4c8996fb92427ae41e4649b934ca495991b7852b855,PENDING,,
BIE_KI_CLAIM_001.zip,app/bie/knowledge_intelligence/__pycache__/claim_extraction.cpython-313.pyc,1080,1280a4cd1a5e97460f11070a033fc29c09632e48353698681f47edc9873a1450,PENDING,,
BIE_KI_CLAIM_001.zip,app/bie/knowledge_intelligence/__pycache__/__init__.cpython-313.pyc,166,b95f448e4417a7b045943cbad0a212c406862394f3b7cc47bab0fb481c1363df,PENDING,,
BIE_KI_CLAIM_002.zip,TASK_RESULT.json,151,835b82c877ac021c98889dc7c281e10d6310a596212d2aeed6f73a3665dc5b91,PENDING,,
BIE_KI_CLAIM_002.zip,TEST_RESULT.txt,1174,73969126e46277e6fdd70200bec6853653b74425eb11cb90b43a83d9a0075296,PENDING,,
BIE_KI_CLAIM_002.zip,docs/SPEC.md,112,1504cc4c1aba846ab7825e2755aac634722c6fdcc7acbcf56002b6e401894e6c,PENDING,,
BIE_KI_CLAIM_002.zip,tests/test_claim_evidence.py,363,0330ded6ca905029f688836bc6493931e1fa4c4081a7f2a875d56f8ec6205eee,PENDING,,
BIE_KI_CLAIM_002.zip,tests/__pycache__/test_claim_evidence.cpython-313.pyc,1336,5868a942d34be850a46af3a0021440455bca69c3f8d2e5d406c7e7c457718161,PENDING,,
BIE_KI_CLAIM_002.zip,app/bie/knowledge_intelligence/claim_evidence.py,268,6542d5cd0c5daf76f15d520c5f14cd7068f0a300a4843bf64ece469b702e379b,PENDING,,
BIE_KI_CLAIM_002.zip,app/bie/knowledge_intelligence/__init__.py,0,e3b0c44298fc1c149afbf4c8996fb92427ae41e4649b934ca495991b7852b855,PENDING,,
BIE_KI_CLAIM_002.zip,app/bie/knowledge_intelligence/__pycache__/claim_evidence.cpython-313.pyc,1031,cfe3e6e23ec442d87ab0b537cf75d77ea50d02a6b44e339fdb2f4f191bf3e65e,PENDING,,
BIE_KI_CLAIM_002.zip,app/bie/knowledge_intelligence/__pycache__/__init__.cpython-313.pyc,166,fed424748c8b07bb0b4ccc91eef03e11782cd0d1bb557cd8fd56a1362f03e655,PENDING,,
BIE_KI_CLAIM_003.zip,TASK_RESULT.json,151,eaea0de59f7192b14302d06032ff89826a0c8a438a61b23fc318fb0e9e7e52a4,PENDING,,
BIE_KI_CLAIM_003.zip,TEST_RESULT.txt,1174,73969126e46277e6fdd70200bec6853653b74425eb11cb90b43a83d9a0075296,PENDING,,
BIE_KI_CLAIM_003.zip,docs/SPEC.md,120,0a138f165fe2f32f3376c646efc8c3db43f2d384b880659795765e78ef02997b,PENDING,,
BIE_KI_CLAIM_003.zip,tests/test_claim_contradiction.py,481,28fcb3aba7ee8bbab2a85f7071d911d5eb5ab6a01ec14c9ce7403e631afd1154,PENDING,,
BIE_KI_CLAIM_003.zip,tests/__pycache__/test_claim_contradiction.cpython-313.pyc,1400,ab44496fc7347fb6d0dcd6551822e1cacfd4d2fa1a5f53ce76d89a256066971a,PENDING,,
BIE_KI_CLAIM_003.zip,app/bie/knowledge_intelligence/claim_contradiction.py,363,7c9fbbfdae6b4f8a7b2043b82b865776c2623bc513c2c39710f40da6432f0a02,PENDING,,
BIE_KI_CLAIM_003.zip,app/bie/knowledge_intelligence/__init__.py,0,e3b0c44298fc1c149afbf4c8996fb92427ae41e4649b934ca495991b7852b855,PENDING,,
BIE_KI_CLAIM_003.zip,app/bie/knowledge_intelligence/__pycache__/claim_contradiction.cpython-313.pyc,1186,c3b74acb2e1b006c69491448e17f1f1b15ab2e99dc842996bd34079dbd935b09,PENDING,,
BIE_KI_CLAIM_003.zip,app/bie/knowledge_intelligence/__pycache__/__init__.cpython-313.pyc,166,321b2e825e2ec69368b4355ef69fa0d5cc6425ee805ddb6955c2c066c4a89ede,PENDING,,
BIE_KI_CLAIM_004.zip,TASK_RESULT.json,151,d9a9c8d6ec286539f2bfa449867eeb1d90177f8d280d7a505983f07910abe1e1,PENDING,,
BIE_KI_CLAIM_004.zip,TEST_RESULT.txt,1174,73969126e46277e6fdd70200bec6853653b74425eb11cb90b43a83d9a0075296,PENDING,,
BIE_KI_CLAIM_004.zip,docs/SPEC.md,117,7ebb930879522027b8c536d26df663c757906c1dada1fb9aca92bded80ba30a0,PENDING,,
BIE_KI_CLAIM_004.zip,tests/test_claim_confidence.py,368,ac4c6a77af9913a1f4a2f9c14ca2dff8dea26f45faa770e95e10135688b4706e,PENDING,,
BIE_KI_CLAIM_004.zip,tests/__pycache__/test_claim_confidence.cpython-313.pyc,1247,46cf3fd4bcb566aeb9feffa81a4109cf86c9da7cb50f6bd0a30d28f5047e6c85,PENDING,,
BIE_KI_CLAIM_004.zip,app/bie/knowledge_intelligence/claim_confidence.py,298,57684b9b8ea4a78d1ee059728de35cd60e722072f970ccb8d68244769eeab3c3,PENDING,,
BIE_KI_CLAIM_004.zip,app/bie/knowledge_intelligence/__init__.py,0,e3b0c44298fc1c149afbf4c8996fb92427ae41e4649b934ca495991b7852b855,PENDING,,
BIE_KI_CLAIM_004.zip,app/bie/knowledge_intelligence/__pycache__/claim_confidence.cpython-313.pyc,1146,e8864e6dd74e2096aa88143c7990aa89bda0c1a77ccb008ef6ea0157096246ec,PENDING,,
BIE_KI_CLAIM_004.zip,app/bie/knowledge_intelligence/__pycache__/__init__.cpython-313.pyc,166,6ff95a80c7cf921602ea5616a477b03b24ce67e608dbf4b08eea5c0e6bab9332,PENDING,,
BIE_KI_CLAIM_005.zip,TASK_RESULT.json,150,89742014dc4c8e34d3c2901782db7a300924743d0e6add167ceab9edae30bef3,PENDING,,
BIE_KI_CLAIM_005.zip,TEST_RESULT.txt,1174,73969126e46277e6fdd70200bec6853653b74425eb11cb90b43a83d9a0075296,PENDING,,
BIE_KI_CLAIM_005.zip,docs/SPEC.md,117,0386578b166e65dd26282abb347d20efa67e29e9233db8b0ad0f884545dae717,PENDING,,
BIE_KI_CLAIM_005.zip,tests/test_claim_normalize.py,437,de62b196459c2fd1b985580bf3f216a474d2c2b0650d6df3058ccd6838ded75e,PENDING,,
BIE_KI_CLAIM_005.zip,tests/__pycache__/test_claim_normalize.cpython-313.pyc,1324,d83e8b172457dbc5a8e4bb166df45b3a05e79ecac78f661496189ec2e1baae5b,PENDING,,
BIE_KI_CLAIM_005.zip,app/bie/knowledge_intelligence/claim_normalize.py,261,a9648baa7962072c57cfe3fcb7d54e70a146aaaa710c33429a1f0aee874d8041,PENDING,,
BIE_KI_CLAIM_005.zip,app/bie/knowledge_intelligence/__init__.py,0,e3b0c44298fc1c149afbf4c8996fb92427ae41e4649b934ca495991b7852b855,PENDING,,
BIE_KI_CLAIM_005.zip,app/bie/knowledge_intelligence/__pycache__/claim_normalize.cpython-313.pyc,1110,4ec4cddf3022431caf0997f80fd637810ad81703f8c878c0e59a165fdcc5676a,PENDING,,
BIE_KI_CLAIM_005.zip,app/bie/knowledge_intelligence/__pycache__/__init__.cpython-313.pyc,166,189da2179973c5cf4d4225446d83e543a8a23e2fcb382e81c45d48fb6f0d1051,PENDING,,
BIE_KI_CLAIM_006.zip,TEST_RESULT.txt,153,e7b81ffbb0e4ea9d17343165db12edf5d954915bf8a41c9d6e0350edd0dd64c3,PENDING,,
BIE_KI_CLAIM_006.zip,TASK_RESULT.json,153,a0eaa3e4606cfbb9bab61c53ab8c33717038922dcf86546814bf5b0e67b0fb1b,PENDING,,
BIE_KI_CLAIM_006.zip,docs/SPEC.md,107,ceec0ca80310c5b3a014820673b873cf583acc208e9658b9430257bff57101aa,PENDING,,
BIE_KI_CLAIM_006.zip,tests/test_claim_graph_link.py,411,cda164b683d82b49ea7014efd02daf1b7dfef1f2bb743e9388f9844a941d0eb6,PENDING,,
BIE_KI_CLAIM_006.zip,app/bie/knowledge_intelligence/claim_graph_link.py,466,9608e65fee9ec9eec18bc467550117ed3ae950829499df42a939d47895a6dd6e,PENDING,,
BIE_KI_CLAIM_006.zip,app/bie/knowledge_intelligence/__init__.py,0,e3b0c44298fc1c149afbf4c8996fb92427ae41e4649b934ca495991b7852b855,PENDING,,
BIE_KI_CLAIM_006.zip,app/bie/knowledge_intelligence/__pycache__/claim_graph_link.cpython-313.pyc,1040,5af34ac7532d3b4551f536b9782f760c66b897eae5dc704fd1b1374e66151acb,PENDING,,
BIE_KI_CONCEPT_001.zip,TASK_RESULT.json,155,e650ef2dd4b948aa95d31d5490013aa2ccd068a015ea8cc2730ecdc2c72af75f,PENDING,,
BIE_KI_CONCEPT_001.zip,TEST_RESULT.txt,1174,73969126e46277e6fdd70200bec6853653b74425eb11cb90b43a83d9a0075296,PENDING,,
BIE_KI_CONCEPT_001.zip,docs/SPEC.md,160,0a7132a8573cace1e0f8aeeaa1d85f97ee64ebd7810ac6af7e2c66238fc5a17e,PENDING,,
BIE_KI_CONCEPT_001.zip,tests/test_concept_candidates.py,480,4dcfa5af31b49bb83963893b45e0e4a90857910f270d2539e1ddcd9a1a8f88c2,PENDING,,
BIE_KI_CONCEPT_001.zip,tests/__pycache__/test_concept_candidates.cpython-313.pyc,1247,36ebaf1eb5b0b01e43f90becc2d414809365ca535234683ef79709e42fab3d88,PENDING,,
BIE_KI_CONCEPT_001.zip,app/bie/knowledge_intelligence/concept_candidates.py,477,3771e5c87e641231f60a6653f1c3ecb9a339f0aa6f519bddd217f89c19af11b2,PENDING,,
BIE_KI_CONCEPT_001.zip,app/bie/knowledge_intelligence/__init__.py,0,e3b0c44298fc1c149afbf4c8996fb92427ae41e4649b934ca495991b7852b855,PENDING,,
BIE_KI_CONCEPT_001.zip,app/bie/knowledge_intelligence/__pycache__/concept_candidates.cpython-313.pyc,1550,8a7153500b2bd6d916a086f3cfe0c2fb481a44933800edfb9d554288d899cea0,PENDING,,
BIE_KI_CONCEPT_001.zip,app/bie/knowledge_intelligence/__pycache__/__init__.cpython-313.pyc,168,64ea98b24d38023df88e0b3a00f9079a988051fa2cdff55dd2ee59e23fce9952,PENDING,,
BIE_KI_CONCEPT_002.zip,TASK_RESULT.json,155,787798ff1f367d1bf3d5f89f2a1012ae317fd38d0733a28160805d93b9895432,PENDING,,
BIE_KI_CONCEPT_002.zip,TEST_RESULT.txt,1174,73969126e46277e6fdd70200bec6853653b74425eb11cb90b43a83d9a0075296,PENDING,,
BIE_KI_CONCEPT_002.zip,docs/SPEC.md,138,665a40d436c8445bb545f74dd4fde704d4f90129a4a62ad48e70633bae60f0d3,PENDING,,
BIE_KI_CONCEPT_002.zip,tests/test_canonical_concepts.py,438,ccbf0b36f48e1f2d83785acbe79fff5ab14fe8b069d07f25ce4f7dcf7fecf3d7,PENDING,,
BIE_KI_CONCEPT_002.zip,tests/__pycache__/test_canonical_concepts.cpython-313.pyc,1303,08c6cadbead54eaa5b33cbca95e6609918878b28e925f34696c4211476eef18a,PENDING,,
BIE_KI_CONCEPT_002.zip,app/bie/knowledge_intelligence/canonical_concepts.py,258,2002e6370827061da7dbff5dbde9072c630e6a5736c9221f07240cb44c3eaf40,PENDING,,
BIE_KI_CONCEPT_002.zip,app/bie/knowledge_intelligence/__init__.py,0,e3b0c44298fc1c149afbf4c8996fb92427ae41e4649b934ca495991b7852b855,PENDING,,
BIE_KI_CONCEPT_002.zip,app/bie/knowledge_intelligence/__pycache__/canonical_concepts.cpython-313.pyc,1071,7a1a93350b4dce97ecc883fc022f105e9cf3e1fc0a188a9c24618d9476dde3d8,PENDING,,
BIE_KI_CONCEPT_002.zip,app/bie/knowledge_intelligence/__pycache__/__init__.cpython-313.pyc,168,a9a07e401517ca604d8c8a40e21275edfa2cd12a7e157c191a24d1bdb0cfed4c,PENDING,,
BIE_KI_CONCEPT_003.zip,TASK_RESULT.json,155,d31745f1b640ea3b35cea7f777b4fbd08030c3b5472f16fcea6549893b07d34a,PENDING,,
BIE_KI_CONCEPT_003.zip,TEST_RESULT.txt,1174,73969126e46277e6fdd70200bec6853653b74425eb11cb90b43a83d9a0075296,PENDING,,
BIE_KI_CONCEPT_003.zip,docs/SPEC.md,114,a664dfb4a01d1db4d025e15b6033cdb9cb39ec235f5c60321150afbf93e95496,PENDING,,
BIE_KI_CONCEPT_003.zip,tests/test_concept_aliases.py,423,d7f094d7566a2486da5999b7d818a576aedcef846c144c56cde62d2cc298f5a9,PENDING,,
BIE_KI_CONCEPT_003.zip,tests/__pycache__/test_concept_aliases.cpython-313.pyc,1298,19b5d3a9aabbcf0899b6abe2150ade43fbfb9948be03e155e57acabf5281dc88,PENDING,,
BIE_KI_CONCEPT_003.zip,app/bie/knowledge_intelligence/__init__.py,0,e3b0c44298fc1c149afbf4c8996fb92427ae41e4649b934ca495991b7852b855,PENDING,,
BIE_KI_CONCEPT_003.zip,app/bie/knowledge_intelligence/concept_aliases.py,282,3273583346cf2d7f7c77364fce8c5794fded5c562da412aab645c9466c886d44,PENDING,,
BIE_KI_CONCEPT_003.zip,app/bie/knowledge_intelligence/__pycache__/concept_aliases.cpython-313.pyc,1057,c7f128c0af63fd28e0ca8f6c08a6eb76b92fdd030c0611d3704613fb5501d1b9,PENDING,,
BIE_KI_CONCEPT_003.zip,app/bie/knowledge_intelligence/__pycache__/__init__.cpython-313.pyc,168,7ddde57537b6cbba2d855eaa30c8c4f7c601cade262fd996cb4c463139faf2b1,PENDING,,
BIE_KI_CONCEPT_004.zip,TASK_RESULT.json,155,056638aca2ed11a2a12fe5a8863c1b8c9c7eb774f5dac082f785a7eaa5dcf8c7,PENDING,,
BIE_KI_CONCEPT_004.zip,TEST_RESULT.txt,1174,73969126e46277e6fdd70200bec6853653b74425eb11cb90b43a83d9a0075296,PENDING,,
BIE_KI_CONCEPT_004.zip,docs/SPEC.md,144,845ea4589d9a1849855883b32019d1cc4d67e0eff91fc9ec2c25ca2c338a53d0,PENDING,,
BIE_KI_CONCEPT_004.zip,tests/test_concept_definitions.py,465,3d844eaa9c600967d211638f647f7c6846ecfa71cb8471d45361adb614351706,PENDING,,
BIE_KI_CONCEPT_004.zip,tests/__pycache__/test_concept_definitions.cpython-313.pyc,1432,fec3046186e662c291831c5c23f17c84480d1596ccb77d3537bacec7d91b1003,PENDING,,
BIE_KI_CONCEPT_004.zip,app/bie/knowledge_intelligence/concept_definitions.py,419,ecb0ffd08aaae0bd0e174ce6b3b370ff3f7e45313b46e20f1485e9e7f7795446,PENDING,,
BIE_KI_CONCEPT_004.zip,app/bie/knowledge_intelligence/__init__.py,0,e3b0c44298fc1c149afbf4c8996fb92427ae41e4649b934ca495991b7852b855,PENDING,,
BIE_KI_CONCEPT_004.zip,app/bie/knowledge_intelligence/__pycache__/concept_definitions.cpython-313.pyc,1217,41ed2d0a58252e86a82c524cd4c9e08120c3015e4ee492211a541ce6231af197,PENDING,,
BIE_KI_CONCEPT_004.zip,app/bie/knowledge_intelligence/__pycache__/__init__.cpython-313.pyc,168,1737f79b00c5934e31efe727ac2e568ec7990889d55e001e1b978375a11034ab,PENDING,,
BIE_KI_CONCEPT_005.zip,TASK_RESULT.json,155,bd6e8d60c92c7175df2ddfc279c1ca9490b51f83d6e8ee6fcb6caa1b59714b22,PENDING,,
BIE_KI_CONCEPT_005.zip,TEST_RESULT.txt,1174,73969126e46277e6fdd70200bec6853653b74425eb11cb90b43a83d9a0075296,PENDING,,
BIE_KI_CONCEPT_005.zip,docs/SPEC.md,149,ea649cc7c6d34ef3c2fce7d1724da40f222f2f2095dc9bcfee81c33f334ef83c,PENDING,,
BIE_KI_CONCEPT_005.zip,tests/test_concept_scope.py,408,93f5aa7d9e6ecf65f6b7acef67873fb569f8ba1dd50f00d97054c00e50cceefa,PENDING,,
BIE_KI_CONCEPT_005.zip,tests/__pycache__/test_concept_scope.cpython-313.pyc,1345,acb69d1251fbcd61ec0ed941cc7944015a59bba57a5101f5ebc1517e4bfc7d13,PENDING,,
BIE_KI_CONCEPT_005.zip,app/bie/knowledge_intelligence/concept_scope.py,303,0d12623bee22f6e7602001bba065f94ff354d7402c6d29cb54e78136c8fe54b7,PENDING,,
BIE_KI_CONCEPT_005.zip,app/bie/knowledge_intelligence/__init__.py,0,e3b0c44298fc1c149afbf4c8996fb92427ae41e4649b934ca495991b7852b855,PENDING,,
BIE_KI_CONCEPT_005.zip,app/bie/knowledge_intelligence/__pycache__/concept_scope.cpython-313.pyc,849,a01f4e1bc77adb782e94fc892796e5cb1df02d581b42a943630f300b33bc81f6,PENDING,,
BIE_KI_CONCEPT_005.zip,app/bie/knowledge_intelligence/__pycache__/__init__.cpython-313.pyc,168,66784962b8d99a1ec1417938deedf86b11639183a63bfa9dcf28009f287752cd,PENDING,,
BIE_KI_CONCEPT_006.zip,TASK_RESULT.json,155,eaeb452d09534f86b2f047cfaf448c485cfe6da6e796b2f96919a3a37cf6eea2,PENDING,,
BIE_KI_CONCEPT_006.zip,TEST_RESULT.txt,1174,73969126e46277e6fdd70200bec6853653b74425eb11cb90b43a83d9a0075296,PENDING,,
BIE_KI_CONCEPT_006.zip,docs/SPEC.md,142,8d1369eaf026b9214ed29a3d0cba380f44fbd2f4fd1fef610fccc48a57f5f6b1,PENDING,,
BIE_KI_CONCEPT_006.zip,tests/test_concept_granularity.py,396,82da6c199162aa69ff7568e602b4ae086a2865b34888c4a383ed952070991c9c,PENDING,,
BIE_KI_CONCEPT_006.zip,tests/__pycache__/test_concept_granularity.cpython-313.pyc,1309,522010e8044d02fa10690ae4088a16a363476709a2a29096a84c0159349d2296,PENDING,,
BIE_KI_CONCEPT_006.zip,app/bie/knowledge_intelligence/concept_granularity.py,349,8ad98d1c6e65e340719442f88d6128e2ccc9985149e9a0a54595b7703e6b1e51,PENDING,,
BIE_KI_CONCEPT_006.zip,app/bie/knowledge_intelligence/__init__.py,0,e3b0c44298fc1c149afbf4c8996fb92427ae41e4649b934ca495991b7852b855,PENDING,,
BIE_KI_CONCEPT_006.zip,app/bie/knowledge_intelligence/__pycache__/concept_granularity.cpython-313.pyc,834,51dc10a394b827d23537f39d98db23712a60065d09db9cf5c555a43df1ef095d,PENDING,,
BIE_KI_CONCEPT_006.zip,app/bie/knowledge_intelligence/__pycache__/__init__.cpython-313.pyc,168,67c5947f47082c615ae6af93d13c7be8e0c8494257ddc6dff6746d2d05527519,PENDING,,
BIE_KI_CONCEPT_007.zip,TASK_RESULT.json,155,fb66c301972b1ff13909b14277d918d666982a70074e7f459af2e7717ede137c,PENDING,,
BIE_KI_CONCEPT_007.zip,TEST_RESULT.txt,1174,73969126e46277e6fdd70200bec6853653b74425eb11cb90b43a83d9a0075296,PENDING,,
BIE_KI_CONCEPT_007.zip,docs/SPEC.md,133,61d1253b67db085e5d6ed9f98cd4e03301540016ee3e86d38cec3085e8574882,PENDING,,
BIE_KI_CONCEPT_007.zip,tests/test_concept_evidence.py,369,3e4c8c815d17de335adfd3693e1a4def3ae206659ba342e79e6c73b2bbe532c4,PENDING,,
BIE_KI_CONCEPT_007.zip,tests/__pycache__/test_concept_evidence.cpython-313.pyc,1327,9dee60228e425a6751666c5d82d5abe5910210e6e7e15eaba8451ef7a3b8d117,PENDING,,
BIE_KI_CONCEPT_007.zip,app/bie/knowledge_intelligence/concept_evidence.py,263,c5b750c120b3a0fc563723df028c6444c236ab26a2330fa0fa8dfc638402ec3f,PENDING,,
BIE_KI_CONCEPT_007.zip,app/bie/knowledge_intelligence/__init__.py,0,e3b0c44298fc1c149afbf4c8996fb92427ae41e4649b934ca495991b7852b855,PENDING,,
BIE_KI_CONCEPT_007.zip,app/bie/knowledge_intelligence/__pycache__/concept_evidence.cpython-313.pyc,1125,c496a0560ed7e6c35019eec475681a00a5235a265da87a34d58b500f664ba521,PENDING,,
BIE_KI_CONCEPT_007.zip,app/bie/knowledge_intelligence/__pycache__/__init__.cpython-313.pyc,168,c0299e4a145489e5557b0579db0e9f2846bf70fde97bc634c1f4b6393f402d31,PENDING,,
BIE_KI_CONCEPT_008.zip,TASK_RESULT.json,155,63d379603628b4e33f715d420e4a5b46f00998f994aebce5004be213a19ac5d4,PENDING,,
BIE_KI_CONCEPT_008.zip,TEST_RESULT.txt,1174,73969126e46277e6fdd70200bec6853653b74425eb11cb90b43a83d9a0075296,PENDING,,
BIE_KI_CONCEPT_008.zip,docs/SPEC.md,133,4ee1334e55b6184c4baaee31513cb4959eee9a9c6e4f5d18e0e05f150ca7fc36,PENDING,,
BIE_KI_CONCEPT_008.zip,tests/test_concept_confidence.py,369,b0ba6b62b7013ec3966bdb2a0ca37971d224eeb593109541e6a3a1d7de85c3e3,PENDING,,
BIE_KI_CONCEPT_008.zip,tests/__pycache__/test_concept_confidence.cpython-313.pyc,1253,8f6fa2496b4569478aad715eee798d1221bf8a9201e9bfa2822212923e9d2f6e,PENDING,,
BIE_KI_CONCEPT_008.zip,app/bie/knowledge_intelligence/__init__.py,0,e3b0c44298fc1c149afbf4c8996fb92427ae41e4649b934ca495991b7852b855,PENDING,,
BIE_KI_CONCEPT_008.zip,app/bie/knowledge_intelligence/concept_confidence.py,342,137dba56271ae04f927a226db73549efe579507b818303babbf1149b34e9917a,PENDING,,
BIE_KI_CONCEPT_008.zip,app/bie/knowledge_intelligence/__pycache__/concept_confidence.cpython-313.pyc,1221,b328de9f6d31f1709327ff6dde0f80e02429975f0f0369af8c38492b5817204a,PENDING,,
BIE_KI_CONCEPT_008.zip,app/bie/knowledge_intelligence/__pycache__/__init__.cpython-313.pyc,168,3c76ac680b5ec4ac29464768b704d1d5db30b6f042d990b8b5c957eaf7eb3da7,PENDING,,
BIE_KI_CONCEPT_009.zip,TASK_RESULT.json,155,86edcde7ac643d9314239bb396a77be5c845ab9317464d1bb997fe57c61dc099,PENDING,,
BIE_KI_CONCEPT_009.zip,TEST_RESULT.txt,1174,73969126e46277e6fdd70200bec6853653b74425eb11cb90b43a83d9a0075296,PENDING,,
BIE_KI_CONCEPT_009.zip,docs/SPEC.md,117,7d61ede0d9cd2dc5a04f4158a48e9c6194b86193c30449fd3a546c73383a8eff,PENDING,,
BIE_KI_CONCEPT_009.zip,tests/test_concept_dedup.py,519,221790724beaa7de6ef0459658d610fbaac327d3bd0695e9064fe65739cf2cd6,PENDING,,
BIE_KI_CONCEPT_009.zip,tests/__pycache__/test_concept_dedup.cpython-313.pyc,1409,9f4c0b0e473a29f5f9ac5093d1018bf042eeb76d928b9ddd82ae269db13b3c91,PENDING,,
BIE_KI_CONCEPT_009.zip,app/bie/knowledge_intelligence/concept_dedup.py,552,1f5cb0dda74be3f4761fbcfcc8e131dae7a3e3a1c14bc7b6557df6516bcdd1eb,PENDING,,
BIE_KI_CONCEPT_009.zip,app/bie/knowledge_intelligence/__init__.py,0,e3b0c44298fc1c149afbf4c8996fb92427ae41e4649b934ca495991b7852b855,PENDING,,
BIE_KI_CONCEPT_009.zip,app/bie/knowledge_intelligence/__pycache__/concept_dedup.cpython-313.pyc,1719,469200b503c6df40ce7ea6c2f489b204263c20710d98908c06f3d633f9a42e75,PENDING,,
BIE_KI_CONCEPT_009.zip,app/bie/knowledge_intelligence/__pycache__/__init__.cpython-313.pyc,168,f2d4f7789f93475a245b281983be2b01e6a82a2c06453868ad8b085097e82c33,PENDING,,
BIE_KI_CONCEPT_010.zip,TASK_RESULT.json,152,fd0636f6a68438ccffa6a07ade4c58c1059edfa4ed7656f9a78ac25deaeddc8f,PENDING,,
BIE_KI_CONCEPT_010.zip,TEST_RESULT.txt,1701,bc7c721c2bcfa25d70fa91e60e41088ce0365f9f1fad5aef23d471ee29c23881,PENDING,,
BIE_KI_CONCEPT_010.zip,docs/SPEC.md,123,9e05612b2768b0f47c15325f5d557db28087ebe8978307c51093ef047d68aec7,PENDING,,
BIE_KI_CONCEPT_010.zip,tests/test_concept_merge_split.py,470,fa1b639a0ee640411e3fd0cc1eba8086e664f66895dfc25a343d22515c6bd140,PENDING,,
BIE_KI_CONCEPT_010.zip,tests/__pycache__/test_concept_merge_split.cpython-313.pyc,1451,65c49a39868449de2c95479dd4acecfeafc351ef4e3fcc9f882d4fa613698bec,PENDING,,
BIE_KI_CONCEPT_010.zip,app/bie/knowledge_intelligence/__init__.py,0,e3b0c44298fc1c149afbf4c8996fb92427ae41e4649b934ca495991b7852b855,PENDING,,
BIE_KI_CONCEPT_010.zip,app/bie/knowledge_intelligence/concept_merge_split.py,710,5a25e8c632946295d2083966bc3170d8dcde735ab8c50f2e35af572caa378920,PENDING,,
BIE_KI_CONCEPT_010.zip,app/bie/knowledge_intelligence/__pycache__/concept_merge_split.cpython-313.pyc,1946,9bd7037ae2ce5659363f77cbc4667a2dafef6aad36465a3619cb68b8f01d716a,PENDING,,
BIE_KI_CONCEPT_010.zip,app/bie/knowledge_intelligence/__pycache__/__init__.cpython-313.pyc,168,14f11208b92f7238da2a6b5631ee3343c5ea07cb6745013f2137f1baae72ee17,PENDING,,
BIE_KI_CONDITION_001.zip,TEST_RESULT.txt,1174,73969126e46277e6fdd70200bec6853653b74425eb11cb90b43a83d9a0075296,PENDING,,
BIE_KI_CONDITION_001.zip,TASK_RESULT.json,159,8e91feb9ff2b3a463de2d76e59a7a826dfdb45407c4fc000b138222d56273ac3,PENDING,,
BIE_KI_CONDITION_001.zip,docs/SPEC.md,107,c3d877f28752d01df21874e9a6d2edd3e4ce6d612f48d1e3711b30b9abceca4b,PENDING,,
BIE_KI_CONDITION_001.zip,tests/test_applicability_conditions.py,373,768dc1120bedd0de191e69fd126313630c0edf2507e472b41b1b12c55db1fa75,PENDING,,
BIE_KI_CONDITION_001.zip,tests/__pycache__/test_applicability_conditions.cpython-313.pyc,1297,7dce65606edea253bf1b65411e60f0b780a080ad8a877161418b3652f6dbce22,PENDING,,
BIE_KI_CONDITION_001.zip,app/bie/knowledge_intelligence/applicability_conditions.py,289,a32be3c58bca4114666a1f79933dd9cc07c7b0ecb49fdc7391e90ceb6ad3f63c,PENDING,,
BIE_KI_CONDITION_001.zip,app/bie/knowledge_intelligence/__init__.py,0,e3b0c44298fc1c149afbf4c8996fb92427ae41e4649b934ca495991b7852b855,PENDING,,
BIE_KI_CONDITION_001.zip,app/bie/knowledge_intelligence/__pycache__/applicability_conditions.cpython-313.pyc,924,dca4912cb49c80deeb92ebf3f54f1ae07e4a99fa4c81a4958991fe583f106c37,PENDING,,
BIE_KI_CONDITION_001.zip,app/bie/knowledge_intelligence/__pycache__/__init__.cpython-313.pyc,170,3f69525daa135275b07f204d8a38aafaf668285168378d1d487e4dd38c60d711,PENDING,,
BIE_KI_CONDITION_002.zip,TEST_RESULT.txt,1174,73969126e46277e6fdd70200bec6853653b74425eb11cb90b43a83d9a0075296,PENDING,,
BIE_KI_CONDITION_002.zip,TASK_RESULT.json,159,bea051e7c1668561df07dde2e4dc51d93de7fa83d8dc149cc4e52c277f4e0c97,PENDING,,
BIE_KI_CONDITION_002.zip,docs/SPEC.md,92,e72410385af46619693b13690d268031c35ca5933faa8cdaa56dd5d26a12490e,PENDING,,
BIE_KI_CONDITION_002.zip,tests/test_condition_logic.py,349,ac9a8fedc8378508d6107dd56da8ff9122eeb84576485c311335f5359fb3c17c,PENDING,,
BIE_KI_CONDITION_002.zip,tests/__pycache__/test_condition_logic.cpython-313.pyc,1209,d2c05ace8381a33aa51a6438f6e9ddd78f8c789ee4096f0912307682a16b38f0,PENDING,,
BIE_KI_CONDITION_002.zip,app/bie/knowledge_intelligence/condition_logic.py,350,f69168f57e486db42644ba9b8232756f8dc13c7caf4b978a09c96831161e4760,PENDING,,
BIE_KI_CONDITION_002.zip,app/bie/knowledge_intelligence/__init__.py,0,e3b0c44298fc1c149afbf4c8996fb92427ae41e4649b934ca495991b7852b855,PENDING,,
BIE_KI_CONDITION_002.zip,app/bie/knowledge_intelligence/__pycache__/condition_logic.cpython-313.pyc,1227,b2cea6df44764ada7a95d6ccb2b51939c9cc61248d27b0321d39df132e2ec319,PENDING,,
BIE_KI_CONDITION_002.zip,app/bie/knowledge_intelligence/__pycache__/__init__.cpython-313.pyc,170,3a92922ba62617d5d5b003afe3b68bc645ed0bf3a3e7ef551added6513fc629f,PENDING,,
BIE_KI_CONDITION_003.zip,TEST_RESULT.txt,1174,73969126e46277e6fdd70200bec6853653b74425eb11cb90b43a83d9a0075296,PENDING,,
BIE_KI_CONDITION_003.zip,TASK_RESULT.json,159,7db500ab081e7adb0cadece278505b8ae5b18c6f9adb4580fdf5e333d325be97,PENDING,,
BIE_KI_CONDITION_003.zip,docs/SPEC.md,100,52026385a0fc7f4d5da1df784ca9daae2a4ca146c5257e7d41a9dce66d572a63,PENDING,,
BIE_KI_CONDITION_003.zip,tests/test_condition_claim_link.py,385,bceb6d0b495a65df8186aa5b99557db6bd202e25ff0cdcc69e8c4a9cacbbbbae,PENDING,,
BIE_KI_CONDITION_003.zip,tests/__pycache__/test_condition_claim_link.cpython-313.pyc,1280,6945ea1be8a9761648fa39743ff900e0deba8b5ce775c356288ff435c9a9f8b8,PENDING,,
BIE_KI_CONDITION_003.zip,app/bie/knowledge_intelligence/condition_claim_link.py,251,c4fcff1dc9547e6c6b52f8b5b4a06cf2ea88b8a0777fa7fd8d76822238fcb942,PENDING,,
BIE_KI_CONDITION_003.zip,app/bie/knowledge_intelligence/__init__.py,0,e3b0c44298fc1c149afbf4c8996fb92427ae41e4649b934ca495991b7852b855,PENDING,,
BIE_KI_CONDITION_003.zip,app/bie/knowledge_intelligence/__pycache__/condition_claim_link.cpython-313.pyc,838,d6829d59102b16d3aa563ad3bf7e66a3a5bb1ca2c907c5ded66dc4afc6fcaba4,PENDING,,
BIE_KI_CONDITION_003.zip,app/bie/knowledge_intelligence/__pycache__/__init__.cpython-313.pyc,170,ce1b6fcd08ec5582c194f2198a0010ed13f9e25bbc451c392f85d7e82fd3e752,PENDING,,
BIE_KI_CONTEXT_001.zip,TEST_RESULT.txt,150,10aa10ae91b2edb093466e3dc8b80042d4e4681a01adf8a80804fc6a666df96c,PENDING,,
BIE_KI_CONTEXT_001.zip,TASK_RESULT.json,155,d366c9352e1955b9494c20ff73e366b40a06b8608a2e6a13b02a1659314d3c1b,PENDING,,
BIE_KI_CONTEXT_001.zip,docs/SPEC.md,86,62fd68b0cd261d9fe23309902af5a652633dcc7ac2870ec0bc604a6857ed1a3d,PENDING,,
BIE_KI_CONTEXT_001.zip,tests/test_context_sense.py,364,6bec575f77d95891ead7b61dab17074fa07b111db27fd77b78ed6daeb928b9a3,PENDING,,
BIE_KI_CONTEXT_001.zip,app/bie/knowledge_intelligence/context_sense.py,318,44fda28e5129cecebe47caa09681d59782b023f763e2e56d5279603e56a37409,PENDING,,
BIE_KI_CONTEXT_001.zip,app/bie/knowledge_intelligence/__init__.py,0,e3b0c44298fc1c149afbf4c8996fb92427ae41e4649b934ca495991b7852b855,PENDING,,
BIE_KI_CONTEXT_001.zip,app/bie/knowledge_intelligence/__pycache__/context_sense.cpython-313.pyc,1043,f9ee83e4aec823be69afa86b52531749be92ecc631973e4a05da939e3db9cbbf,PENDING,,
BIE_KI_CONTEXT_002.zip,TEST_RESULT.txt,159,0954ccbfd4c84b06f03e1e7ce22e2e59fbca7cf5b188ebb53292e7c8c40183c3,PENDING,,
BIE_KI_CONTEXT_002.zip,TASK_RESULT.json,155,553be742ea82f8f19c85562bdc837e10bdc6c271d9b33952186f4910b1771e32,PENDING,,
BIE_KI_CONTEXT_002.zip,docs/SPEC.md,114,fb2734e1645295698acdb4d5fa2fac0f923d03b19e744276972ec010badfbdca,PENDING,,
BIE_KI_CONTEXT_002.zip,tests/test_context_disambiguation.py,432,b3d9632ad39b7e16c8d343869b13aa8d1b2df26f820be03fc847ea4be1fee9e9,PENDING,,
BIE_KI_CONTEXT_002.zip,app/bie/knowledge_intelligence/context_disambiguation.py,421,ef45780397f220d9afe85e8e3922fe7df253cf6c8a5f57ede429d0f6554fa557,PENDING,,
BIE_KI_CONTEXT_002.zip,app/bie/knowledge_intelligence/__init__.py,0,e3b0c44298fc1c149afbf4c8996fb92427ae41e4649b934ca495991b7852b855,PENDING,,
BIE_KI_CONTEXT_002.zip,app/bie/knowledge_intelligence/__pycache__/context_disambiguation.cpython-313.pyc,1491,f4a23d82eaf1748df91263d858ee2e95bcf2fa78f1a89939a0dcb503793a8b33,PENDING,,
BIE_KI_CONTEXT_003.zip,TEST_RESULT.txt,156,12a615d754206846d7c574bad26c51c9d8f20f9bb41a590cb8f706869d342ecf,PENDING,,
BIE_KI_CONTEXT_003.zip,TASK_RESULT.json,153,c6184bed0c189342574e1dd19d78dda781918ec5d020f0100310a82410051021,PENDING,,
BIE_KI_CONTEXT_003.zip,docs/SPEC.md,93,a0f2749772b364a4b52e1b545fc320dc562cf619011465d2238129189ce2832b,PENDING,,
BIE_KI_CONTEXT_003.zip,tests/test_context_inheritance.py,330,f74774d92a1465f093ed93000d003ae45a2b81629133c96d3a91b40572b7866b,PENDING,,
BIE_KI_CONTEXT_003.zip,app/bie/knowledge_intelligence/__init__.py,0,e3b0c44298fc1c149afbf4c8996fb92427ae41e4649b934ca495991b7852b855,PENDING,,
BIE_KI_CONTEXT_003.zip,app/bie/knowledge_intelligence/context_inheritance.py,209,31183587f5e50023074ad653f0f886b56d849d10d07d1b542701fda36f84b92b,PENDING,,
BIE_KI_CONTEXT_003.zip,app/bie/knowledge_intelligence/__pycache__/context_inheritance.cpython-313.pyc,732,2c590eda067e4568e62ff0b17624e1ad0d7628387f447b73c2faad926fb08106,PENDING,,
BIE_KI_CROSSMODAL_001.zip,TEST_RESULT.txt,161,a604a490d471f1d01c323d6ef887494c8b15d408ff58f3bbd66f7c05a4846ceb,PENDING,,
BIE_KI_CROSSMODAL_001.zip,TASK_RESULT.json,161,ec49c9d8f72e34be6226f638c2fa6266d203e387685249eb5ea15ae19a5bd978,PENDING,,
BIE_KI_CROSSMODAL_001.zip,docs/SPEC.md,118,b19b85ef84d9f34b5b19d7036f296ab832f66ba3f8e34c7bd808203167ee1cde,PENDING,,
BIE_KI_CROSSMODAL_001.zip,tests/test_crossmodal_corroboration.py,465,0ff51a8796388006319d71b725d1eef54349f54f1dbf37bab83772716c1a4952,PENDING,,
BIE_KI_CROSSMODAL_001.zip,app/bie/knowledge_intelligence/__init__.py,0,e3b0c44298fc1c149afbf4c8996fb92427ae41e4649b934ca495991b7852b855,PENDING,,
BIE_KI_CROSSMODAL_001.zip,app/bie/knowledge_intelligence/crossmodal_corroboration.py,411,7a2ea03102214fd483ee68fe0e8ac541097e670dc7405237131f7e7f2b7c8c01,PENDING,,
BIE_KI_CROSSMODAL_001.zip,app/bie/knowledge_intelligence/__pycache__/crossmodal_corroboration.cpython-313.pyc,1461,5f03a6971ba4c921977d56ce027ca92f11b95455ae1371867d3dcc88a390811a,PENDING,,
BIE_KI_CROSSMODAL_002.zip,TEST_RESULT.txt,156,e4e6818260dc294edf444684b86dc2db522e575d87c823c52dff945cdfd751bc,PENDING,,
BIE_KI_CROSSMODAL_002.zip,TASK_RESULT.json,161,42ade9b23e407381e50cb0dc2c2c31897831a9288c8180ae23016cbebc76c06d,PENDING,,
BIE_KI_CROSSMODAL_002.zip,docs/SPEC.md,124,11d4888dc264604aed39bd59ecd76542543bd8710991755a9358f54308e9061f,PENDING,,
BIE_KI_CROSSMODAL_002.zip,tests/test_crossmodal_conflict.py,426,84d76e79625f15ec781bea13a8854d7d05a924871e8e34da2a205acdc33cda9c,PENDING,,
BIE_KI_CROSSMODAL_002.zip,app/bie/knowledge_intelligence/crossmodal_conflict.py,335,798c65fa44da7c3dbc30eb8440613c733aa9e4d0818a14d128c4dc151d7fc7df,PENDING,,
BIE_KI_CROSSMODAL_002.zip,app/bie/knowledge_intelligence/__init__.py,0,e3b0c44298fc1c149afbf4c8996fb92427ae41e4649b934ca495991b7852b855,PENDING,,
BIE_KI_CROSSMODAL_002.zip,app/bie/knowledge_intelligence/__pycache__/crossmodal_conflict.cpython-313.pyc,1200,339d6bb3f1614d5b512255f7d73512568d1746482486fbb531951300d12ad9d1,PENDING,,
BIE_KI_CROSSMODAL_003.zip,TEST_RESULT.txt,163,5d46f4e237799e215784baee507992ea1ad51ad8554db84475e52169a603620c,PENDING,,
BIE_KI_CROSSMODAL_003.zip,TASK_RESULT.json,159,ef452add34ba9b12724f75803af053bec83069295039159cefefb7cfd1ca8989,PENDING,,
BIE_KI_CROSSMODAL_003.zip,docs/SPEC.md,122,526475cb6edd120c179508b2849c36d9e2b150410118a4862e4be86ff9a354d2,PENDING,,
BIE_KI_CROSSMODAL_003.zip,tests/test_crossmodal_evidence_fusion.py,438,f66c0dbca123687995606f08f4171efc82515bf7656e4e7efcc5de1f83d03725,PENDING,,
BIE_KI_CROSSMODAL_003.zip,app/bie/knowledge_intelligence/__init__.py,0,e3b0c44298fc1c149afbf4c8996fb92427ae41e4649b934ca495991b7852b855,PENDING,,
BIE_KI_CROSSMODAL_003.zip,app/bie/knowledge_intelligence/crossmodal_evidence_fusion.py,677,36bfd5b7d646188e054cbad20329ba594c198ee5721d1972daf2c61c2c625cb9,PENDING,,
BIE_KI_CROSSMODAL_003.zip,app/bie/knowledge_intelligence/__pycache__/crossmodal_evidence_fusion.cpython-313.pyc,2396,c7adced75256c27b2b365961b3afac2fc86dc1dfec9917b5af0bc93448cee5d8,PENDING,,
BIE_KI_DEF_001.zip,TASK_RESULT.json,147,8071b57de56e667347a5eaa995ccdd2f5ea6491fab0bfa9fe0b22305f3e17c0f,PENDING,,
BIE_KI_DEF_001.zip,TEST_RESULT.txt,1174,73969126e46277e6fdd70200bec6853653b74425eb11cb90b43a83d9a0075296,PENDING,,
BIE_KI_DEF_001.zip,docs/SPEC.md,142,be764b4007cdfbfd5ceff5f49eace4bf5c37d473b8c0d199bfef229572c8dca7,PENDING,,
BIE_KI_DEF_001.zip,tests/test_definition_consistency.py,498,db6f4430f03b799a0b0c90c54e20904ef23d8f9d39bf0c125c5b98580beabe1b,PENDING,,
BIE_KI_DEF_001.zip,tests/__pycache__/test_definition_consistency.cpython-313.pyc,1354,7da1fe809250d6328b92aca8f3b85542b7c193f28ac4a095e778de76b97ab56b,PENDING,,
BIE_KI_DEF_001.zip,app/bie/knowledge_intelligence/definition_consistency.py,475,f0cb9584d222bb03f4e95864392ab39975d9ca7a87a3e7fe50e1ea55a820746e,PENDING,,
BIE_KI_DEF_001.zip,app/bie/knowledge_intelligence/__init__.py,0,e3b0c44298fc1c149afbf4c8996fb92427ae41e4649b934ca495991b7852b855,PENDING,,
BIE_KI_DEF_001.zip,app/bie/knowledge_intelligence/__pycache__/definition_consistency.cpython-313.pyc,1743,d5bfedb19dcb8667e68eca7f66d07a21a834a5899282fbb58f5e897691795ffe,PENDING,,
BIE_KI_DEF_001.zip,app/bie/knowledge_intelligence/__pycache__/__init__.cpython-313.pyc,164,74d4e6b5d77f57d887b6828cb23f147f7315f71e33706e1a04d21d4f9dde5590,PENDING,,
BIE_KI_DEF_002.zip,TASK_RESULT.json,147,1935bccc38fcaffa9ec48c3763dd73fbc4c55597c4cefa3e585c7a6dd093d72b,PENDING,,
BIE_KI_DEF_002.zip,TEST_RESULT.txt,1174,73969126e46277e6fdd70200bec6853653b74425eb11cb90b43a83d9a0075296,PENDING,,
BIE_KI_DEF_002.zip,docs/SPEC.md,122,ce6352d2b256e115a19dd24f5673f5f3feebf8405f7fe33c6542a86a609aa42b,PENDING,,
BIE_KI_DEF_002.zip,tests/test_definition_conflicts.py,485,646d7f16301b223ae39219ea36d89cd1e4d1fd87c723a2d5b5f3c51d18b20b90,PENDING,,
BIE_KI_DEF_002.zip,tests/__pycache__/test_definition_conflicts.cpython-313.pyc,1304,92ae6af0ee2aa54163a72eb2774bbcecc98aae8842aef69273939730859d3413,PENDING,,
BIE_KI_DEF_002.zip,app/bie/knowledge_intelligence/__init__.py,0,e3b0c44298fc1c149afbf4c8996fb92427ae41e4649b934ca495991b7852b855,PENDING,,
BIE_KI_DEF_002.zip,app/bie/knowledge_intelligence/definition_conflicts.py,383,653a309256a22473adf108b4f0521c989382a9e64fb3e29b56229f97898fddc3,PENDING,,
BIE_KI_DEF_002.zip,app/bie/knowledge_intelligence/__pycache__/definition_conflicts.cpython-313.pyc,1136,d13ee953e84e360a94e39d93f3263dbd4e7fa20f7df17ef5bcb6386392e89696,PENDING,,
BIE_KI_DEF_002.zip,app/bie/knowledge_intelligence/__pycache__/__init__.cpython-313.pyc,164,0b2a5817a23eeb378ab1a82f5dc64a1966f3288f8742be4f43b50b5fa6915f29,PENDING,,
BIE_KI_DEF_003.zip,TASK_RESULT.json,151,ce4c5ca70a7961447fe754e625fad6eb162a32c046fb5943b4a0b750713bba79,PENDING,,
BIE_KI_DEF_003.zip,TEST_RESULT.txt,1174,73969126e46277e6fdd70200bec6853653b74425eb11cb90b43a83d9a0075296,PENDING,,
BIE_KI_DEF_003.zip,docs/SPEC.md,122,adc0307a84402c432046147966db29b69a7e0ece197314eecf5e6946ca15a6de,PENDING,,
BIE_KI_DEF_003.zip,tests/test_definition_arbitration.py,543,c469f4065fa7e695c89ee20d97cd35b602232cf5dca33fd4c08454696c58b016,PENDING,,
BIE_KI_DEF_003.zip,tests/__pycache__/test_definition_arbitration.cpython-313.pyc,1527,ee323f5c4eed0627c26a66be8793d7da2a11e81548f48461d13a75ada3a200a7,PENDING,,
BIE_KI_DEF_003.zip,app/bie/knowledge_intelligence/__init__.py,0,e3b0c44298fc1c149afbf4c8996fb92427ae41e4649b934ca495991b7852b855,PENDING,,
BIE_KI_DEF_003.zip,app/bie/knowledge_intelligence/definition_arbitration.py,563,60b9d5810e523c313d74baa75dc3f7b228178a99f6919f23d649d003f7423bb6,PENDING,,
BIE_KI_DEF_003.zip,app/bie/knowledge_intelligence/__pycache__/definition_arbitration.cpython-313.pyc,1583,d897243965e223fc1b95b419d035c686e7a95ef5a4d4d5cfd224b86ac5a1c6b3,PENDING,,
BIE_KI_DEF_003.zip,app/bie/knowledge_intelligence/__pycache__/__init__.cpython-313.pyc,164,b49e3c027bbfae3e1cae5298295525bc7d635beaf27af7776834e70d85683f50,PENDING,,
BIE_KI_E2E_001.zip,TEST_RESULT.txt,152,56fbcfaf5a0765114c6a7f8d02914663eb675e7530fc1bdef0c5e338aaeda55d,PENDING,,
BIE_KI_E2E_001.zip,TASK_RESULT.json,152,7160ebc4993f025541288f4e50f2ba86f69204073aa437e372683dfb747ede5c,PENDING,,
BIE_KI_E2E_001.zip,docs/SPEC.md,160,afe4d2233692c29254fee0a0f7ca3499bafc04dafeb413af959f82669912c4ef,PENDING,,
BIE_KI_E2E_001.zip,tests/test_ki_e2e_pipeline.py,476,22b23b8cc5b7a797cf85ce0b266cdd6daec75bf4e1b696026d278d6cf90d31f7,PENDING,,
BIE_KI_E2E_001.zip,app/bie/knowledge_intelligence/__init__.py,0,e3b0c44298fc1c149afbf4c8996fb92427ae41e4649b934ca495991b7852b855,PENDING,,
BIE_KI_E2E_001.zip,app/bie/knowledge_intelligence/ki_e2e_pipeline.py,668,c6ed85fcf6858394ccfbd19d36a403db6e360efce506fe97cdab424c31eaf42e,PENDING,,
BIE_KI_E2E_001.zip,app/bie/knowledge_intelligence/__pycache__/ki_e2e_pipeline.cpython-313.pyc,1656,8144ae780ed85aa47ad2d0ffe7fc7bb3911bacb4ea00a3edf94257b3d61bca70,PENDING,,
BIE_KI_ENTITY_001.zip,TEST_RESULT.txt,1174,73969126e46277e6fdd70200bec6853653b74425eb11cb90b43a83d9a0075296,PENDING,,
BIE_KI_ENTITY_001.zip,TASK_RESULT.json,153,525fca0ee81c42c7a7db1989d07b4ed42b8ce215ff231051803e54de2b2e72b2,PENDING,,
BIE_KI_ENTITY_001.zip,docs/SPEC.md,112,cdf45ca1f51b2ae33e55e74e32be8d7987e88613b7fe00c43375988e1004aabb,PENDING,,
BIE_KI_ENTITY_001.zip,tests/test_entity_model.py,382,ebcb15de3d481be651c1813537dbc80ea92de281a4e780a98a453b221db151c8,PENDING,,
BIE_KI_ENTITY_001.zip,tests/__pycache__/test_entity_model.cpython-313.pyc,1292,0fed626e6992a3fc99b4b1b73036edc2ccf027e6430e5be3dd240cdaa00dbfaf,PENDING,,
BIE_KI_ENTITY_001.zip,app/bie/knowledge_intelligence/entity_model.py,322,8ffc8634f4d8e207865f5ab13f609e77c819056a5b94f4b0a4ce88e49572b549,PENDING,,
BIE_KI_ENTITY_001.zip,app/bie/knowledge_intelligence/__init__.py,0,e3b0c44298fc1c149afbf4c8996fb92427ae41e4649b934ca495991b7852b855,PENDING,,
BIE_KI_ENTITY_001.zip,app/bie/knowledge_intelligence/__pycache__/entity_model.cpython-313.pyc,997,593a8a1414c9a8e93d3f735bfd340d0e02b7f86daeb61a0a21426a76a2045da3,PENDING,,
BIE_KI_ENTITY_001.zip,app/bie/knowledge_intelligence/__pycache__/__init__.cpython-313.pyc,167,848931114c2c7f0c78159fbb848cb42914806207cb7bbab7858a2b5a6adfbf79,PENDING,,
BIE_KI_ENTITY_002.zip,TEST_RESULT.txt,1174,73969126e46277e6fdd70200bec6853653b74425eb11cb90b43a83d9a0075296,PENDING,,
BIE_KI_ENTITY_002.zip,TASK_RESULT.json,153,3e15bcc4f612566df240edab499332daea5e58fbec0aa594091b8a91852595e3,PENDING,,
BIE_KI_ENTITY_002.zip,docs/SPEC.md,85,78b17ea2a5050443cf651189e3863c6ebc05d42031165e269350e3e8929d872e,PENDING,,
BIE_KI_ENTITY_002.zip,tests/test_entity_mentions.py,369,93cffc9e4d2f963a0504d9531718c6c3514322984b288632a807f68827d41120,PENDING,,
BIE_KI_ENTITY_002.zip,tests/__pycache__/test_entity_mentions.cpython-313.pyc,1294,ca8efae538728523ec87b76aa0ad36211b13beb5e8146b601f2487529852496f,PENDING,,
BIE_KI_ENTITY_002.zip,app/bie/knowledge_intelligence/entity_mentions.py,239,0eff6cef72010459bd15e4f3fd734f281b3c5939d57c45d4783797130bb1503f,PENDING,,
BIE_KI_ENTITY_002.zip,app/bie/knowledge_intelligence/__init__.py,0,e3b0c44298fc1c149afbf4c8996fb92427ae41e4649b934ca495991b7852b855,PENDING,,
BIE_KI_ENTITY_002.zip,app/bie/knowledge_intelligence/__pycache__/entity_mentions.cpython-313.pyc,792,621fc0f53de973de5802f829b4b3929f6e8f1de3b772bef61d5bdd9902914996,PENDING,,
BIE_KI_ENTITY_002.zip,app/bie/knowledge_intelligence/__pycache__/__init__.cpython-313.pyc,167,26df6aecedcdc09ede2b62023cc6d695093cef5373805d597bd4ba3f8b6fbb29,PENDING,,
BIE_KI_ENTITY_003.zip,TEST_RESULT.txt,1174,73969126e46277e6fdd70200bec6853653b74425eb11cb90b43a83d9a0075296,PENDING,,
BIE_KI_ENTITY_003.zip,TASK_RESULT.json,153,57ffd0e5c08bfa2ffbc2ff6666045f396ffd58ba841df807abadfe7136fc1bb0,PENDING,,
BIE_KI_ENTITY_003.zip,docs/SPEC.md,97,6eaf9b04ceded5c68f7b93c8de03c8d95650a5c6fca50d2eb00230b8ae9389f3,PENDING,,
BIE_KI_ENTITY_003.zip,tests/test_entity_resolution.py,453,1ff8efbb6d867feb5647a5cd2024fc670ded552bfc20651dd698ca64d4186000,PENDING,,
BIE_KI_ENTITY_003.zip,tests/__pycache__/test_entity_resolution.cpython-313.pyc,1318,2a06a135f5a09ed9bec9d28dbb495c6089194aae45e264ec9419ba22de53e80e,PENDING,,
BIE_KI_ENTITY_003.zip,app/bie/knowledge_intelligence/entity_resolution.py,440,bc43e7452dc4758572164ac69704f55ffee6efdf7c39140bd1ebf440da453418,PENDING,,
BIE_KI_ENTITY_003.zip,app/bie/knowledge_intelligence/__init__.py,0,e3b0c44298fc1c149afbf4c8996fb92427ae41e4649b934ca495991b7852b855,PENDING,,
BIE_KI_ENTITY_003.zip,app/bie/knowledge_intelligence/__pycache__/entity_resolution.cpython-313.pyc,1516,5dd7360c8520391fd7561bc66defc34e00e93597e09f313286189c99e484cd57,PENDING,,
BIE_KI_ENTITY_003.zip,app/bie/knowledge_intelligence/__pycache__/__init__.cpython-313.pyc,167,3c62040481ded096cf01aa0261eed0ea3304fe43db5c824a5d2156593177e860,PENDING,,
BIE_KI_ENTITY_004.zip,TEST_RESULT.txt,1174,73969126e46277e6fdd70200bec6853653b74425eb11cb90b43a83d9a0075296,PENDING,,
BIE_KI_ENTITY_004.zip,TASK_RESULT.json,151,e8e539da58e4e402ee6f950c7dc9b38eb2690ba39544bab133354a44f1c89adb,PENDING,,
BIE_KI_ENTITY_004.zip,docs/SPEC.md,90,18b9eab043d9934881ec27626840fafc5697eea20f81c324480ef5e8b886548d,PENDING,,
BIE_KI_ENTITY_004.zip,tests/test_entity_concept_link.py,413,e84c2214bce8723435d2f395b6c082cc715bcee9ecc3d4b1c776db62ca507d36,PENDING,,
BIE_KI_ENTITY_004.zip,tests/__pycache__/test_entity_concept_link.cpython-313.pyc,1330,372a22554b63bd7947ba23f760f4cd486174daa7a7760a799f19d3f591013ccf,PENDING,,
BIE_KI_ENTITY_004.zip,app/bie/knowledge_intelligence/entity_concept_link.py,342,5898f5c760ee51993c822d48c67d3e19453111d90e5a6a5ba20c0b395d8a4e58,PENDING,,
BIE_KI_ENTITY_004.zip,app/bie/knowledge_intelligence/__init__.py,0,e3b0c44298fc1c149afbf4c8996fb92427ae41e4649b934ca495991b7852b855,PENDING,,
BIE_KI_ENTITY_004.zip,app/bie/knowledge_intelligence/__pycache__/entity_concept_link.cpython-313.pyc,963,14016f5bd8583a57e4c5ffa421ed03f56c7a9ae5d690b0424bc0f948ebebf737,PENDING,,
BIE_KI_ENTITY_004.zip,app/bie/knowledge_intelligence/__pycache__/__init__.cpython-313.pyc,167,561b97e6472ceff235baa88af8ed7c119179dfd2071224847c021633f6c8b5a7,PENDING,,
BIE_KI_EQ_LINK_001.zip,TEST_RESULT.txt,158,9e7c333f15cab15eb7276d758f17b1aadd3931364b39c6e24d245e2a1904a767,PENDING,,
BIE_KI_EQ_LINK_001.zip,TASK_RESULT.json,155,6fd28202af9199e1a47ee0837ef5e821f19f7664d18c782d7784fa76cd6ef5de,PENDING,,
BIE_KI_EQ_LINK_001.zip,docs/SPEC.md,88,0939c68d9ca9eee782dd950ea2ea6c94df6bde022c8d756cde87ad380e3e031a,PENDING,,
BIE_KI_EQ_LINK_001.zip,tests/test_equation_concept_link.py,355,73f22a940dd5b24b6b3d57bb8592aea43c1c89cc8b8c4034562404d03f738b56,PENDING,,
BIE_KI_EQ_LINK_001.zip,app/bie/knowledge_intelligence/__init__.py,0,e3b0c44298fc1c149afbf4c8996fb92427ae41e4649b934ca495991b7852b855,PENDING,,
BIE_KI_EQ_LINK_001.zip,app/bie/knowledge_intelligence/equation_concept_link.py,286,9a354ff8fd4b0f58a2fa7659022226cc3aed7246c4d3d16c587c9c2ea88fd3ba,PENDING,,
BIE_KI_EQ_LINK_001.zip,app/bie/knowledge_intelligence/__pycache__/equation_concept_link.cpython-313.pyc,923,deb644ef1f4311d05575bb58dea3546ea8e78a53182e45437de862b10e8f1f22,PENDING,,
BIE_KI_EQ_LINK_002.zip,TEST_RESULT.txt,156,1259d540e1de13bf9857e640e66f57c6dddbb0b8da38bee7e7900ec2208f5a24,PENDING,,
BIE_KI_EQ_LINK_002.zip,TASK_RESULT.json,155,8693bf31cab43b3f983ecc23ad94e47f866d53e20671630e957fbd6abf15f47e,PENDING,,
BIE_KI_EQ_LINK_002.zip,docs/SPEC.md,90,f0f30001b4cb29b87d55356fa7ade2a46a23bd79762b0e7c3c9d71df282b253d,PENDING,,
BIE_KI_EQ_LINK_002.zip,tests/test_equation_claim_link.py,347,6a1ae4c64f77582566c048be0c68ce477f0469ec248efee290141b31ac53a845,PENDING,,
BIE_KI_EQ_LINK_002.zip,app/bie/knowledge_intelligence/__init__.py,0,e3b0c44298fc1c149afbf4c8996fb92427ae41e4649b934ca495991b7852b855,PENDING,,
BIE_KI_EQ_LINK_002.zip,app/bie/knowledge_intelligence/equation_claim_link.py,245,3bc24c1c17bd5e9ecea8960a980174c0062aa46b3c8a9818a42d2b2fa146d825,PENDING,,
BIE_KI_EQ_LINK_002.zip,app/bie/knowledge_intelligence/__pycache__/equation_claim_link.cpython-313.pyc,748,a2c544739f1b225e196214257330b207a0efb194113ab0376de404b10babb31c,PENDING,,
BIE_KI_EQ_LINK_003.zip,TEST_RESULT.txt,155,0d4e7ea5f86eb569211e993a36654440bbe632335d869466594b3c050898552e,PENDING,,
BIE_KI_EQ_LINK_003.zip,TASK_RESULT.json,154,a09502436c2e5bfb3a279f560c4c1c59e1b4c9fc3856f52064d3e415211fba4e,PENDING,,
BIE_KI_EQ_LINK_003.zip,docs/SPEC.md,106,c1c05201c256f2ead1f028c623de2089c9e43ec17b3bf7fb7ca545e0d00c6e0d,PENDING,,
BIE_KI_EQ_LINK_003.zip,tests/test_equation_semantics.py,434,eb84aff47d045557f011b231f1a89e01b3bb418c0b8a49afaa690de45d922457,PENDING,,
BIE_KI_EQ_LINK_003.zip,app/bie/knowledge_intelligence/equation_semantics.py,374,f538b08666d749065770e51f7ee5e886e9a7394a9fb54943e59c5bcee62afa72,PENDING,,
BIE_KI_EQ_LINK_003.zip,app/bie/knowledge_intelligence/__init__.py,0,e3b0c44298fc1c149afbf4c8996fb92427ae41e4649b934ca495991b7852b855,PENDING,,
BIE_KI_EQ_LINK_003.zip,app/bie/knowledge_intelligence/__pycache__/equation_semantics.cpython-313.pyc,1344,01225ba8737d13cf551157328a5b2c46d6f9145b305897b48ca517c4331dedf4,PENDING,,
BIE_KI_EXAMPLE_001.zip,TASK_RESULT.json,155,b1562dfa50a975ab1e5cfc4bd344457b51c9694b3967a5a8e9e897cbcba1e82f,PENDING,,
BIE_KI_EXAMPLE_001.zip,TEST_RESULT.txt,1174,73969126e46277e6fdd70200bec6853653b74425eb11cb90b43a83d9a0075296,PENDING,,
BIE_KI_EXAMPLE_001.zip,docs/SPEC.md,114,6c4b2a9e84fa7c67104a3fa86b00904ead8a3ff8f965a799969ff398aad5cd09,PENDING,,
BIE_KI_EXAMPLE_001.zip,tests/test_example_extraction.py,493,f1211dbf03ee5b9d8c0a7ca5e4257a4035f7e0242bff53dbb2765f290d32bc9d,PENDING,,
BIE_KI_EXAMPLE_001.zip,tests/__pycache__/test_example_extraction.cpython-313.pyc,1377,37cde25757424cf81d884bb8ee7f50f4fb582530afc024819462e6fbbc60e839,PENDING,,
BIE_KI_EXAMPLE_001.zip,app/bie/knowledge_intelligence/example_extraction.py,347,64ebf1df87430455adbc09c00ecc78e27d800a113e98b60d5dffe6f6239f39d8,PENDING,,
BIE_KI_EXAMPLE_001.zip,app/bie/knowledge_intelligence/__init__.py,0,e3b0c44298fc1c149afbf4c8996fb92427ae41e4649b934ca495991b7852b855,PENDING,,
BIE_KI_EXAMPLE_001.zip,app/bie/knowledge_intelligence/__pycache__/example_extraction.cpython-313.pyc,1087,4a78fd265c7231a0a78e1f6cd580e0b47e13d973b56366bde8b1f8f0bfee8c97,PENDING,,
BIE_KI_EXAMPLE_001.zip,app/bie/knowledge_intelligence/__pycache__/__init__.cpython-313.pyc,168,331212dda3f55ff8af50e1749a7b80edcddd6ee24709b3cafd68ec3b80c5379b,PENDING,,
BIE_KI_EXAMPLE_002.zip,TASK_RESULT.json,155,d62d80a8225f51af118cd0ee77d7bd154d841912f93ed639ad3a68abf5b05102,PENDING,,
BIE_KI_EXAMPLE_002.zip,TEST_RESULT.txt,1174,73969126e46277e6fdd70200bec6853653b74425eb11cb90b43a83d9a0075296,PENDING,,
BIE_KI_EXAMPLE_002.zip,docs/SPEC.md,120,e07eb570c733a994ff7094b59a181fcab45500c64fe93acee8f4f33cfdb51065,PENDING,,
BIE_KI_EXAMPLE_002.zip,tests/test_example_linking.py,375,cf77ce5309bc3c1db391c591cd551251d8200652cba412b15de95661863abf7a,PENDING,,
BIE_KI_EXAMPLE_002.zip,tests/__pycache__/test_example_linking.cpython-313.pyc,1331,749e3e544ffb842b72f96bffbca19754c64dd73460220d00321edaed6d08e0ac,PENDING,,
BIE_KI_EXAMPLE_002.zip,app/bie/knowledge_intelligence/example_linking.py,315,845972a4c2028ef5573d481e92960a2188a6675cdb5864f062697a2eb9283926,PENDING,,
BIE_KI_EXAMPLE_002.zip,app/bie/knowledge_intelligence/__init__.py,0,e3b0c44298fc1c149afbf4c8996fb92427ae41e4649b934ca495991b7852b855,PENDING,,
BIE_KI_EXAMPLE_002.zip,app/bie/knowledge_intelligence/__pycache__/example_linking.cpython-313.pyc,913,f9b114b378d02c2647a9e2902d3bac4ebdc45a4c13464ef913b4ea5d1a57a9d5,PENDING,,
BIE_KI_EXAMPLE_002.zip,app/bie/knowledge_intelligence/__pycache__/__init__.cpython-313.pyc,168,feceda87d0065b300b490f0b88a70b26243d8df672f85b10d94556d98acde6fc,PENDING,,
BIE_KI_EXAMPLE_003.zip,TASK_RESULT.json,155,854d0261348701cc6b261627d5d44e2e13bdffc3a19323e5e1dfd98a731ecd2e,PENDING,,
BIE_KI_EXAMPLE_003.zip,TEST_RESULT.txt,1174,73969126e46277e6fdd70200bec6853653b74425eb11cb90b43a83d9a0075296,PENDING,,
BIE_KI_EXAMPLE_003.zip,docs/SPEC.md,122,26b413421bfbce44ef7fdc2ef109bfb4369f08d309a88610a9b38f07f7423af5,PENDING,,
BIE_KI_EXAMPLE_003.zip,tests/test_example_decomposition.py,408,73bc4737e63201ca2d1872cded09ab10f402457709b80afed2d1676190afc071,PENDING,,
BIE_KI_EXAMPLE_003.zip,tests/__pycache__/test_example_decomposition.cpython-313.pyc,1373,88f35b9b9697b6803ea6f0ae6277f783170b4d722e1d2f957f9e2626289a4c03,PENDING,,
BIE_KI_EXAMPLE_003.zip,app/bie/knowledge_intelligence/__init__.py,0,e3b0c44298fc1c149afbf4c8996fb92427ae41e4649b934ca495991b7852b855,PENDING,,
BIE_KI_EXAMPLE_003.zip,app/bie/knowledge_intelligence/example_decomposition.py,327,788a278eed80395aa419071a2bc13e717513399796449dec806779bff0f7b7d9,PENDING,,
BIE_KI_EXAMPLE_003.zip,app/bie/knowledge_intelligence/__pycache__/example_decomposition.cpython-313.pyc,1208,7f86e278775fcd44e2a93cae7f0e618a1f131b73cc8bdc5193d48bd80bf91fb4,PENDING,,
BIE_KI_EXAMPLE_003.zip,app/bie/knowledge_intelligence/__pycache__/__init__.cpython-313.pyc,168,71ecfeb22b0611ead3d71c356bf3a3021db04f2ab1102bf3af9fdec896d28daa,PENDING,,
BIE_KI_EXAMPLE_004.zip,TASK_RESULT.json,153,d794a18119f8c50644430bd99d2f1ef24c85c0c75a3a1ee9112ca4e2e860a647,PENDING,,
BIE_KI_EXAMPLE_004.zip,TEST_RESULT.txt,1174,73969126e46277e6fdd70200bec6853653b74425eb11cb90b43a83d9a0075296,PENDING,,
BIE_KI_EXAMPLE_004.zip,docs/SPEC.md,138,af0e4409449893cf75c5c340262804b132b43940a91affd8b84f27c3da111cfb,PENDING,,
BIE_KI_EXAMPLE_004.zip,tests/test_counterexamples.py,408,640076a156b7beaecab06e9ec11d9c90bef3da00fbf7d63405819d0ddea5db31,PENDING,,
BIE_KI_EXAMPLE_004.zip,tests/__pycache__/test_counterexamples.cpython-313.pyc,1363,9824e2806a9ee130f4e04a19dce6f75446ec7bb9a1c57c7eb4dce65de9dfe2b1,PENDING,,
BIE_KI_EXAMPLE_004.zip,app/bie/knowledge_intelligence/counterexamples.py,380,327ff6e293b14cda1a3f40c999d4cea248188102dc259f3c16e4c19bfabdc9bc,PENDING,,
BIE_KI_EXAMPLE_004.zip,app/bie/knowledge_intelligence/__init__.py,0,e3b0c44298fc1c149afbf4c8996fb92427ae41e4649b934ca495991b7852b855,PENDING,,
BIE_KI_EXAMPLE_004.zip,app/bie/knowledge_intelligence/__pycache__/counterexamples.cpython-313.pyc,906,b150eeaa798262fea0c90f72ad3b86f407f06942c033a004f8156548af12150f,PENDING,,
BIE_KI_EXAMPLE_004.zip,app/bie/knowledge_intelligence/__pycache__/__init__.cpython-313.pyc,168,273877422a24e0578250e204e44f6b3e3a46f4948dc5104afb85b55ad3cb95b4,PENDING,,
BIE_KI_EXCEPTION_001.zip,TEST_RESULT.txt,1174,73969126e46277e6fdd70200bec6853653b74425eb11cb90b43a83d9a0075296,PENDING,,
BIE_KI_EXCEPTION_001.zip,TASK_RESULT.json,159,c626cf85567dc379fb410bfdc95878a4e0c0867090d635e73f45b686e7a36507,PENDING,,
BIE_KI_EXCEPTION_001.zip,docs/SPEC.md,90,55131c24366675d62755c64d2d72ad8feee157d34f8e191ee8aeb605e64ccb8c,PENDING,,
BIE_KI_EXCEPTION_001.zip,tests/test_exceptions.py,375,fb6094a47fdaecf631948614873a1e2b5f7e7c91db3d6ff306236bc25791044a,PENDING,,
BIE_KI_EXCEPTION_001.zip,tests/__pycache__/test_exceptions.cpython-313.pyc,1263,32ea79395b811d255463b145e1c63b9e194674edf25e976aad0350e6b5a62971,PENDING,,
BIE_KI_EXCEPTION_001.zip,app/bie/knowledge_intelligence/exceptions.py,300,5ffa23248eebc2ba8a34f30eb0c92a6bc214063b161abf9bd244b00b493653b7,PENDING,,
BIE_KI_EXCEPTION_001.zip,app/bie/knowledge_intelligence/__init__.py,0,e3b0c44298fc1c149afbf4c8996fb92427ae41e4649b934ca495991b7852b855,PENDING,,
BIE_KI_EXCEPTION_001.zip,app/bie/knowledge_intelligence/__pycache__/__init__.cpython-313.pyc,170,a0b3aa02b88ce3a0625bbe2cdfc8df681eb5c9ebf9b5b9e231e4167d65e90eaa,PENDING,,
BIE_KI_EXCEPTION_001.zip,app/bie/knowledge_intelligence/__pycache__/exceptions.cpython-313.pyc,938,60bbc4631245b9e8bb74d4f6459c899580263360d280eedbc0acdf462c1ceb5c,PENDING,,
BIE_KI_EXCEPTION_002.zip,TEST_RESULT.txt,1174,73969126e46277e6fdd70200bec6853653b74425eb11cb90b43a83d9a0075296,PENDING,,
BIE_KI_EXCEPTION_002.zip,TASK_RESULT.json,157,fdf6d0a709e80ee1e846253e74eebc8817e36975e7be56d0867519ae2bb18c91,PENDING,,
BIE_KI_EXCEPTION_002.zip,docs/SPEC.md,107,573f55903bfa19dcf05997d4ee160f997108f9c69807d3ec756a29caeca31652,PENDING,,
BIE_KI_EXCEPTION_002.zip,tests/test_boundary_cases.py,375,2292ad985a606315a982293ca9f4fbaff59e924cf7d5c49ffb9b0d2b937227a6,PENDING,,
BIE_KI_EXCEPTION_002.zip,tests/__pycache__/test_boundary_cases.cpython-313.pyc,1259,89c0f89457a46044d4319f02ed715abf1a6361ce7d9f2d082280b011e89ce7a3,PENDING,,
BIE_KI_EXCEPTION_002.zip,app/bie/knowledge_intelligence/__init__.py,0,e3b0c44298fc1c149afbf4c8996fb92427ae41e4649b934ca495991b7852b855,PENDING,,
BIE_KI_EXCEPTION_002.zip,app/bie/knowledge_intelligence/boundary_cases.py,281,b3ff61dc17b1639ce5b75059c3f50726883b4de0ac70f417239890b54cc236db,PENDING,,
BIE_KI_EXCEPTION_002.zip,app/bie/knowledge_intelligence/__pycache__/boundary_cases.cpython-313.pyc,946,ae4b5893c0dbccf36fe126b42511f9e68696a2c77b3cf42993633bddefc26397,PENDING,,
BIE_KI_EXCEPTION_002.zip,app/bie/knowledge_intelligence/__pycache__/__init__.cpython-313.pyc,170,d9c0cb674ce4ac9fde4b12ed0b1145410cadda5d8c6b956dbd85517b36d15120,PENDING,,
BIE_KI_FIGSEM_001.zip,TEST_RESULT.txt,154,f23817d658cb0dd912ad5dc0cf4d2eab4b8390a5b83c2384db020010ef23c375,PENDING,,
BIE_KI_FIGSEM_001.zip,TASK_RESULT.json,153,46f869c28741c999c2293e8307bd91bc843eb998585f0cf6dd41b98236a1b348,PENDING,,
BIE_KI_FIGSEM_001.zip,docs/SPEC.md,101,136477aa69c0359ab98cf087f435b3cf915777801fbd9cb53176c0816125aab3,PENDING,,
BIE_KI_FIGSEM_001.zip,tests/test_figure_graph_link.py,337,8dfc55dcb97283d3e2216eef2b27ceedcbfd75d0604fd0aa592991d7973209a4,PENDING,,
BIE_KI_FIGSEM_001.zip,app/bie/knowledge_intelligence/__init__.py,0,e3b0c44298fc1c149afbf4c8996fb92427ae41e4649b934ca495991b7852b855,PENDING,,
BIE_KI_FIGSEM_001.zip,app/bie/knowledge_intelligence/figure_graph_link.py,286,0fd83f4356712161e9d3af3286c6183d5d8e64c5ccc483bd1ccc3e0e8c817620,PENDING,,
BIE_KI_FIGSEM_001.zip,app/bie/knowledge_intelligence/__pycache__/figure_graph_link.cpython-313.pyc,919,30ca5e22106e3001d4d7f4fc8bc588333aab0fdb9b48bc5b2964f2176494707e,PENDING,,
BIE_KI_FIGSEM_002.zip,TEST_RESULT.txt,150,8f2d01165c9a022f2c075ab113ddb97ade268e58a0e9ec6f5f49d8fa6763c9c0,PENDING,,
BIE_KI_FIGSEM_002.zip,TASK_RESULT.json,155,062f7df23c6ed2e573dd9c39999d4f407ff4a41414eb550ffc797cdcfeb04730,PENDING,,
BIE_KI_FIGSEM_002.zip,docs/SPEC.md,108,e19caa1602d72a69850be6929af4732d52a25561f6817d0c1e70a8b3f86c6f56,PENDING,,
BIE_KI_FIGSEM_002.zip,tests/test_figure_claims.py,346,e5ff228bae5aeb9727d9ff0379622507197b94bcba97bece517eb0d4141ec107,PENDING,,
BIE_KI_FIGSEM_002.zip,app/bie/knowledge_intelligence/__init__.py,0,e3b0c44298fc1c149afbf4c8996fb92427ae41e4649b934ca495991b7852b855,PENDING,,
BIE_KI_FIGSEM_002.zip,app/bie/knowledge_intelligence/figure_claims.py,296,8ba42ca93971deb091418c979eaf18c5cb41633e120a306103a163f424909c41,PENDING,,
BIE_KI_FIGSEM_002.zip,app/bie/knowledge_intelligence/__pycache__/figure_claims.cpython-313.pyc,781,f7fc921af56563e6aa8e425cb83987c3eb07798b79bdc30ee4ce4857e355495b,PENDING,,
BIE_KI_GRAPH_001.zip,TASK_RESULT.json,151,411e8b7b82cd644019215db97b6f539fb824c19982fa3c238b9a24df6633c78c,PENDING,,
BIE_KI_GRAPH_001.zip,TEST_RESULT.txt,1174,73969126e46277e6fdd70200bec6853653b74425eb11cb90b43a83d9a0075296,PENDING,,
BIE_KI_GRAPH_001.zip,docs/SPEC.md,119,57aaf48f0ec6668735a203450bf13be6ec49cac207759ed3b8e6ada58bce47f2,PENDING,,
BIE_KI_GRAPH_001.zip,tests/test_knowledge_graph_build.py,498,a6735e382761aadacd99f3a90c2af2f686a8d937cdac5b7fba0f0bc6fea41577,PENDING,,
BIE_KI_GRAPH_001.zip,tests/__pycache__/test_knowledge_graph_build.cpython-313.pyc,1510,91fde4b82fa64ab7665c9373f8e80195105b4d8935c148099e14e89ba4f672d0,PENDING,,
BIE_KI_GRAPH_001.zip,app/bie/knowledge_intelligence/knowledge_graph_build.py,316,77485fe020d6540b330e18a4ac7e94569aec69b2a81a73b242a534596c8e90d8,PENDING,,
BIE_KI_GRAPH_001.zip,app/bie/knowledge_intelligence/__init__.py,0,e3b0c44298fc1c149afbf4c8996fb92427ae41e4649b934ca495991b7852b855,PENDING,,
BIE_KI_GRAPH_001.zip,app/bie/knowledge_intelligence/__pycache__/knowledge_graph_build.cpython-313.pyc,1006,3152f9109899d7148ac62972cf60e06db351763ba9b084e833d1ef3c3d9240a7,PENDING,,
BIE_KI_GRAPH_001.zip,app/bie/knowledge_intelligence/__pycache__/__init__.cpython-313.pyc,166,753843ba8780ff4ffea3db641f904ed6803ae836f4c09edc7a21db110a088e2d,PENDING,,
BIE_KI_GRAPH_002.zip,TASK_RESULT.json,151,c3d2aab6e0a38c7ddb8e9c4fad35bed239f47e829014c7c2b9b2edde76c0debd,PENDING,,
BIE_KI_GRAPH_002.zip,TEST_RESULT.txt,1174,73969126e46277e6fdd70200bec6853653b74425eb11cb90b43a83d9a0075296,PENDING,,
BIE_KI_GRAPH_002.zip,docs/SPEC.md,94,8f04e5b39b51ef903d5475e2172406962666eba4ea0fd7731ee8888ebc5b8d00,PENDING,,
BIE_KI_GRAPH_002.zip,tests/test_knowledge_graph_validate.py,610,3b6541d407b2fc8677032eba615d21d48235a5873f7c56c7e51982e741ae86f5,PENDING,,
BIE_KI_GRAPH_002.zip,tests/__pycache__/test_knowledge_graph_validate.cpython-313.pyc,1342,8944517f38aa8ad3648a94716323b5eec16222a58383db5e6710cd9f6e1d21e8,PENDING,,
BIE_KI_GRAPH_002.zip,app/bie/knowledge_intelligence/knowledge_graph_validate.py,419,29274ca798a472c797fb8bd2f75f9c21a5040ca717c49efa0e14139348c4f8ca,PENDING,,
BIE_KI_GRAPH_002.zip,app/bie/knowledge_intelligence/__init__.py,0,e3b0c44298fc1c149afbf4c8996fb92427ae41e4649b934ca495991b7852b855,PENDING,,
BIE_KI_GRAPH_002.zip,app/bie/knowledge_intelligence/__pycache__/knowledge_graph_validate.cpython-313.pyc,1322,3dcf8400385f730244c1db969dc71ec8ac6ef74ff1eb906a1c41acc4364155e4,PENDING,,
BIE_KI_GRAPH_002.zip,app/bie/knowledge_intelligence/__pycache__/__init__.cpython-313.pyc,166,dd6929cb0b7721950cceecb4cdd7931fb601697053d4e3f42f5bc9a9be42a864,PENDING,,
BIE_KI_GRAPH_003.zip,TASK_RESULT.json,151,3a8614b1407ac413a1c826079f00f63dd2d13e0201f989fa8175dc26e73bd786,PENDING,,
BIE_KI_GRAPH_003.zip,TEST_RESULT.txt,1174,73969126e46277e6fdd70200bec6853653b74425eb11cb90b43a83d9a0075296,PENDING,,
BIE_KI_GRAPH_003.zip,docs/SPEC.md,118,b9834e301ff1455b097b2c13c11411ec1b984b64e1edf8ce699d88cb261735e3,PENDING,,
BIE_KI_GRAPH_003.zip,tests/test_knowledge_graph_connectivity.py,487,47f5a60768b4aebbbf8f2a698493707a4a8e52014ee2a099e4f95881e77d6c50,PENDING,,
BIE_KI_GRAPH_003.zip,tests/__pycache__/test_knowledge_graph_connectivity.cpython-313.pyc,1558,8c07b7892c70fb898d01823a1a7db9651544f1ddb3013f5633152806ee712b8b,PENDING,,
BIE_KI_GRAPH_003.zip,app/bie/knowledge_intelligence/knowledge_graph_connectivity.py,460,57df321eb12e7b407b4232c2f2b941dc02f840efafd03e5c208e2c4a1447f341,PENDING,,
BIE_KI_GRAPH_003.zip,app/bie/knowledge_intelligence/__init__.py,0,e3b0c44298fc1c149afbf4c8996fb92427ae41e4649b934ca495991b7852b855,PENDING,,
BIE_KI_GRAPH_003.zip,app/bie/knowledge_intelligence/__pycache__/knowledge_graph_connectivity.cpython-313.pyc,1341,b41ded2a09a22f5745760179bc99f173e1a118b7328001529e72d9f2a2479a77,PENDING,,
BIE_KI_GRAPH_003.zip,app/bie/knowledge_intelligence/__pycache__/__init__.cpython-313.pyc,166,a9a26f4a84884ebc73b25aa80735305a1e3659c4ed0c7fda866f89eb19fa8817,PENDING,,
BIE_KI_GRAPH_004.zip,TASK_RESULT.json,151,0c9eda34e22511c8251c5cea2b6b62c50427e31a657a7c531149726801f53dfc,PENDING,,
BIE_KI_GRAPH_004.zip,TEST_RESULT.txt,1174,73969126e46277e6fdd70200bec6853653b74425eb11cb90b43a83d9a0075296,PENDING,,
BIE_KI_GRAPH_004.zip,docs/SPEC.md,111,3d7633170d506257568acad2fc1782bbf96e6e0717cdf972d45c96749147d5f9,PENDING,,
BIE_KI_GRAPH_004.zip,tests/test_knowledge_graph_orphans.py,480,6fac85d11f1062e22c11a35f277bcb4507411b3a23fe77b58fe161b127c8dd16,PENDING,,
BIE_KI_GRAPH_004.zip,tests/__pycache__/test_knowledge_graph_orphans.cpython-313.pyc,1218,f28950d8684d1bdc01dcccdab80eb94a7bb8343fe471aa9ea53d51c5417074c8,PENDING,,
BIE_KI_GRAPH_004.zip,app/bie/knowledge_intelligence/__init__.py,0,e3b0c44298fc1c149afbf4c8996fb92427ae41e4649b934ca495991b7852b855,PENDING,,
BIE_KI_GRAPH_004.zip,app/bie/knowledge_intelligence/knowledge_graph_orphans.py,247,d7008358ecd48943558567a6b67431436a343691ad215f101d78075a7feddd34,PENDING,,
BIE_KI_GRAPH_004.zip,app/bie/knowledge_intelligence/__pycache__/knowledge_graph_orphans.cpython-313.pyc,1000,25af1f611e49990ce1b2681aee719b5ccde79ce501947075202dcb6acadccadd,PENDING,,
BIE_KI_GRAPH_004.zip,app/bie/knowledge_intelligence/__pycache__/__init__.cpython-313.pyc,166,cdad6e8b1f4c0f57231d3a53d9a3c381a9c11af8a28a759fc6af0e52326b6259,PENDING,,
BIE_KI_GRAPH_005.zip,TASK_RESULT.json,151,e07ec1390157cf055c952596d4caa0cd99829f4a54b3e3fb4b8a49f884f05d38,PENDING,,
BIE_KI_GRAPH_005.zip,TEST_RESULT.txt,1174,73969126e46277e6fdd70200bec6853653b74425eb11cb90b43a83d9a0075296,PENDING,,
BIE_KI_GRAPH_005.zip,docs/SPEC.md,113,3a9c72812cddd7ff961719042f1fc506e91df47a43a4c2a7a5a94e6e86e05236,PENDING,,
BIE_KI_GRAPH_005.zip,tests/test_knowledge_graph_edge_confidence.py,477,a1f60e6f0a25e0a6a8b9223c3a900766850533031a80a54b35bcc7be420a06c1,PENDING,,
BIE_KI_GRAPH_005.zip,tests/__pycache__/test_knowledge_graph_edge_confidence.cpython-313.pyc,1374,529b2a46be44c767708d6495c3911086ca70545448b1dcfe1c8de1de0a217857,PENDING,,
BIE_KI_GRAPH_005.zip,app/bie/knowledge_intelligence/__init__.py,0,e3b0c44298fc1c149afbf4c8996fb92427ae41e4649b934ca495991b7852b855,PENDING,,
BIE_KI_GRAPH_005.zip,app/bie/knowledge_intelligence/knowledge_graph_edge_confidence.py,307,1830f566b1bdabd68bab24fc40da68f44d80d1ed3a3982d0618412cbf7ee8d21,PENDING,,
BIE_KI_GRAPH_005.zip,app/bie/knowledge_intelligence/__pycache__/knowledge_graph_edge_confidence.cpython-313.pyc,996,1db5a1774ea49a236197e0f29a0a2c0184c178a5b21b8db11a428852d2f04b11,PENDING,,
BIE_KI_GRAPH_005.zip,app/bie/knowledge_intelligence/__pycache__/__init__.cpython-313.pyc,166,d07564ddfc49b6e0268956864967ea7fd41153bb61cb9678f6b97ec650ea3ba0,PENDING,,
BIE_KI_GRAPH_006.zip,TASK_RESULT.json,151,94469753ef7d49746e1169c9e0bf4cbdd69191b03c2ef2f7ad9af5b6983465a1,PENDING,,
BIE_KI_GRAPH_006.zip,TEST_RESULT.txt,1174,73969126e46277e6fdd70200bec6853653b74425eb11cb90b43a83d9a0075296,PENDING,,
BIE_KI_GRAPH_006.zip,docs/SPEC.md,115,cf3c6987f0abce897ecc7526429f5e6dc45aad47b7777780b51bb39eaed8237c,PENDING,,
BIE_KI_GRAPH_006.zip,tests/test_knowledge_graph_evidence_edges.py,396,5621ebb01587f72713a03bfa5066e3d80c33082604126e2a6320c6699b00f789,PENDING,,
BIE_KI_GRAPH_006.zip,tests/__pycache__/test_knowledge_graph_evidence_edges.cpython-313.pyc,1295,e796a586a02cce29a9614d937e59db76778aa4fa26f182695ed2d9b932a47cb2,PENDING,,
BIE_KI_GRAPH_006.zip,app/bie/knowledge_intelligence/knowledge_graph_evidence_edges.py,236,65c4139b5eac42a02fd794c617ada8c52e0b5f6e5185100078fb6db9ab79056d,PENDING,,
BIE_KI_GRAPH_006.zip,app/bie/knowledge_intelligence/__init__.py,0,e3b0c44298fc1c149afbf4c8996fb92427ae41e4649b934ca495991b7852b855,PENDING,,
BIE_KI_GRAPH_006.zip,app/bie/knowledge_intelligence/__pycache__/knowledge_graph_evidence_edges.cpython-313.pyc,938,2c8fb8f7421b14bc186ce0126803277d8c32865335a7fedfa11b4e58ca3d43ef,PENDING,,
BIE_KI_GRAPH_006.zip,app/bie/knowledge_intelligence/__pycache__/__init__.cpython-313.pyc,166,0a84d5028b9d16a89ba318b95811f968ce260506fc93fa24dee868975b0bd1dd,PENDING,,
BIE_KI_GRAPH_007.zip,TASK_RESULT.json,151,1f1412dddfdf65fac9b909079bcf6ed90343c1fc8fd3f67f63ffd47a24dc02f2,PENDING,,
BIE_KI_GRAPH_007.zip,TEST_RESULT.txt,1174,73969126e46277e6fdd70200bec6853653b74425eb11cb90b43a83d9a0075296,PENDING,,
BIE_KI_GRAPH_007.zip,docs/SPEC.md,97,92735ccca811b8990a81abc8160deff1673d7e4e5052e29555612a43dc7aee99,PENDING,,
BIE_KI_GRAPH_007.zip,tests/test_knowledge_graph_traversal.py,495,da5f825824f2dc2a344570d46f2e039e2a65f93cf8609a547fd48d48a17f94ea,PENDING,,
BIE_KI_GRAPH_007.zip,tests/__pycache__/test_knowledge_graph_traversal.cpython-313.pyc,1372,2ef04bb8c132d54ac55225f15edec190b0c167873064b5fce9aa5611068724e4,PENDING,,
BIE_KI_GRAPH_007.zip,app/bie/knowledge_intelligence/knowledge_graph_traversal.py,488,045ec4ed806e418972948078ff0a0ec69d5db0cdee8dfb556a4d0eed87992f6f,PENDING,,
BIE_KI_GRAPH_007.zip,app/bie/knowledge_intelligence/__init__.py,0,e3b0c44298fc1c149afbf4c8996fb92427ae41e4649b934ca495991b7852b855,PENDING,,
BIE_KI_GRAPH_007.zip,app/bie/knowledge_intelligence/__pycache__/knowledge_graph_traversal.cpython-313.pyc,1262,bb995284e5f48a9e9917431b6c7e5c61b12ccb89cef40430bf265901ffea0349,PENDING,,
BIE_KI_GRAPH_007.zip,app/bie/knowledge_intelligence/__pycache__/__init__.cpython-313.pyc,166,164cff02dd3dfb88f262588ae08bfe54ce77c14c5c194390b1cd796e39e4af86,PENDING,,
BIE_KI_GRAPH_008.zip,TASK_RESULT.json,151,4602bd82b8ec22e83bfc9919d5e1fa8be1c7c2183a2194871f73c99889e89dca,PENDING,,
BIE_KI_GRAPH_008.zip,TEST_RESULT.txt,1174,73969126e46277e6fdd70200bec6853653b74425eb11cb90b43a83d9a0075296,PENDING,,
BIE_KI_GRAPH_008.zip,docs/SPEC.md,130,034f2114dac0aa9add0bc8bb679f8c79fb38c7998c5c7aa2ff70cc0b49a3a616,PENDING,,
BIE_KI_GRAPH_008.zip,tests/test_knowledge_graph_query.py,549,5180e106fa2e5d3b11914ed721a8fa4f5d28ca98975759789e4da629628d2de0,PENDING,,
BIE_KI_GRAPH_008.zip,tests/__pycache__/test_knowledge_graph_query.cpython-313.pyc,1440,d0c70d9b5dc5fafd6359ea1aace668aab3e1aebc15c78165d1d3b8409be2a087,PENDING,,
BIE_KI_GRAPH_008.zip,app/bie/knowledge_intelligence/knowledge_graph_query.py,408,e53a7c4ba26362d662d261c072b63a8a151f81c57110cf63fdb390998fcbefd8,PENDING,,
BIE_KI_GRAPH_008.zip,app/bie/knowledge_intelligence/__init__.py,0,e3b0c44298fc1c149afbf4c8996fb92427ae41e4649b934ca495991b7852b855,PENDING,,
BIE_KI_GRAPH_008.zip,app/bie/knowledge_intelligence/__pycache__/knowledge_graph_query.cpython-313.pyc,1129,0be2c12f7c6dc14bcc14b0e41ac7a88c607f8fe4877169af9e9f71f101c057e2,PENDING,,
BIE_KI_GRAPH_008.zip,app/bie/knowledge_intelligence/__pycache__/__init__.cpython-313.pyc,166,5cc37d39b62398962ff5fd57497466efbfe31b32d8975feb893d659833060058,PENDING,,
BIE_KI_GRAPH_009.zip,TASK_RESULT.json,151,acf52d9ef0b2cce0e77c06fe3aef8c07858c62a74ae9a1b0505ea69ce1732b39,PENDING,,
BIE_KI_GRAPH_009.zip,TEST_RESULT.txt,1174,73969126e46277e6fdd70200bec6853653b74425eb11cb90b43a83d9a0075296,PENDING,,
BIE_KI_GRAPH_009.zip,docs/SPEC.md,118,263d263e8ff29a5a37895c0ad64c86622637f27412a7faf6c12cb8a7763653c1,PENDING,,
BIE_KI_GRAPH_009.zip,tests/test_graph_versioning.py,416,52957b032fc36b98a108303eb516a1967bfefc27ae12c6af219fb2f5e1db2618,PENDING,,
BIE_KI_GRAPH_009.zip,tests/__pycache__/test_graph_versioning.cpython-313.pyc,1303,2e08e23ee07153c8960fe4ed298e542e39e928c4beee5e463bb70f00f6b4d420,PENDING,,
BIE_KI_GRAPH_009.zip,app/bie/knowledge_intelligence/__init__.py,0,e3b0c44298fc1c149afbf4c8996fb92427ae41e4649b934ca495991b7852b855,PENDING,,
BIE_KI_GRAPH_009.zip,app/bie/knowledge_intelligence/graph_versioning.py,301,668314d34ce52c63661c497d585dc1a9cd05140bb051ee4afb6eb9b9ec818910,PENDING,,
BIE_KI_GRAPH_009.zip,app/bie/knowledge_intelligence/__pycache__/graph_versioning.cpython-313.pyc,992,48992927a54ebc939018a2f7de344addfe4b825a867a14e8b36d52487b0699bd,PENDING,,
BIE_KI_GRAPH_009.zip,app/bie/knowledge_intelligence/__pycache__/__init__.cpython-313.pyc,166,94dbc6fc396ab5da80b0b626506c5bcc7350bf03a9d9beed7ae532ba9866fd7d,PENDING,,
BIE_KI_GRAPH_010.zip,TASK_RESULT.json,149,04c1f9ee84ef886084dd8c4c84873a8481ae7fc54c19eccd3bdcb96beac7db77,PENDING,,
BIE_KI_GRAPH_010.zip,TEST_RESULT.txt,1174,73969126e46277e6fdd70200bec6853653b74425eb11cb90b43a83d9a0075296,PENDING,,
BIE_KI_GRAPH_010.zip,docs/SPEC.md,125,ccf03fb07f1f583ad25a81957442a5b627217f20a93f4f4f4d066beb4bbb2f33,PENDING,,
BIE_KI_GRAPH_010.zip,tests/test_graph_diff.py,473,b483410804daea5d7c26614d4d1caaf45e9ae4bdb7e182b0ee350382402755b5,PENDING,,
BIE_KI_GRAPH_010.zip,tests/__pycache__/test_graph_diff.cpython-313.pyc,1303,e9baa32487e2b45304340e40092b312476574b8b4b5b39206ea2b6405b080a4e,PENDING,,
BIE_KI_GRAPH_010.zip,app/bie/knowledge_intelligence/graph_diff.py,464,ea17c881429a32a8474989d053f2183a849cae2c548e7c4ad2e346feee6d1e3b,PENDING,,
BIE_KI_GRAPH_010.zip,app/bie/knowledge_intelligence/__init__.py,0,e3b0c44298fc1c149afbf4c8996fb92427ae41e4649b934ca495991b7852b855,PENDING,,
BIE_KI_GRAPH_010.zip,app/bie/knowledge_intelligence/__pycache__/graph_diff.cpython-313.pyc,1679,e5fbebb52d7380b3e863f60761da65fc9cdbe771c65b57af8c3fc3abad0daecb,PENDING,,
BIE_KI_GRAPH_010.zip,app/bie/knowledge_intelligence/__pycache__/__init__.cpython-313.pyc,166,b9254cd0b986d47b975fe30875e388f44f8304b1aa0942a58be1a3bb07a97ea3,PENDING,,
BIE_KI_PROP_001.zip,TEST_RESULT.txt,1174,73969126e46277e6fdd70200bec6853653b74425eb11cb90b43a83d9a0075296,PENDING,,
BIE_KI_PROP_001.zip,TASK_RESULT.json,149,da827f874fba67ef6b7e468f084a4bcdf2845cd23f0d04fcc39d017c8cb9c876,PENDING,,
BIE_KI_PROP_001.zip,docs/SPEC.md,91,1ba5fa9ea53f1cb09f315f31ad7af74db23b9c4a0865deb53c714c4590de2396,PENDING,,
BIE_KI_PROP_001.zip,tests/test_concept_properties.py,358,c2416f7d240e0ea729c14ce3d99f9b5b72cac5f089d355eedb536c38f85f7eb9,PENDING,,
BIE_KI_PROP_001.zip,tests/__pycache__/test_concept_properties.cpython-313.pyc,1265,b7010da1690178549c7c5bbc00e2a41d60f4063403b9caf5ac226f2d9f08cffa,PENDING,,
BIE_KI_PROP_001.zip,app/bie/knowledge_intelligence/concept_properties.py,285,d571b5a71c525d847c6f7c6b4036d7911a660c50956d9dd586b17afa61f36dcb,PENDING,,
BIE_KI_PROP_001.zip,app/bie/knowledge_intelligence/__init__.py,0,e3b0c44298fc1c149afbf4c8996fb92427ae41e4649b934ca495991b7852b855,PENDING,,
BIE_KI_PROP_001.zip,app/bie/knowledge_intelligence/__pycache__/concept_properties.cpython-313.pyc,881,11c0f5a43cf60b97dc873f095cf99cc62dcdba6768cd7d0ccdf4f42b032dccc0,PENDING,,
BIE_KI_PROP_001.zip,app/bie/knowledge_intelligence/__pycache__/__init__.cpython-313.pyc,165,ef5e146a8b796f89513c5467ad739c686e1e4632df905ab1a6fba79446d6df58,PENDING,,
BIE_KI_PROP_002.zip,TEST_RESULT.txt,1174,73969126e46277e6fdd70200bec6853653b74425eb11cb90b43a83d9a0075296,PENDING,,
BIE_KI_PROP_002.zip,TASK_RESULT.json,149,1909f62a013602635c33f67a66c0a7ad49c279b7cdd3a13d228b4aededeb1c55,PENDING,,
BIE_KI_PROP_002.zip,docs/SPEC.md,108,2694755b24633f373b71d3a69de2632d2f707057f35b21f19e843619ffdb516a,PENDING,,
BIE_KI_PROP_002.zip,tests/test_property_scope.py,370,a1c1b4a0d1f7885cee1d997b7e773d253f66bd25e35385fb5d1f91af9b880367,PENDING,,
BIE_KI_PROP_002.zip,tests/__pycache__/test_property_scope.cpython-313.pyc,1286,396b6b130990fd92f9029da480613246a4eb571216cf8bccb85194aed6e0126b,PENDING,,
BIE_KI_PROP_002.zip,app/bie/knowledge_intelligence/__init__.py,0,e3b0c44298fc1c149afbf4c8996fb92427ae41e4649b934ca495991b7852b855,PENDING,,
BIE_KI_PROP_002.zip,app/bie/knowledge_intelligence/property_scope.py,167,6a1a4c124e399eb40c9e1f8e3bfc1495be96ca8eae4a4a8302217a2a93aeecbf,PENDING,,
BIE_KI_PROP_002.zip,app/bie/knowledge_intelligence/__pycache__/property_scope.cpython-313.pyc,676,0829d0ac90cd58f27dea2fdbddc1f0e759d274f6d88da770af3110ebe9fe92db,PENDING,,
BIE_KI_PROP_002.zip,app/bie/knowledge_intelligence/__pycache__/__init__.cpython-313.pyc,165,8bba7e2fd24d9bf45332c38563e894395edaa622a04d966ab590c9db68fc9067,PENDING,,
BIE_KI_PROP_003.zip,TEST_RESULT.txt,1174,73969126e46277e6fdd70200bec6853653b74425eb11cb90b43a83d9a0075296,PENDING,,
BIE_KI_PROP_003.zip,TASK_RESULT.json,154,a26fe0892b1e2e6fc82a641dec1de42131b533db51ed97662182c8b50365fb2d,PENDING,,
BIE_KI_PROP_003.zip,docs/SPEC.md,88,8c4b43ff8e469c9d229a31238c31fbddd0f952eaa9ae91cbe247029ee76125b8,PENDING,,
BIE_KI_PROP_003.zip,tests/test_property_conflicts.py,372,0acc9677d7506b4848cdc776775c9f77458f6ae1ab3e5e5c73602cfb58cdbe39,PENDING,,
BIE_KI_PROP_003.zip,tests/__pycache__/test_property_conflicts.cpython-313.pyc,1151,e938bc12a0550bae048e283a9abaf0efbf735cde811f8b7d70187b8c3f2defe7,PENDING,,
BIE_KI_PROP_003.zip,app/bie/knowledge_intelligence/__init__.py,0,e3b0c44298fc1c149afbf4c8996fb92427ae41e4649b934ca495991b7852b855,PENDING,,
BIE_KI_PROP_003.zip,app/bie/knowledge_intelligence/property_conflicts.py,294,b054bc930645a3d5ac8549cb87ae75468f0de1b0433bfc28dcfad0d618f994ac,PENDING,,
BIE_KI_PROP_003.zip,app/bie/knowledge_intelligence/__pycache__/property_conflicts.cpython-313.pyc,1054,1ebe7a3e75e363c7e3c869cbbd847012b8171ac809469f3c517c91e88323b00b,PENDING,,
BIE_KI_PROP_003.zip,app/bie/knowledge_intelligence/__pycache__/__init__.cpython-313.pyc,165,cab8d25ead7fe41d387c14b47db4c639b277e97e1aae36a3dd6a243a361c3e11,PENDING,,
BIE_KI_QA_001.zip,TASK_RESULT.json,145,259984116321a814d712914ac30f3f6d0bc5f6b23942e02a8dc72274fe706af0,PENDING,,
BIE_KI_QA_001.zip,TEST_RESULT.txt,1174,73969126e46277e6fdd70200bec6853653b74425eb11cb90b43a83d9a0075296,PENDING,,
BIE_KI_QA_001.zip,docs/SPEC.md,111,a486ee3d4c6f808e168e86b6734b4197c87e5cd7bc11ac06fba024b1101f5099,PENDING,,
BIE_KI_QA_001.zip,tests/test_ki_coverage_qa.py,378,c190af5cefbd035d5e0e36c99768af1c7465fdb352e7cafcbc3f1657217117d5,PENDING,,
BIE_KI_QA_001.zip,tests/__pycache__/test_ki_coverage_qa.cpython-313.pyc,1257,93f34d6cfdb00c54603ed4ac979c1530ca78cfb38df8cd45ac0f0e1e97e2b856,PENDING,,
BIE_KI_QA_001.zip,app/bie/knowledge_intelligence/__init__.py,0,e3b0c44298fc1c149afbf4c8996fb92427ae41e4649b934ca495991b7852b855,PENDING,,
BIE_KI_QA_001.zip,app/bie/knowledge_intelligence/ki_coverage_qa.py,318,0d781776d0593753a9ba0cd74530dd7e79d30533f4b92ec23d0431a1bbe04ae9,PENDING,,
BIE_KI_QA_001.zip,app/bie/knowledge_intelligence/__pycache__/ki_coverage_qa.cpython-313.pyc,1012,97b73e6a7b9dfee8333cd55345ca2c8fefe23bac5e1c76382bdd3b9d66398abd,PENDING,,
BIE_KI_QA_001.zip,app/bie/knowledge_intelligence/__pycache__/__init__.cpython-313.pyc,163,b5a3291a316a411b8b15b53c3c2219527c98ddcdf9245d6d4820ddfbccc22217,PENDING,,
BIE_KI_QA_002.zip,TASK_RESULT.json,145,c32ee5907d4f4b1a93d6730dc35457f4fa35b1e2472f6025a2ca07cec34781ac,PENDING,,
BIE_KI_QA_002.zip,TEST_RESULT.txt,1174,73969126e46277e6fdd70200bec6853653b74425eb11cb90b43a83d9a0075296,PENDING,,
BIE_KI_QA_002.zip,docs/SPEC.md,117,00122ba763e9b436fb4da33b8d2e09953381c76723ca03604a920d1d149c3f0a,PENDING,,
BIE_KI_QA_002.zip,tests/test_ki_contradiction_qa.py,458,2c430beb2b38df3975f03ef7b2e34609257fe99078616ef52a7ab4a61f54091c,PENDING,,
BIE_KI_QA_002.zip,tests/__pycache__/test_ki_contradiction_qa.cpython-313.pyc,1185,20d319031e8b6b0f1faefcc1520c01a8c0237cce5fb728afa7b117a8850a4727,PENDING,,
BIE_KI_QA_002.zip,app/bie/knowledge_intelligence/__init__.py,0,e3b0c44298fc1c149afbf4c8996fb92427ae41e4649b934ca495991b7852b855,PENDING,,
BIE_KI_QA_002.zip,app/bie/knowledge_intelligence/ki_contradiction_qa.py,323,b27174feded003179b3b2a3656b0be41012783aa962f395500860691427d7e17,PENDING,,
BIE_KI_QA_002.zip,app/bie/knowledge_intelligence/__pycache__/ki_contradiction_qa.cpython-313.pyc,857,72b4865dcd768212b77ee842309662fc5620ee60a912eaf8a9746f1f4eb8aa43,PENDING,,
BIE_KI_QA_002.zip,app/bie/knowledge_intelligence/__pycache__/__init__.cpython-313.pyc,163,9771377a99c32bd3465a4bbec3d3a8560d5d6c382bffb03b9ebbf8393f9b4847,PENDING,,
BIE_KI_QA_003.zip,TASK_RESULT.json,145,273418c946ae371668de6b9f4e75f037715ba09d0811ff0e22227e53b72de0dc,PENDING,,
BIE_KI_QA_003.zip,TEST_RESULT.txt,1174,73969126e46277e6fdd70200bec6853653b74425eb11cb90b43a83d9a0075296,PENDING,,
BIE_KI_QA_003.zip,docs/SPEC.md,117,35ff7db94f457be695792312b806367aa1f0680da28b043cb57fa23d231d9d65,PENDING,,
BIE_KI_QA_003.zip,tests/test_ki_graph_qa.py,558,e4dfd19a38c7385d43e4c95dcb0fc9f2aa6a0d6bb988ff37f841bd1b8e8d0594,PENDING,,
BIE_KI_QA_003.zip,tests/__pycache__/test_ki_graph_qa.cpython-313.pyc,1309,a020a232d36faaac6bdc931400605f0c562e9fb03209d7b55663ddf17b435265,PENDING,,
BIE_KI_QA_003.zip,app/bie/knowledge_intelligence/ki_graph_qa.py,472,a5a47e9e38b612132b223e86b2a0111e6484e7b9ba0f1a37886600f1fdfa0ad4,PENDING,,
BIE_KI_QA_003.zip,app/bie/knowledge_intelligence/__init__.py,0,e3b0c44298fc1c149afbf4c8996fb92427ae41e4649b934ca495991b7852b855,PENDING,,
BIE_KI_QA_003.zip,app/bie/knowledge_intelligence/__pycache__/ki_graph_qa.cpython-313.pyc,1282,fad591e016d1a34b444e81f35760812086002c84f883c6dd539c5229e7da4f22,PENDING,,
BIE_KI_QA_003.zip,app/bie/knowledge_intelligence/__pycache__/__init__.cpython-313.pyc,163,7c0b833fca1452a123e9c9e5f385a0464fe1bf8c1b551a192745fc34b81db6d7,PENDING,,
BIE_KI_QA_004.zip,TASK_RESULT.json,155,dc5a773c14ed2aff26712dc4805aea6c8440dae6235b4d0bd4ad51ec63f9c347,PENDING,,
BIE_KI_QA_004.zip,TEST_RESULT.txt,1174,73969126e46277e6fdd70200bec6853653b74425eb11cb90b43a83d9a0075296,PENDING,,
BIE_KI_QA_004.zip,docs/SPEC.md,126,e997d1e903229fc4dd1c0ecfe34950c2d715c5f19fc7f47c4b4810243a2cc73b,PENDING,,
BIE_KI_QA_004.zip,tests/test_ki_unsupported_claims_qa.py,506,e35294dbb59ec4ac5cf84d89db76b0567e39eed25270f8986b0628810e7e448e,PENDING,,
BIE_KI_QA_004.zip,tests/__pycache__/test_ki_unsupported_claims_qa.cpython-313.pyc,1260,75789dafcb590dd572be51fb0ed6e101804d17ac0a18ea315e91c0d1c6097da1,PENDING,,
BIE_KI_QA_004.zip,app/bie/knowledge_intelligence/ki_unsupported_claims_qa.py,289,af793763b13e9c31503abc4fb12b45e620a4bf27b8cf9c2f1d395f723c7889c6,PENDING,,
BIE_KI_QA_004.zip,app/bie/knowledge_intelligence/__init__.py,0,e3b0c44298fc1c149afbf4c8996fb92427ae41e4649b934ca495991b7852b855,PENDING,,
BIE_KI_QA_004.zip,app/bie/knowledge_intelligence/__pycache__/ki_unsupported_claims_qa.cpython-313.pyc,833,afcad107f7f39e3ad12ef640432e5c14b46383f6ab42c2f384e55c5032f2cc8c,PENDING,,
BIE_KI_QA_004.zip,app/bie/knowledge_intelligence/__pycache__/__init__.cpython-313.pyc,163,066d3508a2c1de8843607d1a321352df33b2e34ffac35251c956b6e6e7c3c16d,PENDING,,
BIE_KI_REALBOOK_001.zip,TEST_RESULT.txt,159,d0ec571900451abd70494847c17a74051b79b738cca8307ff756c136efe8ab55,PENDING,,
BIE_KI_REALBOOK_001.zip,TASK_RESULT.json,159,c400dac3e12fcfc437d18f01559de1a87232aec91acde5082cff0c56a573d8cc,PENDING,,
BIE_KI_REALBOOK_001.zip,docs/SPEC.md,170,dd27254dcd0e2edd6165b47232c98444836d1774b545f6663b471e4654fb147c,PENDING,,
BIE_KI_REALBOOK_001.zip,tests/test_ki_realbook_acceptance.py,427,7cf49cb63cf3784fae3ad4b0ef7a0d13f40ce32fb9ca7bcff96b43e4d1dcaec3,PENDING,,
BIE_KI_REALBOOK_001.zip,app/bie/knowledge_intelligence/ki_realbook_acceptance.py,531,e77ed7d570be7508c33840896afbd079a6ed04adc3e6fef55c4eabd5ffc40bb0,PENDING,,
BIE_KI_REALBOOK_001.zip,app/bie/knowledge_intelligence/__init__.py,0,e3b0c44298fc1c149afbf4c8996fb92427ae41e4649b934ca495991b7852b855,PENDING,,
BIE_KI_REALBOOK_001.zip,app/bie/knowledge_intelligence/__pycache__/ki_realbook_acceptance.cpython-313.pyc,1495,ccb320e5e50906da286b6ebc71456c4142eb3973cd30a32908ab295bf18042e6,PENDING,,
BIE_KI_REL_001.zip,TASK_RESULT.json,147,8e6f729d4776b0012d1916ee3820e182db46f4eeae561c6a8665f5f626c2b00a,PENDING,,
BIE_KI_REL_001.zip,TEST_RESULT.txt,1174,73969126e46277e6fdd70200bec6853653b74425eb11cb90b43a83d9a0075296,PENDING,,
BIE_KI_REL_001.zip,docs/SPEC.md,95,b9937560543b3f71f1e8b766b2621e994c245de36aef67f8743aa9d25679a0c7,PENDING,,
BIE_KI_REL_001.zip,tests/test_relation_is_a.py,373,f4da321c11cd265fc72cb3509915960db92c389cffe080d74e5b37a248c419d2,PENDING,,
BIE_KI_REL_001.zip,tests/__pycache__/test_relation_is_a.cpython-313.pyc,1413,ed27eff23e9472455fc561fc07eb4a142549d27fbcdd694305dc89cdbb219c32,PENDING,,
BIE_KI_REL_001.zip,app/bie/knowledge_intelligence/relation_is_a.py,287,a9c51d16bfe21d1ebe428d535e8c521321b833c488a25b653e412bdfe5bc6be0,PENDING,,
BIE_KI_REL_001.zip,app/bie/knowledge_intelligence/__init__.py,0,e3b0c44298fc1c149afbf4c8996fb92427ae41e4649b934ca495991b7852b855,PENDING,,
BIE_KI_REL_001.zip,app/bie/knowledge_intelligence/__pycache__/relation_is_a.cpython-313.pyc,854,9bf59bb3b0f2b9a05909c8a884ba9ecf78801aa41cb0f9302490f293358952ca,PENDING,,
BIE_KI_REL_001.zip,app/bie/knowledge_intelligence/__pycache__/__init__.cpython-313.pyc,164,311fd3b7afec8d2c5fc1147b5e8d1cd6821138ec8440df94bdb9322dddecba88,PENDING,,
BIE_KI_REL_002.zip,TASK_RESULT.json,147,1dbb2596bb0e5f941595f4eb2ca8a00ca56422afe60d9506b839c4de5accb305,PENDING,,
BIE_KI_REL_002.zip,TEST_RESULT.txt,1174,73969126e46277e6fdd70200bec6853653b74425eb11cb90b43a83d9a0075296,PENDING,,
BIE_KI_REL_002.zip,docs/SPEC.md,86,4d40338341168ecd869091239cb12bc53fd6f6d58425bc12b5c14d0bbcde0b01,PENDING,,
BIE_KI_REL_002.zip,tests/test_relation_part_of.py,381,9a7b392a9b7727253e95fb8ea58ab848ba76e44bd2a3aefa3f7cf8e568599297,PENDING,,
BIE_KI_REL_002.zip,tests/__pycache__/test_relation_part_of.cpython-313.pyc,1415,2bac1aa2a547e6d8e37210eaaca02adff724487bd48a451e3c686d1a68fbf982,PENDING,,
BIE_KI_REL_002.zip,app/bie/knowledge_intelligence/relation_part_of.py,282,1e466fefde97e53f5efcef76429bfa348a9962252656a0c009e33f540297a521,PENDING,,
BIE_KI_REL_002.zip,app/bie/knowledge_intelligence/__init__.py,0,e3b0c44298fc1c149afbf4c8996fb92427ae41e4649b934ca495991b7852b855,PENDING,,
BIE_KI_REL_002.zip,app/bie/knowledge_intelligence/__pycache__/relation_part_of.cpython-313.pyc,857,9fa4e3f0d6b7d6ddc202f34a2535dff73f6c6cb1e6d0c25d5630470d68a6314a,PENDING,,
BIE_KI_REL_002.zip,app/bie/knowledge_intelligence/__pycache__/__init__.cpython-313.pyc,164,6d857385abb5423b0539dbfedb79c6498041a538a05ce4c41943515d885eb5b0,PENDING,,
BIE_KI_REL_003.zip,TASK_RESULT.json,147,d413c850d8685fbadf50d5547ef04a5daeb59e97bb6ddf89654d81c272d742d7,PENDING,,
BIE_KI_REL_003.zip,TEST_RESULT.txt,1174,73969126e46277e6fdd70200bec6853653b74425eb11cb90b43a83d9a0075296,PENDING,,
BIE_KI_REL_003.zip,docs/SPEC.md,120,fc9d551e67ebd0d87fb968bcde2aecc4ac99e20f2cc14cf5e321528ba5d8daae,PENDING,,
BIE_KI_REL_003.zip,tests/test_relation_causes.py,410,22629a897584a9c8f61da21982a7969860cf00c6d2de211cb3f44cb96843eaf3,PENDING,,
BIE_KI_REL_003.zip,tests/__pycache__/test_relation_causes.cpython-313.pyc,1445,d9e6068b67bda65266d283744343c5c7327527ae0cf9e583acdb139db7c95e95,PENDING,,
BIE_KI_REL_003.zip,app/bie/knowledge_intelligence/relation_causes.py,359,f1e3dc3d13b7a2105564a456046925794546bafc9fca7cc7b178c898cc5c992e,PENDING,,
BIE_KI_REL_003.zip,app/bie/knowledge_intelligence/__init__.py,0,e3b0c44298fc1c149afbf4c8996fb92427ae41e4649b934ca495991b7852b855,PENDING,,
BIE_KI_REL_003.zip,app/bie/knowledge_intelligence/__pycache__/relation_causes.cpython-313.pyc,844,881f8f21fbba98bf6e617a6e29ac8fc79dbf40bfd29fe292cdf244ea6a5f502b,PENDING,,
BIE_KI_REL_003.zip,app/bie/knowledge_intelligence/__pycache__/__init__.cpython-313.pyc,164,91608cf5aa8f30ea19215926b6e3658f66a1135d7dbdff8355b213063e46f274,PENDING,,
BIE_KI_REL_004.zip,TASK_RESULT.json,147,50ab42cfe7ea075ffe204821fc2fc94a92c2871fe66fe8879933cab5605727ee,PENDING,,
BIE_KI_REL_004.zip,TEST_RESULT.txt,1174,73969126e46277e6fdd70200bec6853653b74425eb11cb90b43a83d9a0075296,PENDING,,
BIE_KI_REL_004.zip,docs/SPEC.md,141,2377ddead180405775486a0cc0eb58b36a70218c46d3a65c97a40f24b60f2dc1,PENDING,,
BIE_KI_REL_004.zip,tests/test_relation_depends.py,393,d9ea50462ea253dd2307ee7abf5396a44935a435a3e6cd090d285a795e780c1c,PENDING,,
BIE_KI_REL_004.zip,tests/__pycache__/test_relation_depends.cpython-313.pyc,1436,3be6c9cd0ce3185ee1c95fcbb882e26e715ab06e914e24efd742bbdb30836b73,PENDING,,
BIE_KI_REL_004.zip,app/bie/knowledge_intelligence/__init__.py,0,e3b0c44298fc1c149afbf4c8996fb92427ae41e4649b934ca495991b7852b855,PENDING,,
BIE_KI_REL_004.zip,app/bie/knowledge_intelligence/relation_depends.py,302,6ac244599068a422a816cef006f097ae68702dccf943a2390dddab03b1c006d0,PENDING,,
BIE_KI_REL_004.zip,app/bie/knowledge_intelligence/__pycache__/relation_depends.cpython-313.pyc,807,dc9a5d99c14e866ea2563fce19536c0e78683b3a6bd2681336da0a5ea0a28873,PENDING,,
BIE_KI_REL_004.zip,app/bie/knowledge_intelligence/__pycache__/__init__.cpython-313.pyc,164,8c32f96e2ea69ec513cb42c9cc4e7706c9e276d631a92298ba7d8b1ef9352a23,PENDING,,
BIE_KI_REL_005.zip,TASK_RESULT.json,147,ccffca2190a7de9d0b8ab0e5309461ae39dc2fcc13fb415b17cf7f0ebec3c80e,PENDING,,
BIE_KI_REL_005.zip,TEST_RESULT.txt,1174,73969126e46277e6fdd70200bec6853653b74425eb11cb90b43a83d9a0075296,PENDING,,
BIE_KI_REL_005.zip,docs/SPEC.md,117,c49f2653deaed4b257b67b293a87fb56bde4e6306fb740433367d248fbb6360d,PENDING,,
BIE_KI_REL_005.zip,tests/test_relation_contrasts.py,419,8b566053013d46b22f4e097cb395c88a8b150e22b2694d284d4b90b7159dabee,PENDING,,
BIE_KI_REL_005.zip,tests/__pycache__/test_relation_contrasts.cpython-313.pyc,1406,2011869c4af1c982b0d487da4f125f75c40caf4dca256641bc00dc058a4cd3c3,PENDING,,
BIE_KI_REL_005.zip,app/bie/knowledge_intelligence/relation_contrasts.py,330,5f24d68fbd83c88af7e7ff0b51baeaf287b508f4104843843724f9cd71f8195f,PENDING,,
BIE_KI_REL_005.zip,app/bie/knowledge_intelligence/__init__.py,0,e3b0c44298fc1c149afbf4c8996fb92427ae41e4649b934ca495991b7852b855,PENDING,,
BIE_KI_REL_005.zip,app/bie/knowledge_intelligence/__pycache__/relation_contrasts.cpython-313.pyc,983,a8db14d2203232a94177875986784af58556411b8bea512bb84295ea193c8b0d,PENDING,,
BIE_KI_REL_005.zip,app/bie/knowledge_intelligence/__pycache__/__init__.cpython-313.pyc,164,f2f493a294208734ea36e1a31d374ddb6968e55694574f8045af5c5fcfca7aa4,PENDING,,
BIE_KI_REL_006.zip,TASK_RESULT.json,147,554d3cde2be39ed448bc4ceb595a7e5e24e7a9e6bf41f1251509ae28a3830136,PENDING,,
BIE_KI_REL_006.zip,TEST_RESULT.txt,1174,73969126e46277e6fdd70200bec6853653b74425eb11cb90b43a83d9a0075296,PENDING,,
BIE_KI_REL_006.zip,docs/SPEC.md,92,1506d7567e32754c1e149b71b411cf4d01a1cbd9dabba55a242fe3e7d393b0a6,PENDING,,
BIE_KI_REL_006.zip,tests/test_relation_exemplifies.py,398,c1c6f75f4599301750ae7e3325f73b2ecd702ac84a13753f17c0b49464eb86df,PENDING,,
BIE_KI_REL_006.zip,tests/__pycache__/test_relation_exemplifies.cpython-313.pyc,1445,a937cb97cfda1b95ba9766cc9494582ff254da439f83bbb15577dcfcbde73c50,PENDING,,
BIE_KI_REL_006.zip,app/bie/knowledge_intelligence/relation_exemplifies.py,291,5e4f81301f39ce971c0ba8aef6093e58b34b98a25e0ed411f4d65b73ab217807,PENDING,,
BIE_KI_REL_006.zip,app/bie/knowledge_intelligence/__init__.py,0,e3b0c44298fc1c149afbf4c8996fb92427ae41e4649b934ca495991b7852b855,PENDING,,
BIE_KI_REL_006.zip,app/bie/knowledge_intelligence/__pycache__/relation_exemplifies.cpython-313.pyc,808,c5d05cddec6c7ef4da8a31e413d307b6ac7904825502814a8e0efc3be74f1670,PENDING,,
BIE_KI_REL_006.zip,app/bie/knowledge_intelligence/__pycache__/__init__.cpython-313.pyc,164,f4ff5b4071e124d9ae4c64e3fe5880d69284ac3cb5d97c00538b0fcd45989428,PENDING,,
BIE_KI_REL_007.zip,TASK_RESULT.json,147,2794df69ba0781827fcbcb588679400c2ce3e293041f0d75c0c515643b285c6c,PENDING,,
BIE_KI_REL_007.zip,TEST_RESULT.txt,1174,73969126e46277e6fdd70200bec6853653b74425eb11cb90b43a83d9a0075296,PENDING,,
BIE_KI_REL_007.zip,docs/SPEC.md,113,8f70b664cb074e54c6742ee59cdabc49cb35689576a42b8b72e42f9998ed8671,PENDING,,
BIE_KI_REL_007.zip,tests/test_relation_derives.py,417,f1c103ff0548c1a880484a07fab39155f76b8e38c0b5a82d0709155fc25e68f5,PENDING,,
BIE_KI_REL_007.zip,tests/__pycache__/test_relation_derives.cpython-313.pyc,1468,2c06d80681ba96386df7eaf837642727b7323cb28650e466c67148ee98de7300,PENDING,,
BIE_KI_REL_007.zip,app/bie/knowledge_intelligence/relation_derives.py,320,9a2d1ced69ec44abe20917c14b135ec0fce5cad672f10015ab276591f9654f11,PENDING,,
BIE_KI_REL_007.zip,app/bie/knowledge_intelligence/__init__.py,0,e3b0c44298fc1c149afbf4c8996fb92427ae41e4649b934ca495991b7852b855,PENDING,,
BIE_KI_REL_007.zip,app/bie/knowledge_intelligence/__pycache__/relation_derives.cpython-313.pyc,870,202a0bad86721d7a0b3063428f6d7dfccd0a49c819d1678c9adf10fa24f6af3f,PENDING,,
BIE_KI_REL_007.zip,app/bie/knowledge_intelligence/__pycache__/__init__.cpython-313.pyc,164,1879a070a6a8fac72a2709061fc97d10865e927942e2d57fe1997aca5cc78996,PENDING,,
BIE_KI_REL_008.zip,TASK_RESULT.json,147,bcd33a4f5931a185fcdb81d7abefc6daca2aab2a8d4fc7f2425cda827e222477,PENDING,,
BIE_KI_REL_008.zip,TEST_RESULT.txt,1174,73969126e46277e6fdd70200bec6853653b74425eb11cb90b43a83d9a0075296,PENDING,,
BIE_KI_REL_008.zip,docs/SPEC.md,87,873f2321b58636f86160b416f22530e2f9e082ab52c95f3badeecc75dae628ce,PENDING,,
BIE_KI_REL_008.zip,tests/test_relation_applied_in.py,398,de2bc5a57318b31e5d1ee8e088c5ac12017c35b68d1598ecb5e4f6b0aac7d97a,PENDING,,
BIE_KI_REL_008.zip,tests/__pycache__/test_relation_applied_in.cpython-313.pyc,1443,3611e1de78609ae5fd3acb7578a1816b8d7aced8d66f0e488740b7f650ac30b6,PENDING,,
BIE_KI_REL_008.zip,app/bie/knowledge_intelligence/relation_applied_in.py,306,e977ff0f14cc713f218290b53ef8b4eb708f999787a330e39359a2d9082188e4,PENDING,,
BIE_KI_REL_008.zip,app/bie/knowledge_intelligence/__init__.py,0,e3b0c44298fc1c149afbf4c8996fb92427ae41e4649b934ca495991b7852b855,PENDING,,
BIE_KI_REL_008.zip,app/bie/knowledge_intelligence/__pycache__/relation_applied_in.cpython-313.pyc,812,7625adc14011f0676a0591d5acb989be78ddc9d55cbcdcab798d3972c0449243,PENDING,,
BIE_KI_REL_008.zip,app/bie/knowledge_intelligence/__pycache__/__init__.cpython-313.pyc,164,5ec2fa2960a4ad4040fa4ac445646d17e56673e9f5baf6a04485010d6b8ca507,PENDING,,
BIE_KI_REL_009.zip,TASK_RESULT.json,147,2d23a7ea82d71e5ccb3d7520c095464c2cc0e26bbe6b381e1f2f91de02d87bad,PENDING,,
BIE_KI_REL_009.zip,TEST_RESULT.txt,1174,73969126e46277e6fdd70200bec6853653b74425eb11cb90b43a83d9a0075296,PENDING,,
BIE_KI_REL_009.zip,docs/SPEC.md,95,23da00e47bb6caa29157f3d2378f1dd46458fed0ede1300af487fe33ceeac581,PENDING,,
BIE_KI_REL_009.zip,tests/test_relation_temporal.py,395,8249e0c82ae7ab7989c81181a746202b240b0b452547dac3fe52377855d85747,PENDING,,
BIE_KI_REL_009.zip,tests/__pycache__/test_relation_temporal.cpython-313.pyc,1440,710e3b4c6071445f3b2ee5dea739546eded19ff007be894914f6a9ce9006fff5,PENDING,,
BIE_KI_REL_009.zip,app/bie/knowledge_intelligence/relation_temporal.py,306,8b4dafb793a8df0ecfc6bc92b2da392c2afdafc383e5a7340c0f5e527c1e5588,PENDING,,
BIE_KI_REL_009.zip,app/bie/knowledge_intelligence/__init__.py,0,e3b0c44298fc1c149afbf4c8996fb92427ae41e4649b934ca495991b7852b855,PENDING,,
BIE_KI_REL_009.zip,app/bie/knowledge_intelligence/__pycache__/relation_temporal.cpython-313.pyc,889,7092275316c8c9ed06589d1c17cf1c65af4ce416832f808030097619eca6e488,PENDING,,
BIE_KI_REL_009.zip,app/bie/knowledge_intelligence/__pycache__/__init__.cpython-313.pyc,164,b7d468a506e378950bc37b79c4276e4c8c06fe5c51b707b46aed7cee76d463d0,PENDING,,
BIE_KI_REL_010.zip,TASK_RESULT.json,149,f9b5717f390ef2681661f583c468cf2e4bc55d4ee4a9885d81f41917123103e2,PENDING,,
BIE_KI_REL_010.zip,TEST_RESULT.txt,1174,73969126e46277e6fdd70200bec6853653b74425eb11cb90b43a83d9a0075296,PENDING,,
BIE_KI_REL_010.zip,docs/SPEC.md,106,2744f0b87f24c7191215474f4f4df8fd9bfd258191402501921a638233eaf0bf,PENDING,,
BIE_KI_REL_010.zip,tests/test_relation_spatial.py,413,6650766233c1a01ea76360cf900b8ce87195df11f503b34bf99ec1942779165a,PENDING,,
BIE_KI_REL_010.zip,tests/__pycache__/test_relation_spatial.cpython-313.pyc,1449,6e0f34a49e0d091383ad62f6f03d9e13aa37de3c7e1f0f638828bb80e5856f5f,PENDING,,
BIE_KI_REL_010.zip,app/bie/knowledge_intelligence/__init__.py,0,e3b0c44298fc1c149afbf4c8996fb92427ae41e4649b934ca495991b7852b855,PENDING,,
BIE_KI_REL_010.zip,app/bie/knowledge_intelligence/relation_spatial.py,395,fea50f62c84c5ff32a3db8d392f53da5fbccaef01e4d5fa6855ea6c03f721738,PENDING,,
BIE_KI_REL_010.zip,app/bie/knowledge_intelligence/__pycache__/relation_spatial.cpython-313.pyc,1010,e1165270452350d39b9f5a5d4607b28cb7e4d833ab074e0b88aaeae88e717b87,PENDING,,
BIE_KI_REL_010.zip,app/bie/knowledge_intelligence/__pycache__/__init__.cpython-313.pyc,164,b516e4ba6e8a5d5f489bbac98336c53cb46960f07a34c987d758e1be1dbff980,PENDING,,
BIE_KI_SALIENCE_001.zip,TEST_RESULT.txt,153,176767983f34eb9a44e4a30363714f0fbad769689e727716c5791a1aded9662a,PENDING,,
BIE_KI_SALIENCE_001.zip,TASK_RESULT.json,157,6b47f66bff415bf23bffdad933312c672289f9368c132f06bc60b7bb35293ca2,PENDING,,
BIE_KI_SALIENCE_001.zip,docs/SPEC.md,145,763e92dc01756cdb5cd0e7c0422eef13c46613938b49f367a495908ee1d58b76,PENDING,,
BIE_KI_SALIENCE_001.zip,tests/test_concept_salience.py,314,2fba2ae69b001ded38b3c3d83d673624bce5256740c5f0e4ecc3608015b51d76,PENDING,,
BIE_KI_SALIENCE_001.zip,app/bie/knowledge_intelligence/concept_salience.py,331,01b2f96a04b4058ae4408b1defd598f195f6bd7faa79a20610e96a20fd89ba2b,PENDING,,
BIE_KI_SALIENCE_001.zip,app/bie/knowledge_intelligence/__init__.py,0,e3b0c44298fc1c149afbf4c8996fb92427ae41e4649b934ca495991b7852b855,PENDING,,
BIE_KI_SALIENCE_001.zip,app/bie/knowledge_intelligence/__pycache__/concept_salience.cpython-313.pyc,1174,66ddacb6ece258dbe6887b310495d34a13a2579238e93f345aa7bc6527b54f97,PENDING,,
BIE_KI_SALIENCE_002.zip,TEST_RESULT.txt,154,9cf0d58a489d2f3c15c740033d2c31af884128d964aaf0c749a20ca597b9a54d,PENDING,,
BIE_KI_SALIENCE_002.zip,TASK_RESULT.json,157,ac4862fd00c73fffa1574c997bac451a7490d3dba59af64f8d060ef056ee3b7a,PENDING,,
BIE_KI_SALIENCE_002.zip,docs/SPEC.md,114,9b7ac2e3bbb493a6337fc0c3f39f49c166fa24323ac64564f78b5719dac2690f,PENDING,,
BIE_KI_SALIENCE_002.zip,tests/test_salience_evidence.py,344,53fba237ab3f522c2489fe7f30471ecc11b779151e55297d1e16b05a9dda67fb,PENDING,,
BIE_KI_SALIENCE_002.zip,app/bie/knowledge_intelligence/salience_evidence.py,354,5075ce6c33bcffbc382c3a11f52a2b56d44418a994b78bfb0185af5e8414cb49,PENDING,,
BIE_KI_SALIENCE_002.zip,app/bie/knowledge_intelligence/__init__.py,0,e3b0c44298fc1c149afbf4c8996fb92427ae41e4649b934ca495991b7852b855,PENDING,,
BIE_KI_SALIENCE_002.zip,app/bie/knowledge_intelligence/__pycache__/salience_evidence.cpython-313.pyc,987,7e0f94751a234a1bac291c33e2aa31ab444189dfc1099aa26047c39b53a0bc6e,PENDING,,
BIE_KI_SALIENCE_003.zip,TEST_RESULT.txt,153,1d98704d1270a5caad1aaebb17b4898ad733dbc6db2e04a43f783a6ab8815295,PENDING,,
BIE_KI_SALIENCE_003.zip,TASK_RESULT.json,152,d6e0be833446b2f12cc010e25d01b194ae074e7305288da3edd1ab27589a5d98,PENDING,,
BIE_KI_SALIENCE_003.zip,docs/SPEC.md,99,f32513e44d986cf70b4d938bc919f4b4826fa2d75d551176ca248ae2a4748dc1,PENDING,,
BIE_KI_SALIENCE_003.zip,tests/test_salience_ranking.py,349,47db5870418d735b80e7357e34568f3ebfbbd1f28010ba6a9e87de4d89afd102,PENDING,,
BIE_KI_SALIENCE_003.zip,app/bie/knowledge_intelligence/salience_ranking.py,208,39bcfb67a3ac5e1338070f48d5b23c5d930c2d2742f0f4670acdcc85138bc972,PENDING,,
BIE_KI_SALIENCE_003.zip,app/bie/knowledge_intelligence/__init__.py,0,e3b0c44298fc1c149afbf4c8996fb92427ae41e4649b934ca495991b7852b855,PENDING,,
BIE_KI_SALIENCE_003.zip,app/bie/knowledge_intelligence/__pycache__/salience_ranking.cpython-313.pyc,1150,60e9a221867c1a9ba88e7414b80f325dfc8a3d38e134d5eaf4f104e40cc266b4,PENDING,,
BIE_KI_TABLESEM_001.zip,TEST_RESULT.txt,153,bbed2c3d2f053b862eb3412689ebf639a0c47cd6c921078f625b7d31fbe77762,PENDING,,
BIE_KI_TABLESEM_001.zip,TASK_RESULT.json,157,9d0c5edef0f35d4365832c2b6fc9bca8cb15ef9a53ea7d2d2d2e28a6dad26588,PENDING,,
BIE_KI_TABLESEM_001.zip,docs/SPEC.md,102,65b7b723e59df7a75720e5364115ba9e75829fb5f0ba5a2eeb38381ea1eb38a7,PENDING,,
BIE_KI_TABLESEM_001.zip,tests/test_table_graph_link.py,328,6f414c76527ce859ac68718a9a59e6ff44df50a710ec5f12612b6c7fa076a2b5,PENDING,,
BIE_KI_TABLESEM_001.zip,app/bie/knowledge_intelligence/__init__.py,0,e3b0c44298fc1c149afbf4c8996fb92427ae41e4649b934ca495991b7852b855,PENDING,,
BIE_KI_TABLESEM_001.zip,app/bie/knowledge_intelligence/table_graph_link.py,267,5cc64d8167a198fb1cf6ea74893dd4acb97910c6910c74a038f7986eac971b92,PENDING,,
BIE_KI_TABLESEM_001.zip,app/bie/knowledge_intelligence/__pycache__/table_graph_link.cpython-313.pyc,848,d01f80b5b28428860d3495b9de09af3b190044ddd4b2c606f2233fc186e9cdaf,PENDING,,
BIE_KI_TABLESEM_002.zip,TEST_RESULT.txt,149,3688d6d088f5dacdfab72acd7ab58f6769a091b60ee438e26014a466fb30ac41,PENDING,,
BIE_KI_TABLESEM_002.zip,TASK_RESULT.json,159,6801068de0c02a8ae430d52b9a50f47c9309ba0c4278e38ada4b0c2e6ea2d417,PENDING,,
BIE_KI_TABLESEM_002.zip,docs/SPEC.md,112,d61e49d8bae0b325c9932b26f825d3b42295499ed08407a919c8e58ccb355d2b,PENDING,,
BIE_KI_TABLESEM_002.zip,tests/test_table_claims.py,313,354cce4b83e39d63aab70df8a6e41e337b3e055a9251e1d91704a07e9e7bae5f,PENDING,,
BIE_KI_TABLESEM_002.zip,app/bie/knowledge_intelligence/__init__.py,0,e3b0c44298fc1c149afbf4c8996fb92427ae41e4649b934ca495991b7852b855,PENDING,,
BIE_KI_TABLESEM_002.zip,app/bie/knowledge_intelligence/table_claims.py,275,226dc5588f09660c8d1d3acf99771c17a679dfe7878a08a7544bed84f3db30d3,PENDING,,
BIE_KI_TABLESEM_002.zip,app/bie/knowledge_intelligence/__pycache__/table_claims.cpython-313.pyc,768,5a8d3fc30d84c497dc66d62259164d96931a0d2a050dc6b271e732a41753d0b6,PENDING,,
BIE_KI_TERM_001.zip,TASK_RESULT.json,149,e70e14990e52c4ef5f5dcaeedfb700c2efcf501441dbc85287b0c801bec1ae8b,PENDING,,
BIE_KI_TERM_001.zip,TEST_RESULT.txt,1174,73969126e46277e6fdd70200bec6853653b74425eb11cb90b43a83d9a0075296,PENDING,,
BIE_KI_TERM_001.zip,docs/SPEC.md,104,782a987ef0c8ca811033235de5d859f839ca122e1b30072579dcc689ab808e1f,PENDING,,
BIE_KI_TERM_001.zip,tests/test_terminology.py,395,ebc02792e27d26260917a4fb49fd43b4544151df77311b2af3845b7bbb536628,PENDING,,
BIE_KI_TERM_001.zip,tests/__pycache__/test_terminology.cpython-313.pyc,1323,b577ec79c428a0b378cad8612169be368138528ccd1aaa467c841c2cb9fb581f,PENDING,,
BIE_KI_TERM_001.zip,app/bie/knowledge_intelligence/terminology.py,225,7117fc01f758594b61a9dd3bcbbbcd4fb66e0030f31240441d905307d8fcac70,PENDING,,
BIE_KI_TERM_001.zip,app/bie/knowledge_intelligence/__init__.py,0,e3b0c44298fc1c149afbf4c8996fb92427ae41e4649b934ca495991b7852b855,PENDING,,
BIE_KI_TERM_001.zip,app/bie/knowledge_intelligence/__pycache__/terminology.cpython-313.pyc,836,93c5878e31151546d6b6f69d33c09deb868de1ad714e8aef87819fb64d870d18,PENDING,,
BIE_KI_TERM_001.zip,app/bie/knowledge_intelligence/__pycache__/__init__.cpython-313.pyc,165,180f9ae31427f08f40d3466630024df9b34fbaf0a33d1ec40c4cc46721541c9a,PENDING,,
BIE_KI_TERM_002.zip,TASK_RESULT.json,149,52d17147257d6b29376e417cc275f37c331bbaea5cdf7c9d7e8df7e497f2efcc,PENDING,,
BIE_KI_TERM_002.zip,TEST_RESULT.txt,1174,73969126e46277e6fdd70200bec6853653b74425eb11cb90b43a83d9a0075296,PENDING,,
BIE_KI_TERM_002.zip,docs/SPEC.md,110,5c403893e1623a3da99ad989d1308b04594187148771739d2e7307960a6cd0c1,PENDING,,
BIE_KI_TERM_002.zip,tests/test_notation.py,416,405e09ede3f72b20a4b35fc78b0bbc54ba0dd76bbdfefb80f184c8c3c0488634,PENDING,,
BIE_KI_TERM_002.zip,tests/__pycache__/test_notation.cpython-313.pyc,1345,5f6e1a16413b16b63be9cf96f0829c5a9601ef4f6907c2274579d4e50d92da90,PENDING,,
BIE_KI_TERM_002.zip,app/bie/knowledge_intelligence/notation.py,248,c3afd4204c129bf921510f43a701ab63f53a25a882654dfe126aaa8ccd5531c4,PENDING,,
BIE_KI_TERM_002.zip,app/bie/knowledge_intelligence/__init__.py,0,e3b0c44298fc1c149afbf4c8996fb92427ae41e4649b934ca495991b7852b855,PENDING,,
BIE_KI_TERM_002.zip,app/bie/knowledge_intelligence/__pycache__/notation.cpython-313.pyc,1011,b7f619029b0ec043874554600618a23b60be0f4f96c14e96e35452b57802adc0,PENDING,,
BIE_KI_TERM_002.zip,app/bie/knowledge_intelligence/__pycache__/__init__.cpython-313.pyc,165,487962b2016f539d90fc95693c0214830043089661b9fd6706750b5e39cd8592,PENDING,,
BIE_KI_TERM_003.zip,TASK_RESULT.json,149,fc33d62fa6fb4bb9ad01424c0446ee22b679e6aac747838eecd310cc9e3c931f,PENDING,,
BIE_KI_TERM_003.zip,TEST_RESULT.txt,1174,73969126e46277e6fdd70200bec6853653b74425eb11cb90b43a83d9a0075296,PENDING,,
BIE_KI_TERM_003.zip,docs/SPEC.md,134,ec5265e0c965246a6fc1b9190d9437c3eda38a945a770d0e59d46f8daa393123,PENDING,,
BIE_KI_TERM_003.zip,tests/test_symbols.py,406,93ac0e0903ec5144db54e461fc309a62fb4a1302c6c76f85e976a546461edcd2,PENDING,,
BIE_KI_TERM_003.zip,tests/__pycache__/test_symbols.cpython-313.pyc,1341,31610fbf7e57918848d26296f6c108bf26e20d725693827a192cdedbfdc287c1,PENDING,,
BIE_KI_TERM_003.zip,app/bie/knowledge_intelligence/symbols.py,289,cf9982232d5a03251278eae1116522d99b7888d542d2779bd1189e96d121ab99,PENDING,,
BIE_KI_TERM_003.zip,app/bie/knowledge_intelligence/__init__.py,0,e3b0c44298fc1c149afbf4c8996fb92427ae41e4649b934ca495991b7852b855,PENDING,,
BIE_KI_TERM_003.zip,app/bie/knowledge_intelligence/__pycache__/symbols.cpython-313.pyc,826,681ebd2ed486d64694341549b761d0f44a05ca21cbb07d37740ca00de8ebb020,PENDING,,
BIE_KI_TERM_003.zip,app/bie/knowledge_intelligence/__pycache__/__init__.cpython-313.pyc,165,59df8f4d10efd111467d13b6e6ccee7284ad19c33f0916b86f4341c4ae928cf5,PENDING,,
BIE_KI_TERM_004.zip,TASK_RESULT.json,147,0a20b373d69d80e8354bc5e3a71eea10f1456c2fc548235367c299f6572d13eb,PENDING,,
BIE_KI_TERM_004.zip,TEST_RESULT.txt,1174,73969126e46277e6fdd70200bec6853653b74425eb11cb90b43a83d9a0075296,PENDING,,
BIE_KI_TERM_004.zip,docs/SPEC.md,96,59894c9b4d663f8b76afe84fa3c33c5ff83ff247c15c017d4a9709219a7636c1,PENDING,,
BIE_KI_TERM_004.zip,tests/test_abbreviations.py,443,b639e754ac03b54639516eb0cd3a0812a8c369b251499d7f801291d98c9a7f41,PENDING,,
BIE_KI_TERM_004.zip,tests/__pycache__/test_abbreviations.cpython-313.pyc,1372,d331ddca46dff2253d84213d9973df29a529ae0a92edf7ab11c1117cec96a6f5,PENDING,,
BIE_KI_TERM_004.zip,app/bie/knowledge_intelligence/__init__.py,0,e3b0c44298fc1c149afbf4c8996fb92427ae41e4649b934ca495991b7852b855,PENDING,,
BIE_KI_TERM_004.zip,app/bie/knowledge_intelligence/abbreviations.py,267,abdb269a17d4a91a210a5b64f03994a3309e7479c096dbd6878631a5b955def0,PENDING,,
BIE_KI_TERM_004.zip,app/bie/knowledge_intelligence/__pycache__/abbreviations.cpython-313.pyc,944,3b6b8af67e509ad8224919bb1ca44d76abe04935ab4fdf1a461064869afaaa73,PENDING,,
BIE_KI_TERM_004.zip,app/bie/knowledge_intelligence/__pycache__/__init__.cpython-313.pyc,165,bae354b0c094642531dc24f082f4228351ea0e0df6f8b6f053b886f432fd123e,PENDING,,
BIE_MODEL_GW_001.zip,TEST_RESULT.txt,1180,da0de3e9aafb4e993c448757f17dcee7dd4ec4cac83a8d237c2acdd6de251dca,PENDING,,
BIE_MODEL_GW_001.zip,TASK_RESULT.json,118,e20314db06645fb91baac985eb09be5f628992bbcff245e622d6567fd155d1b7,PENDING,,
BIE_MODEL_GW_001.zip,app/bie/model_gateway/model_interface.py,707,4027061d8d9c1950d76248dbaefffcb1d2039719591b6e565b2fcd0c3a708ff8,PENDING,,
BIE_MODEL_GW_001.zip,app/bie/model_gateway/__init__.py,0,e3b0c44298fc1c149afbf4c8996fb92427ae41e4649b934ca495991b7852b855,PENDING,,
BIE_MODEL_GW_001.zip,app/bie/model_gateway/__pycache__/__init__.cpython-313.pyc,157,2675efd2d3fc29beda35cd66306b4c1995d88bca18ce80e9e45b549dad93a3ed,PENDING,,
BIE_MODEL_GW_001.zip,app/bie/model_gateway/__pycache__/model_interface.cpython-313.pyc,2221,414b55815370557345e2a457177b709b660f2c9253f98f9597e637323103af40,PENDING,,
BIE_MODEL_GW_001.zip,docs/bie/MODEL_INTERFACE_SPEC.md,129,6bc71d2cd26bccfe549117d3cba816a08a4dba209d68c59126265544ecd33643,PENDING,,
BIE_MODEL_GW_001.zip,tests/model_gateway/test_model_interface.py,656,e4eba8f22c06be3b8bfcfc8869a2914d7e02dae948391335af2a48ba73508dd4,PENDING,,
BIE_MODEL_GW_001.zip,tests/model_gateway/__pycache__/test_model_interface.cpython-313.pyc,2143,52bd4ace9553bc324e30a7c182c0a37f53969933e5f83d62782b533a66b5c2da,PENDING,,
BIE_MODEL_GW_002.zip,TEST_RESULT.txt,1180,da0de3e9aafb4e993c448757f17dcee7dd4ec4cac83a8d237c2acdd6de251dca,PENDING,,
BIE_MODEL_GW_002.zip,TASK_RESULT.json,118,5d28c1abb24796d1e2db742944e88122163c093852628fc552c0a15f6d00ef26,PENDING,,
BIE_MODEL_GW_002.zip,app/bie/model_gateway/capability_taxonomy.py,463,6dff36fad190bfde7df98867aa1716c725eda6512b61add0b532819c3bbec2dc,PENDING,,
BIE_MODEL_GW_002.zip,app/bie/model_gateway/__init__.py,0,e3b0c44298fc1c149afbf4c8996fb92427ae41e4649b934ca495991b7852b855,PENDING,,
BIE_MODEL_GW_002.zip,app/bie/model_gateway/__pycache__/__init__.cpython-313.pyc,157,dc1d3da0673ec5a21a2b2ba1edbe5f200d85ddb0e5880d020b6449f0d4851b22,PENDING,,
BIE_MODEL_GW_002.zip,app/bie/model_gateway/__pycache__/capability_taxonomy.cpython-313.pyc,1202,7a3c80f4eb565b82b988f0febdd5269d6ec6ef654b669efc155c791e6a3a0b48,PENDING,,
BIE_MODEL_GW_002.zip,docs/bie/CAPABILITY_TAXONOMY_SPEC.md,107,c8751a0f3880ad935cec2a79bead940af3ae3a8ff8733512f863c1cb2f8aef4d,PENDING,,
BIE_MODEL_GW_002.zip,tests/model_gateway/test_capability_taxonomy.py,519,41a2fb1b0c0bb8b69e4d020bd4efa44fcd60490ef327232f08ff0d219e4254e2,PENDING,,
BIE_MODEL_GW_002.zip,tests/model_gateway/__pycache__/test_capability_taxonomy.cpython-313.pyc,1760,4a6edfd31616df6930a514214c4bcb6b72207f2942bdf6b9f20d84bc6021ed3f,PENDING,,
BIE_MODEL_GW_003.zip,TEST_RESULT.txt,1181,f2cb519aca98f85bdd6553ad8024f849ef5bfe59a1c341ccfc5721de5ba99792,PENDING,,
BIE_MODEL_GW_003.zip,TASK_RESULT.json,118,027b81891235ab2ec0cd0e55ef108c09586456a6a04c549500ab5f1a47a8f0dc,PENDING,,
BIE_MODEL_GW_003.zip,app/bie/model_gateway/__init__.py,0,e3b0c44298fc1c149afbf4c8996fb92427ae41e4649b934ca495991b7852b855,PENDING,,
BIE_MODEL_GW_003.zip,app/bie/model_gateway/structured_output.py,476,7a996ae44bb71dc8fa3be89f3b984d2883e8c3ba16e980e7bf9771256868f645,PENDING,,
BIE_MODEL_GW_003.zip,app/bie/model_gateway/__pycache__/structured_output.cpython-313.pyc,1322,20ecbbb437bc596c36cda634d7dac0dd744d3af1336252ff9b1e18fb716ae455,PENDING,,
BIE_MODEL_GW_003.zip,app/bie/model_gateway/__pycache__/__init__.cpython-313.pyc,157,91baccfc56d721746c91d946fba3a20ae8f121d81569aa72336969057ed4d7b3,PENDING,,
BIE_MODEL_GW_003.zip,docs/bie/STRUCTURED_OUTPUT_SPEC.md,117,44d75957782e50ed0607aa3fbecbba65bd0732f46cd6b9d1fae5ece405c21447,PENDING,,
BIE_MODEL_GW_003.zip,tests/model_gateway/test_structured_output.py,616,462d17607375d9d1462e16f6fdc6c350e5a68b7dbc79380db118055ebd9ad5ad,PENDING,,
BIE_MODEL_GW_003.zip,tests/model_gateway/__pycache__/test_structured_output.cpython-313.pyc,2148,d84b2988f89fde8112c692b04f298dc65e3b88ff96597e37da1dd778f517cdd1,PENDING,,
BIE_MODEL_GW_004.zip,TEST_RESULT.txt,1180,da0de3e9aafb4e993c448757f17dcee7dd4ec4cac83a8d237c2acdd6de251dca,PENDING,,
BIE_MODEL_GW_004.zip,TASK_RESULT.json,118,df7898d3ebb2e08c825369358aab33390fa0687c02211a195556e6b6fa213d38,PENDING,,
BIE_MODEL_GW_004.zip,app/bie/model_gateway/tool_call_contract.py,535,b32d9ce59a14d1893236b457a9fd46a8e17ee8d5b0c706f52b4507233bcb1589,PENDING,,
BIE_MODEL_GW_004.zip,app/bie/model_gateway/__init__.py,0,e3b0c44298fc1c149afbf4c8996fb92427ae41e4649b934ca495991b7852b855,PENDING,,
BIE_MODEL_GW_004.zip,app/bie/model_gateway/__pycache__/__init__.cpython-313.pyc,157,fe2880e48cc54ecc98b4518de30d83c23f1e5be7f75ea08ac5c6fb3762f16b03,PENDING,,
BIE_MODEL_GW_004.zip,app/bie/model_gateway/__pycache__/tool_call_contract.cpython-313.pyc,1749,16be649375b758eaeab15b566ca81ca62f18154c241dd2940e594cb53d0d70bf,PENDING,,
BIE_MODEL_GW_004.zip,docs/bie/TOOL_CALL_CONTRACT_SPEC.md,111,72a6b39320cbf86d69a04d10c90a551b1a7622a85d59258c33462ca1912fd7bc,PENDING,,
BIE_MODEL_GW_004.zip,tests/model_gateway/test_tool_call_contract.py,656,00a458e74acfda9816db183e5f17009038d8d14a48c57f9e98a5db3a94123499,PENDING,,
BIE_MODEL_GW_004.zip,tests/model_gateway/__pycache__/test_tool_call_contract.cpython-313.pyc,2369,89735b1b4fdd21a45ef3bfe9318cc42739fece3dadaefa0e7f3f57256a7d693f,PENDING,,
BIE_MODEL_GW_005.zip,TEST_RESULT.txt,1180,da0de3e9aafb4e993c448757f17dcee7dd4ec4cac83a8d237c2acdd6de251dca,PENDING,,
BIE_MODEL_GW_005.zip,TASK_RESULT.json,118,292092a49976487fff2a42d0a1d0c710842379fbc29987446cf2c536f65f4f49,PENDING,,
BIE_MODEL_GW_005.zip,app/bie/model_gateway/__init__.py,0,e3b0c44298fc1c149afbf4c8996fb92427ae41e4649b934ca495991b7852b855,PENDING,,
BIE_MODEL_GW_005.zip,app/bie/model_gateway/provider_registry.py,658,d56b31536bb1039906e98965ab5b0f94e41c3592b0117f630b05f63291b3c06d,PENDING,,
BIE_MODEL_GW_005.zip,app/bie/model_gateway/__pycache__/__init__.cpython-313.pyc,157,783cdfe15d525404c535a2b7461d94b6e24a34cca363226cae73bbbcecffe75e,PENDING,,
BIE_MODEL_GW_005.zip,app/bie/model_gateway/__pycache__/provider_registry.cpython-313.pyc,2559,0fda10bf413deff8301eccdfd6f9862f6f750c656befe8ab979fda180b9ba7c6,PENDING,,
BIE_MODEL_GW_005.zip,docs/bie/PROVIDER_REGISTRY_SPEC.md,90,a27d01843da04f5abff6193e2b3b7f5f8a3cc426bdfd9871ac78e5cf74a083b6,PENDING,,
BIE_MODEL_GW_005.zip,tests/model_gateway/test_provider_registry.py,812,1ac32f0e31e3a5c00673a8930c66f70a3e5aadba1385fbfe030047a6e56a85ac,PENDING,,
BIE_MODEL_GW_005.zip,tests/model_gateway/__pycache__/test_provider_registry.cpython-313.pyc,2878,37f5a468a39c886b45f5f26e3e0f932b89ce04a0b1c598455818513cdeecf701,PENDING,,
BIE_MODEL_GW_006.zip,TEST_RESULT.txt,1179,c467fe92fb82537ec073726bdf048de734b664497b1d837f9cf47db16ac03db2,PENDING,,
BIE_MODEL_GW_006.zip,TASK_RESULT.json,118,07b30264d68f5082a208a81fe15b43e7796e30cc487665f87ed9a0b7248a2d22,PENDING,,
BIE_MODEL_GW_006.zip,app/bie/model_gateway/__init__.py,0,e3b0c44298fc1c149afbf4c8996fb92427ae41e4649b934ca495991b7852b855,PENDING,,
BIE_MODEL_GW_006.zip,app/bie/model_gateway/gpt_adapter.py,505,401f3f5ea77d40a09dc15b18577e6a9645918c4fec2b15cd98b98c080db20a76,PENDING,,
BIE_MODEL_GW_006.zip,app/bie/model_gateway/__pycache__/__init__.cpython-313.pyc,157,238f571412f67b09234e8763078f8b9ba9d2c903d162608f74aa268d0b68a302,PENDING,,
BIE_MODEL_GW_006.zip,app/bie/model_gateway/__pycache__/gpt_adapter.cpython-313.pyc,1517,41d67ee0e9aeb169a81e622bc813e4a50b483e7ae3e0073494b40b5bcb421bb2,PENDING,,
BIE_MODEL_GW_006.zip,docs/bie/GPT_ADAPTER_SPEC.md,117,5afbeb3e0789954fd7d6fa49b3aa8cc3ee7214be3a7ea561fc8a626e33c8176b,PENDING,,
BIE_MODEL_GW_006.zip,tests/model_gateway/test_gpt_adapter.py,772,fa0831eeff48685213923613f403b770f60fd81259ce56fe669092d803ae197b,PENDING,,
BIE_MODEL_GW_006.zip,tests/model_gateway/__pycache__/test_gpt_adapter.cpython-313.pyc,2574,3cea5c0c82e8551abf209056bb57ec221efb92a0ae689d964d4831e8d998cc92,PENDING,,
BIE_MODEL_GW_007.zip,TEST_RESULT.txt,1179,c467fe92fb82537ec073726bdf048de734b664497b1d837f9cf47db16ac03db2,PENDING,,
BIE_MODEL_GW_007.zip,TASK_RESULT.json,118,747f76147583a5c4d929a988c3f5d379a4a428542fef8205bdb65c206f242f42,PENDING,,
BIE_MODEL_GW_007.zip,app/bie/model_gateway/gemini_adapter.py,491,9991a5985395f4224049bae8d3aef3e035c01b04f9bf2e58471c0256f6aef669,PENDING,,
BIE_MODEL_GW_007.zip,app/bie/model_gateway/__init__.py,0,e3b0c44298fc1c149afbf4c8996fb92427ae41e4649b934ca495991b7852b855,PENDING,,
BIE_MODEL_GW_007.zip,app/bie/model_gateway/__pycache__/__init__.cpython-313.pyc,157,c25fb90b6426882f70f14c41ad37c9e842ce398fe25575f30cdcd7adddf2c747,PENDING,,
BIE_MODEL_GW_007.zip,app/bie/model_gateway/__pycache__/gemini_adapter.cpython-313.pyc,1523,798107fa20804d5a703ed0f5ef895ceb7ba5533e145b211a25ce1e3ddfb480e2,PENDING,,
BIE_MODEL_GW_007.zip,docs/bie/GEMINI_ADAPTER_SPEC.md,75,fdfdd955f12a9dcb6152db9fe20bb63f83ad31da16a178a9f0e0066fab83798a,PENDING,,
BIE_MODEL_GW_007.zip,tests/model_gateway/test_gemini_adapter.py,746,c171394fdbd48765ab5a74f67db92204e460c2b0a35f82e659f781f5fb07a622,PENDING,,
BIE_MODEL_GW_007.zip,tests/model_gateway/__pycache__/test_gemini_adapter.cpython-313.pyc,2527,01707626d568d1d96b6029f15992ba8042e6710861bb358a61044daaeb0cf0e7,PENDING,,
BIE_MODEL_GW_008.zip,TEST_RESULT.txt,1179,c467fe92fb82537ec073726bdf048de734b664497b1d837f9cf47db16ac03db2,PENDING,,
BIE_MODEL_GW_008.zip,TASK_RESULT.json,118,cd0c247e1341b66ee0098b81fbfa87d5a9310752f325821fd9a34c2dc8c96c18,PENDING,,
BIE_MODEL_GW_008.zip,app/bie/model_gateway/__init__.py,0,e3b0c44298fc1c149afbf4c8996fb92427ae41e4649b934ca495991b7852b855,PENDING,,
BIE_MODEL_GW_008.zip,app/bie/model_gateway/claude_adapter.py,501,416c51d45f3a717ece220108b70b429fbd5d2c8fb4132f4a182240bfdff06545,PENDING,,
BIE_MODEL_GW_008.zip,app/bie/model_gateway/__pycache__/__init__.cpython-313.pyc,157,f2ca5f8dcc355d917b40ed6964777406ca65d1e7562c663783869ac2c32bbf35,PENDING,,
BIE_MODEL_GW_008.zip,app/bie/model_gateway/__pycache__/claude_adapter.cpython-313.pyc,1534,84f225f097b15bea11e13f32fbf07bf22aef3460ddc09785e391b20fbf616959,PENDING,,
BIE_MODEL_GW_008.zip,docs/bie/CLAUDE_ADAPTER_SPEC.md,77,3c990e9324b25e2e713654832c6d131e41c769c62fd5e3668f86edc20a0ea583,PENDING,,
BIE_MODEL_GW_008.zip,tests/model_gateway/test_claude_adapter.py,741,4ba2224ac1d4db537994aebfed401c39d32af0cad819b975085f03916d9e6a17,PENDING,,
BIE_MODEL_GW_008.zip,tests/model_gateway/__pycache__/test_claude_adapter.cpython-313.pyc,2524,366ec9e4fd346764d24b8e5cba71615b00ff87d29367fbde5d4b1b3a484f7feb,PENDING,,
BIE_MODEL_GW_009.zip,TEST_RESULT.txt,1179,c467fe92fb82537ec073726bdf048de734b664497b1d837f9cf47db16ac03db2,PENDING,,
BIE_MODEL_GW_009.zip,TASK_RESULT.json,118,5fc2509873bd9404896e65ec87fe17948f02fb2fd5182f815b5746265fbbd633,PENDING,,
BIE_MODEL_GW_009.zip,app/bie/model_gateway/local_model_adapter.py,477,e78d3ea605c8d4ec248ca9b410aad42f00d9a5e0d6904fda57354ce99b5fe030,PENDING,,
BIE_MODEL_GW_009.zip,app/bie/model_gateway/__init__.py,0,e3b0c44298fc1c149afbf4c8996fb92427ae41e4649b934ca495991b7852b855,PENDING,,
BIE_MODEL_GW_009.zip,app/bie/model_gateway/__pycache__/__init__.cpython-313.pyc,157,0191435b7ef4a97dbd1ad7875eedcda1d030840a539c04f87407d1d9685bc77b,PENDING,,
BIE_MODEL_GW_009.zip,app/bie/model_gateway/__pycache__/local_model_adapter.cpython-313.pyc,1499,35775fe58426a4e39a514553600591e96f8cb7713a96d0c674a3423d814b020e,PENDING,,
BIE_MODEL_GW_009.zip,docs/bie/LOCAL_MODEL_ADAPTER_SPEC.md,111,ed77beec8e3cc52ccff050206f27502884418de1361a274c5cc45c8cec96fac7,PENDING,,
BIE_MODEL_GW_009.zip,tests/model_gateway/test_local_model_adapter.py,773,3762b55780df09edd0b8ccde5741c5616b687cbe1d277fa15bb73a80aec3290e,PENDING,,
BIE_MODEL_GW_009.zip,tests/model_gateway/__pycache__/test_local_model_adapter.cpython-313.pyc,2551,528b528517f16bbec90224493063b3290e0a56716434608b46fa9587544b438c,PENDING,,
BIE_MODEL_GW_010.zip,TEST_RESULT.txt,1180,da0de3e9aafb4e993c448757f17dcee7dd4ec4cac83a8d237c2acdd6de251dca,PENDING,,
BIE_MODEL_GW_010.zip,TASK_RESULT.json,118,3139143ae1d8bdf57a9ad60860b1d0c4ab223c2fdf95a66d96c79b74108c69f4,PENDING,,
BIE_MODEL_GW_010.zip,app/bie/model_gateway/multimodal_contract.py,479,5d2d202f1887baab7e39b9374716a80693273a9f0c4ac5265bda0ee044c73ff1,PENDING,,
BIE_MODEL_GW_010.zip,app/bie/model_gateway/__init__.py,0,e3b0c44298fc1c149afbf4c8996fb92427ae41e4649b934ca495991b7852b855,PENDING,,
BIE_MODEL_GW_010.zip,app/bie/model_gateway/__pycache__/__init__.cpython-313.pyc,157,5ea86f6b759eb1f65c6e1f14bfae6df72fb78ba648228b06a9676ac9bb372f05,PENDING,,
BIE_MODEL_GW_010.zip,app/bie/model_gateway/__pycache__/multimodal_contract.cpython-313.pyc,1384,163ed99e004a147d77de6b2cd0e4e6d2f18554b55c4f12c58a5139aff4d98d73,PENDING,,
BIE_MODEL_GW_010.zip,docs/bie/MULTIMODAL_CONTRACT_SPEC.md,105,fd1f99ec08f149f034ddb75daaa4ea4328185468cf8aa23765d67a07ec454be6,PENDING,,
BIE_MODEL_GW_010.zip,tests/model_gateway/test_multimodal_contract.py,601,0d762454f00a2d2dd453b1059842d4b1c7e85006ac62df6df2ef8c96fb464a90,PENDING,,
BIE_MODEL_GW_010.zip,tests/model_gateway/__pycache__/test_multimodal_contract.cpython-313.pyc,2121,c1ee48bf8e94fc70abaada31273144aee3922174ad47c3be41680ee78c52243e,PENDING,,
BIE_MODEL_GW_011.zip,TEST_RESULT.txt,1179,c467fe92fb82537ec073726bdf048de734b664497b1d837f9cf47db16ac03db2,PENDING,,
BIE_MODEL_GW_011.zip,TASK_RESULT.json,118,4ce9764e9d0d8088a9925262f282bb296d853ea27699f9433af0b5cf86fc6035,PENDING,,
BIE_MODEL_GW_011.zip,app/bie/model_gateway/embeddings_contract.py,448,4601fb5d85e50b7854028eae9e31db72264c4a7caa483545ea771c00348a0b68,PENDING,,
BIE_MODEL_GW_011.zip,app/bie/model_gateway/__init__.py,0,e3b0c44298fc1c149afbf4c8996fb92427ae41e4649b934ca495991b7852b855,PENDING,,
BIE_MODEL_GW_011.zip,app/bie/model_gateway/__pycache__/embeddings_contract.cpython-313.pyc,1543,897ec97cd0eb7f792459bd8379deeb651aa00a4b1736f39ccb33745d9f7435d3,PENDING,,
BIE_MODEL_GW_011.zip,app/bie/model_gateway/__pycache__/__init__.cpython-313.pyc,157,34a39d956d5ee67f0201a78486596bdd1fcfb05fd8af2948e788f7b5ce839256,PENDING,,
BIE_MODEL_GW_011.zip,docs/bie/EMBEDDINGS_CONTRACT_SPEC.md,101,382edba81712e80b018049bd29b0dfadd5de51529002e32b318f9da13d33fb06,PENDING,,
BIE_MODEL_GW_011.zip,tests/model_gateway/test_embeddings_contract.py,527,7033d6bed68c17b8e22bcc4141af0510fbed47e33888a1889229200fc00fca17,PENDING,,
BIE_MODEL_GW_011.zip,tests/model_gateway/__pycache__/test_embeddings_contract.cpython-313.pyc,1873,a3fb3f428bebe1d7627ba54001dece1db3d0c3847738fbdc59742327dd42290b,PENDING,,
BIE_MODEL_GW_012.zip,TEST_RESULT.txt,1180,da0de3e9aafb4e993c448757f17dcee7dd4ec4cac83a8d237c2acdd6de251dca,PENDING,,
BIE_MODEL_GW_012.zip,TASK_RESULT.json,118,38b68d3423f105f01e6a2d5343216f5124a92961c6cdd4833c0435f8ef8094b1,PENDING,,
BIE_MODEL_GW_012.zip,app/bie/model_gateway/__init__.py,0,e3b0c44298fc1c149afbf4c8996fb92427ae41e4649b934ca495991b7852b855,PENDING,,
BIE_MODEL_GW_012.zip,app/bie/model_gateway/vision_contract.py,444,722a169b8a61be00f992ba0f686bb1721360b1608ca48457007c8f24d237eeba,PENDING,,
BIE_MODEL_GW_012.zip,app/bie/model_gateway/__pycache__/vision_contract.cpython-313.pyc,1411,de13c983fbc0fb7d57b287a5411c20a1045b9f7bf394578db2dbf04e54adc56e,PENDING,,
BIE_MODEL_GW_012.zip,app/bie/model_gateway/__pycache__/__init__.cpython-313.pyc,157,8f0a2cdc9de12e163875d1c3f40c8c2640e9a8411e7b653f817f79e35bec395e,PENDING,,
BIE_MODEL_GW_012.zip,docs/bie/VISION_CONTRACT_SPEC.md,110,dc92d0a6b91111fee1b56ff45746b4c0c28265f796f24cae66058fc525522a63,PENDING,,
BIE_MODEL_GW_012.zip,tests/model_gateway/test_vision_contract.py,616,ee3a985e8eb9f62c2fcfa80fd796b787a3044689388a82b98badfb3585bde489,PENDING,,
BIE_MODEL_GW_012.zip,tests/model_gateway/__pycache__/test_vision_contract.cpython-313.pyc,2085,84247ed62e7f35cbbeb759498e35a4e2236e0d6666c25d20392505a65b0e6e9a,PENDING,,
BIE_MODEL_GW_013.zip,TEST_RESULT.txt,1180,da0de3e9aafb4e993c448757f17dcee7dd4ec4cac83a8d237c2acdd6de251dca,PENDING,,
BIE_MODEL_GW_013.zip,TASK_RESULT.json,118,d43bc1ca151e7d5028c91e07cdc024a0690b8e1eb48805cf4804fd7ff7c07882,PENDING,,
BIE_MODEL_GW_013.zip,app/bie/model_gateway/__init__.py,0,e3b0c44298fc1c149afbf4c8996fb92427ae41e4649b934ca495991b7852b855,PENDING,,
BIE_MODEL_GW_013.zip,app/bie/model_gateway/availability.py,513,4b91fe70c570419aeea7db86ae5439c63d0fb595bf0798704dae183e25911cfb,PENDING,,
BIE_MODEL_GW_013.zip,app/bie/model_gateway/__pycache__/__init__.cpython-313.pyc,157,55ea05e4e83b15b113657f2f6d094f504ed1534780b32bfb89988f5bc512465d,PENDING,,
BIE_MODEL_GW_013.zip,app/bie/model_gateway/__pycache__/availability.cpython-313.pyc,1689,35062c6bb8dd2cb79d69b835077c303048e8d6d8e7988070f3e13a7375f32ba8,PENDING,,
BIE_MODEL_GW_013.zip,docs/bie/AVAILABILITY_SPEC.md,101,c3c09cdbd5a87bb5e4fb067ee68800a85e575e2d9f9ccb58b25fa6e72ca16938,PENDING,,
BIE_MODEL_GW_013.zip,tests/model_gateway/test_availability.py,554,e741dd0c84a5c141204608fb0503dad61ae3290b4f975f2bd5ed73b7e885e2c0,PENDING,,
BIE_MODEL_GW_013.zip,tests/model_gateway/__pycache__/test_availability.cpython-313.pyc,2187,398334f182b6ef733b559472dbe0a3a001ddec309d9222ae31d37ab039b0c92c,PENDING,,
BIE_MODEL_GW_014.zip,TEST_RESULT.txt,1180,da0de3e9aafb4e993c448757f17dcee7dd4ec4cac83a8d237c2acdd6de251dca,PENDING,,
BIE_MODEL_GW_014.zip,TASK_RESULT.json,118,ca6e74427893757634535c7f8efce7663726d70c500e495a94bb6460e8595005,PENDING,,
BIE_MODEL_GW_014.zip,app/bie/model_gateway/__init__.py,0,e3b0c44298fc1c149afbf4c8996fb92427ae41e4649b934ca495991b7852b855,PENDING,,
BIE_MODEL_GW_014.zip,app/bie/model_gateway/timeout_policy.py,473,bf6137e2b570f62a432c3ce765d71088b3c1b853f98e1c3c23289b08e23be048,PENDING,,
BIE_MODEL_GW_014.zip,app/bie/model_gateway/__pycache__/__init__.cpython-313.pyc,157,c9ada59133452210b23bcf7e1e72adcad0848502779225d17f5e45bb415e6010,PENDING,,
BIE_MODEL_GW_014.zip,app/bie/model_gateway/__pycache__/timeout_policy.cpython-313.pyc,1415,84d2a59697949a2323706764563500e1f1f5431da9cda2bfad5b1dc75f854f85,PENDING,,
BIE_MODEL_GW_014.zip,docs/bie/TIMEOUT_POLICY_SPEC.md,92,4723769c315614c730203738b1732575d6ce311f0e3e2065406241287f4866f2,PENDING,,
BIE_MODEL_GW_014.zip,tests/model_gateway/test_timeout_policy.py,516,c3c330a991147b954b1004d1cd954500084b951a33d52e15ae03bcb0639ee1bc,PENDING,,
BIE_MODEL_GW_014.zip,tests/model_gateway/__pycache__/test_timeout_policy.cpython-313.pyc,1937,a51c7460a83fc9378c87cd205deed037312b10f22d1634bcffc776697f811ec3,PENDING,,
BIE_MODEL_GW_015.zip,TEST_RESULT.txt,1180,da0de3e9aafb4e993c448757f17dcee7dd4ec4cac83a8d237c2acdd6de251dca,PENDING,,
BIE_MODEL_GW_015.zip,TASK_RESULT.json,118,e91ee3048d2af7942798b894a7729334e8ddeedd3a9efe491d3381f6f9d4e2ef,PENDING,,
BIE_MODEL_GW_015.zip,app/bie/model_gateway/__init__.py,0,e3b0c44298fc1c149afbf4c8996fb92427ae41e4649b934ca495991b7852b855,PENDING,,
BIE_MODEL_GW_015.zip,app/bie/model_gateway/retry_policy.py,559,3ce02492b52752c00b986fdfe018e4979889aa9cdba3c5ffb8b69eb74ee0706c,PENDING,,
BIE_MODEL_GW_015.zip,app/bie/model_gateway/__pycache__/__init__.cpython-313.pyc,157,65b00e9cebe6094a4a5abcd40f0c76c4751a37f9f847d89d10e4685c5aca6303,PENDING,,
BIE_MODEL_GW_015.zip,app/bie/model_gateway/__pycache__/retry_policy.cpython-313.pyc,1767,567d2d7868b7790e781015889536396a75b790f022549ceee65e30ce9d93bf0d,PENDING,,
BIE_MODEL_GW_015.zip,docs/bie/RETRY_POLICY_SPEC.md,118,cf9da0db8027499975260323c6e5cebbdc3e67a8f3fb31d21bfcefc3a09a5df0,PENDING,,
BIE_MODEL_GW_015.zip,tests/model_gateway/test_retry_policy.py,548,c3f11fd41c34f07be95c9da028ed1d4a58abaf6eefc1cde9946a321c85614f21,PENDING,,
BIE_MODEL_GW_015.zip,tests/model_gateway/__pycache__/test_retry_policy.cpython-313.pyc,2116,c1bcca203ce6a900e7cb9d8af895d23f8c5ddc736dd8442ce27069e89ad1d269,PENDING,,
BIE_MODEL_GW_016.zip,TEST_RESULT.txt,1180,da0de3e9aafb4e993c448757f17dcee7dd4ec4cac83a8d237c2acdd6de251dca,PENDING,,
BIE_MODEL_GW_016.zip,TASK_RESULT.json,118,4b98bde47d5234c771f756a66919db9660d234b926b04adf9781df0adeafb85a,PENDING,,
BIE_MODEL_GW_016.zip,app/bie/model_gateway/__init__.py,0,e3b0c44298fc1c149afbf4c8996fb92427ae41e4649b934ca495991b7852b855,PENDING,,
BIE_MODEL_GW_016.zip,app/bie/model_gateway/rate_limit.py,473,fe260ca0ece8730ca4cec4705adfa78157596ec054d2d6fe0bedc8cc44bc4530,PENDING,,
BIE_MODEL_GW_016.zip,app/bie/model_gateway/__pycache__/__init__.cpython-313.pyc,157,40fb8af161b6eeb0bd5862439d7cb5aa8722d89ca8763af09e8f63cd800eb82c,PENDING,,
BIE_MODEL_GW_016.zip,app/bie/model_gateway/__pycache__/rate_limit.cpython-313.pyc,1446,d72f6835b259df5290d92afad7c7d343bc12b0992bd8ca6a61ea0da6d1630ecb,PENDING,,
BIE_MODEL_GW_016.zip,docs/bie/RATE_LIMIT_SPEC.md,95,d90500fd9ac0f645b661cd9ab973ced30569596f757a298d794d74d1ffa9bf70,PENDING,,
BIE_MODEL_GW_016.zip,tests/model_gateway/test_rate_limit.py,522,257f97f88b7799095c9248761c449141bf8fda994e7bb1a881b83dbc5af73a0c,PENDING,,
BIE_MODEL_GW_016.zip,tests/model_gateway/__pycache__/test_rate_limit.cpython-313.pyc,2046,be27d8b54c344d6f99f86f634d0710ab7977f8fff2f4645706c3cab2ea2ca256,PENDING,,
BIE_MODEL_GW_017.zip,TEST_RESULT.txt,1180,da0de3e9aafb4e993c448757f17dcee7dd4ec4cac83a8d237c2acdd6de251dca,PENDING,,
BIE_MODEL_GW_017.zip,TASK_RESULT.json,118,9087cfc4d329e49e036f8842013bf36105e9cae4f4d67e40862983af5b49b04a,PENDING,,
BIE_MODEL_GW_017.zip,app/bie/model_gateway/__init__.py,0,e3b0c44298fc1c149afbf4c8996fb92427ae41e4649b934ca495991b7852b855,PENDING,,
BIE_MODEL_GW_017.zip,app/bie/model_gateway/context_budget.py,439,d4aae648a8bc778dde91cfc3e9e54f0552fc3cf7feb36e2f8eef36bd4fe5a8a5,PENDING,,
BIE_MODEL_GW_017.zip,app/bie/model_gateway/__pycache__/__init__.cpython-313.pyc,157,2c0ff09213501bd4141fddee6499ecef5324d846ebb55cdcc38a0c31556c75ed,PENDING,,
BIE_MODEL_GW_017.zip,app/bie/model_gateway/__pycache__/context_budget.cpython-313.pyc,1471,35f90b187b3cc64d2fc89f5c5553e576744d6b010a2ccc43004816ee2b66c883,PENDING,,
BIE_MODEL_GW_017.zip,docs/bie/CONTEXT_BUDGET_SPEC.md,97,2ed94fb4c1035d06b79f2a19daa6c88e0916dd8925be3c91fb7c30075a1fa13b,PENDING,,
BIE_MODEL_GW_017.zip,tests/model_gateway/test_context_budget.py,525,da0311c25ea26efe4b9460a2d84428ab9813694e2b6c8adfda72dd5569b709e9,PENDING,,
BIE_MODEL_GW_017.zip,tests/model_gateway/__pycache__/test_context_budget.cpython-313.pyc,2066,bdce141893faa843ffa329716e6be052012ca5b209a472bd62c93fc69f3d3393,PENDING,,
BIE_MODEL_GW_018.zip,TEST_RESULT.txt,1181,f2cb519aca98f85bdd6553ad8024f849ef5bfe59a1c341ccfc5721de5ba99792,PENDING,,
BIE_MODEL_GW_018.zip,TASK_RESULT.json,118,ef11d62e9451ee44579be58821844af26bb1e719f903cf7d1e75029d2187d840,PENDING,,
BIE_MODEL_GW_018.zip,app/bie/model_gateway/schema_validation.py,1067,cf3740af1c6ced8b473a37b6ba8c1afcfe5f8fa679d6e525c7717416d1ebe4b2,PENDING,,
BIE_MODEL_GW_018.zip,app/bie/model_gateway/__init__.py,0,e3b0c44298fc1c149afbf4c8996fb92427ae41e4649b934ca495991b7852b855,PENDING,,
BIE_MODEL_GW_018.zip,app/bie/model_gateway/__pycache__/schema_validation.cpython-313.pyc,2176,dd7b3267211609bb93e6e10ee3149d9b73e33634ebe3a5bea9cec0f84a4cc2d4,PENDING,,
BIE_MODEL_GW_018.zip,app/bie/model_gateway/__pycache__/__init__.cpython-313.pyc,157,87503f152c38abba195accc630138a1b5cdbc5f89806e39b0f347cc1d10cc68c,PENDING,,
BIE_MODEL_GW_018.zip,docs/bie/SCHEMA_VALIDATION_SPEC.md,98,b9450ba797764c69f960ddab027f0b6c80411ef9b8d1630f75f828f77592bbec,PENDING,,
BIE_MODEL_GW_018.zip,tests/model_gateway/test_schema_validation.py,848,64daaa45767de9ee2d7516ccbc8017ee9ef538239bd3157585b73ac2de5fcbdc,PENDING,,
BIE_MODEL_GW_018.zip,tests/model_gateway/__pycache__/test_schema_validation.cpython-313.pyc,2483,465f3eaa758be6203828f830435bfd61c7781e2d0b539e4f152b073d89766efa,PENDING,,
BIE_MODEL_GW_019.zip,TEST_RESULT.txt,1180,da0de3e9aafb4e993c448757f17dcee7dd4ec4cac83a8d237c2acdd6de251dca,PENDING,,
BIE_MODEL_GW_019.zip,TASK_RESULT.json,118,766d10a8c57c3821966ce17bb1edf705ac0c979f8b0a4e3999b5dab6aff9d7f1,PENDING,,
BIE_MODEL_GW_019.zip,app/bie/model_gateway/__init__.py,0,e3b0c44298fc1c149afbf4c8996fb92427ae41e4649b934ca495991b7852b855,PENDING,,
BIE_MODEL_GW_019.zip,app/bie/model_gateway/malformed_repair.py,458,5154e708195a8e6203a96c7ce459c86fc15431c548d63e53c5c17210a363019e,PENDING,,
BIE_MODEL_GW_019.zip,app/bie/model_gateway/__pycache__/__init__.cpython-313.pyc,157,5dd791a287564a740b3ba18cce6629a98f54c8dae52ed1ea62a1658f47de9f51,PENDING,,
BIE_MODEL_GW_019.zip,app/bie/model_gateway/__pycache__/malformed_repair.cpython-313.pyc,1469,d85040eef2bb5f9dca98670a994df628205e2daf52ca961ac03303109e083c63,PENDING,,
BIE_MODEL_GW_019.zip,docs/bie/MALFORMED_REPAIR_SPEC.md,116,a0eff5f071b7c041c37ec425576b2cc6eb1700bddfa41b5a5a3e73764e72caa2,PENDING,,
BIE_MODEL_GW_019.zip,tests/model_gateway/test_malformed_repair.py,526,adf9848a2f221688e6065f2ff8ddbaa8b1fe61575bf3d79ed6e799fdbcbc7968,PENDING,,
BIE_MODEL_GW_019.zip,tests/model_gateway/__pycache__/test_malformed_repair.cpython-313.pyc,1853,27e16a6cadf52d1ed6e525b763d884c4fdbe969fe65c0bc816d11ea7539d80d6,PENDING,,
BIE_MODEL_GW_020.zip,TEST_RESULT.txt,1180,da0de3e9aafb4e993c448757f17dcee7dd4ec4cac83a8d237c2acdd6de251dca,PENDING,,
BIE_MODEL_GW_020.zip,TASK_RESULT.json,118,7050c02690b38b88f5e467e7cf094d9f799e46dcc31e1c2f8c1405698c4c68e4,PENDING,,
BIE_MODEL_GW_020.zip,app/bie/model_gateway/model_provenance.py,606,a54b2908ed356d1dd706d2629e4d0af4c42f087555c0bc3a9804310edcfc6405,PENDING,,
BIE_MODEL_GW_020.zip,app/bie/model_gateway/__init__.py,0,e3b0c44298fc1c149afbf4c8996fb92427ae41e4649b934ca495991b7852b855,PENDING,,
BIE_MODEL_GW_020.zip,app/bie/model_gateway/__pycache__/model_provenance.cpython-313.pyc,1840,65e48c13e53dd065aac64d0c755d4bbe29b5e9c3a71282ec07bcd9c3e222caa6,PENDING,,
BIE_MODEL_GW_020.zip,app/bie/model_gateway/__pycache__/__init__.cpython-313.pyc,157,8a2efe251ba0da2e07ce75aaa7ecebf8b9003de8d0588bd9be2f5d54220228e2,PENDING,,
BIE_MODEL_GW_020.zip,docs/bie/MODEL_PROVENANCE_SPEC.md,124,37fca18646fdae68ae2eff972856c9d8846a97893f1cf7ea6686dfbaff3e4a2b,PENDING,,
BIE_MODEL_GW_020.zip,tests/model_gateway/test_model_provenance.py,615,d7d831a2bcfb7e6980616f5c969e752889ce26b1f86fe10fcddfc19c82b5884c,PENDING,,
BIE_MODEL_GW_020.zip,tests/model_gateway/__pycache__/test_model_provenance.cpython-313.pyc,2186,51d4b6372f1acd32c4057e97061ac35c7406ba9185810858dc37b1867f73afba,PENDING,,
BIE_MODEL_GW_021.zip,TEST_RESULT.txt,1179,c467fe92fb82537ec073726bdf048de734b664497b1d837f9cf47db16ac03db2,PENDING,,
BIE_MODEL_GW_021.zip,TASK_RESULT.json,118,5a9a9819c057fac9590431a1bd3b2c762cfe73e09e99d98be80fe9c6ce7edb26,PENDING,,
BIE_MODEL_GW_021.zip,app/bie/model_gateway/__init__.py,0,e3b0c44298fc1c149afbf4c8996fb92427ae41e4649b934ca495991b7852b855,PENDING,,
BIE_MODEL_GW_021.zip,app/bie/model_gateway/decision_evidence.py,480,176cdaa3d9a655070efbdefe8a476d90ca01a49a2dcb42fac1db54b4763e284d,PENDING,,
BIE_MODEL_GW_021.zip,app/bie/model_gateway/__pycache__/decision_evidence.cpython-313.pyc,1394,0497f66bf0907c9e0d8507273c8c69c7fc6458f4caaf540ba5f454fc04002325,PENDING,,
BIE_MODEL_GW_021.zip,app/bie/model_gateway/__pycache__/__init__.cpython-313.pyc,157,ecc7987331899adb3a88678f3c9dfb92ddc2094b5c15c3cf34216d7aee09f31c,PENDING,,
BIE_MODEL_GW_021.zip,docs/bie/DECISION_EVIDENCE_SPEC.md,91,384eb75900a39c8c686c50c8dea5823afa7ba34f26ed25198700d4c1e8d66588,PENDING,,
BIE_MODEL_GW_021.zip,tests/model_gateway/test_decision_evidence.py,677,8a3c7175b348a9e5d5d9e50b9a0be0ecbd250db79ffd1d8f569e3e2848cf121d,PENDING,,
BIE_MODEL_GW_021.zip,tests/model_gateway/__pycache__/test_decision_evidence.cpython-313.pyc,2222,3ac5a20ca5635e6c803372374e67702b7f9bcf2ba06c08a30740e1a433cbc62c,PENDING,,
BIE_MODEL_GW_022.zip,TEST_RESULT.txt,1179,c467fe92fb82537ec073726bdf048de734b664497b1d837f9cf47db16ac03db2,PENDING,,
BIE_MODEL_GW_022.zip,TASK_RESULT.json,118,4079e1bd4af616c7141d45fb18a538d666a19252deacf34653a372a1b69a3290,PENDING,,
BIE_MODEL_GW_022.zip,app/bie/model_gateway/fallback_router.py,299,1ddeb16edfba9038c1ed37b17f72a394760a4c573c848ad6b3f81ed3d4f0c95a,PENDING,,
BIE_MODEL_GW_022.zip,app/bie/model_gateway/__init__.py,0,e3b0c44298fc1c149afbf4c8996fb92427ae41e4649b934ca495991b7852b855,PENDING,,
BIE_MODEL_GW_022.zip,app/bie/model_gateway/__pycache__/fallback_router.cpython-313.pyc,988,c2550cbd462199d812f8c0ab014d5baf76010650232ba5038e44e480990260e8,PENDING,,
BIE_MODEL_GW_022.zip,app/bie/model_gateway/__pycache__/__init__.cpython-313.pyc,157,fd677a8952c6561f6edc9f3c8e69489e6d4816fb461e6254ef92f73acc69e602,PENDING,,
BIE_MODEL_GW_022.zip,docs/bie/FALLBACK_ROUTER_SPEC.md,123,3476846ef3e582ebb1aaf8270cd898eea80cc953380d7a8d9eb1428f8d3a811d,PENDING,,
BIE_MODEL_GW_022.zip,tests/model_gateway/test_fallback_router.py,663,b682245608d4224888fb7c67d3ce57eef6cf5c8069315b707d2b886d118ff620,PENDING,,
BIE_MODEL_GW_022.zip,tests/model_gateway/__pycache__/test_fallback_router.cpython-313.pyc,3507,9624f880489dcb35cf1f3f98d11fcc1fa198284b36f7ec7070a4b1b30611e9a2,PENDING,,
BIE_MODEL_GW_023.zip,TEST_RESULT.txt,1180,da0de3e9aafb4e993c448757f17dcee7dd4ec4cac83a8d237c2acdd6de251dca,PENDING,,
BIE_MODEL_GW_023.zip,TASK_RESULT.json,118,2974c22c1cbdaa7d47382ada63b029e85d91d596adcdbd2f295e43051653f027,PENDING,,
BIE_MODEL_GW_023.zip,app/bie/model_gateway/capability_router.py,427,e3fb85fbbb9b052657bdeba035e8edfd044f659353a89559db23ebf18b7fa7c7,PENDING,,
BIE_MODEL_GW_023.zip,app/bie/model_gateway/__init__.py,0,e3b0c44298fc1c149afbf4c8996fb92427ae41e4649b934ca495991b7852b855,PENDING,,
BIE_MODEL_GW_023.zip,app/bie/model_gateway/__pycache__/__init__.cpython-313.pyc,157,d2aa4ef678fcad4e34f6ce3d3d424279fde6e4a837e566766964353ca7e12c99,PENDING,,
BIE_MODEL_GW_023.zip,app/bie/model_gateway/__pycache__/capability_router.cpython-313.pyc,1609,d4eb366dc1d423c5d026afd0e54804b6187c4fa548897b055343361b1118fa5a,PENDING,,
BIE_MODEL_GW_023.zip,docs/bie/CAPABILITY_ROUTER_SPEC.md,130,aa13edd8aaaf4dfef7d90c926eb9aa0d1c5db1fde4553cf12b66a6b3e07aee98,PENDING,,
BIE_MODEL_GW_023.zip,tests/model_gateway/test_capability_router.py,725,2f559c1d4dc4a2cc22aeae5755c5db3388933166d7905da1c6a1edebba14272f,PENDING,,
BIE_MODEL_GW_023.zip,tests/model_gateway/__pycache__/test_capability_router.cpython-313.pyc,2447,6163884aa0cf6f10575893f9fdc78bbaec9f4e4d590ff0dba09885ea64867662,PENDING,,
BIE_MODEL_GW_024.zip,TEST_RESULT.txt,1180,da0de3e9aafb4e993c448757f17dcee7dd4ec4cac83a8d237c2acdd6de251dca,PENDING,,
BIE_MODEL_GW_024.zip,TASK_RESULT.json,118,44d75ab8aaa1f6fc4c11ea490278c2b6255ea47643bbc47f90ef458909f4f490,PENDING,,
BIE_MODEL_GW_024.zip,app/bie/model_gateway/quality_escalation.py,423,d6e7dd49465c2a20b6cb1083470054363c54c6bedca3ff8a6871e5f98726c1b5,PENDING,,
BIE_MODEL_GW_024.zip,app/bie/model_gateway/__init__.py,0,e3b0c44298fc1c149afbf4c8996fb92427ae41e4649b934ca495991b7852b855,PENDING,,
BIE_MODEL_GW_024.zip,app/bie/model_gateway/__pycache__/__init__.cpython-313.pyc,157,6949af55f1ccb72080ebb9483be983274a856472d578f9e4b51f0d5a1b55f2e4,PENDING,,
BIE_MODEL_GW_024.zip,app/bie/model_gateway/__pycache__/quality_escalation.cpython-313.pyc,1255,0b7ea1c956fe23b9a0fd737f39fee00e292aba095ab541c8d869cf3ab85750de,PENDING,,
BIE_MODEL_GW_024.zip,docs/bie/QUALITY_ESCALATION_SPEC.md,140,4a6990d88d49bbf8ff7402035943e3c2c865c95f373aafb9c34144c951277734,PENDING,,
BIE_MODEL_GW_024.zip,tests/model_gateway/test_quality_escalation.py,576,3d111e1162e7a50129f3fdaa1db830f2b7dbfe41b7554a756bd502bd79a5e594,PENDING,,
BIE_MODEL_GW_024.zip,tests/model_gateway/__pycache__/test_quality_escalation.cpython-313.pyc,2105,91c5bb77370a66c62043a67a2ecc96c82596152f39ccb3c3258c77ce5cf59030,PENDING,,
BIE_MODEL_GW_025.zip,TEST_RESULT.txt,1180,da0de3e9aafb4e993c448757f17dcee7dd4ec4cac83a8d237c2acdd6de251dca,PENDING,,
BIE_MODEL_GW_025.zip,TASK_RESULT.json,118,7a567da11e5ffb7c1562459045c7a469634f2adcddec187f9dc8184994392d80,PENDING,,
BIE_MODEL_GW_025.zip,app/bie/model_gateway/deterministic_tool_first.py,315,faf0c56ff01d23671aa6b19aab77b786153476110344981c50151997732d3fbf,PENDING,,
BIE_MODEL_GW_025.zip,app/bie/model_gateway/__init__.py,0,e3b0c44298fc1c149afbf4c8996fb92427ae41e4649b934ca495991b7852b855,PENDING,,
BIE_MODEL_GW_025.zip,app/bie/model_gateway/__pycache__/__init__.cpython-313.pyc,157,e1372ff3ef6967a33b3da63dc19280cc8aee428c08ae5c5f38caa9aa8cd1825a,PENDING,,
BIE_MODEL_GW_025.zip,app/bie/model_gateway/__pycache__/deterministic_tool_first.cpython-313.pyc,790,7b4df319760b41fa4bdb67b1dedc2ef7d01cbcbc976d594ab57b342c88ba768e,PENDING,,
BIE_MODEL_GW_025.zip,docs/bie/DETERMINISTIC_TOOL_FIRST_SPEC.md,117,40530e188e48ac172eb123d0642ff6da7c13f6997f2ea7156cc790590cacd06c,PENDING,,
BIE_MODEL_GW_025.zip,tests/model_gateway/test_deterministic_tool_first.py,522,30e997362efbc5643d974d90e63aa3918ed0c4f7cfead3e0729f331603a2986a,PENDING,,
BIE_MODEL_GW_025.zip,tests/model_gateway/__pycache__/test_deterministic_tool_first.cpython-313.pyc,1774,f27fa49bb37b74b20b677845bf2629b0b8b845b22a8aa8335d2a0d4e563b7c9a,PENDING,,
BIE_MODEL_GW_026.zip,TEST_RESULT.txt,1179,c467fe92fb82537ec073726bdf048de734b664497b1d837f9cf47db16ac03db2,PENDING,,
BIE_MODEL_GW_026.zip,TASK_RESULT.json,118,1673dab2142be6dd88ff08921b9fed61164e44156f01bfd6183969917841d51c,PENDING,,
BIE_MODEL_GW_026.zip,app/bie/model_gateway/__init__.py,0,e3b0c44298fc1c149afbf4c8996fb92427ae41e4649b934ca495991b7852b855,PENDING,,
BIE_MODEL_GW_026.zip,app/bie/model_gateway/response_cache.py,461,0d9e92dbabfdd165119e2ae6da39aa473c99f85c6128ca92336fb1a0c7e1c13f,PENDING,,
BIE_MODEL_GW_026.zip,app/bie/model_gateway/__pycache__/__init__.cpython-313.pyc,157,3d07804f97173b67c89ec985912caae52a5b7b7980b73fd8c7ab64184cb9445c,PENDING,,
BIE_MODEL_GW_026.zip,app/bie/model_gateway/__pycache__/response_cache.cpython-313.pyc,1706,1b6b47cc619fe8f4a50d992784774182a1a6484ccf704d2d14cfd2c84b4b1328,PENDING,,
BIE_MODEL_GW_026.zip,docs/bie/RESPONSE_CACHE_SPEC.md,129,50560c263ff5892f5fab8a1ddab308620a55a6040b02d5248fed481e2ce0c496,PENDING,,
BIE_MODEL_GW_026.zip,tests/model_gateway/test_response_cache.py,466,dc1543fc0334287210eac7e02196841d615e98ea632f8098267afaf4f3d14b16,PENDING,,
BIE_MODEL_GW_026.zip,tests/model_gateway/__pycache__/test_response_cache.cpython-313.pyc,1844,95bd361961498be64d2f3cc6d3b9acada37bfc73d825c5ab13f53cf19b2fe83d,PENDING,,
BIE_MODEL_GW_027.zip,TEST_RESULT.txt,1180,da0de3e9aafb4e993c448757f17dcee7dd4ec4cac83a8d237c2acdd6de251dca,PENDING,,
BIE_MODEL_GW_027.zip,TASK_RESULT.json,118,fdd377ff5b0973a11ade56d5c1ebf4cff0c226c77b9ccca76ab577855808c4e2,PENDING,,
BIE_MODEL_GW_027.zip,app/bie/model_gateway/__init__.py,0,e3b0c44298fc1c149afbf4c8996fb92427ae41e4649b934ca495991b7852b855,PENDING,,
BIE_MODEL_GW_027.zip,app/bie/model_gateway/semantic_cache.py,484,53164d6153f5686f6dc0b7993c6196edfe1af993a160fc720d52a91e205ddd70,PENDING,,
BIE_MODEL_GW_027.zip,app/bie/model_gateway/__pycache__/semantic_cache.cpython-313.pyc,2078,99076affc57efbbdf08e21188563c518e6577797f5452018342a45159d704eaa,PENDING,,
BIE_MODEL_GW_027.zip,app/bie/model_gateway/__pycache__/__init__.cpython-313.pyc,157,16f43ed7d6fda80cdcb21b7648e941ac56159ebfecd29a12856965caf500a881,PENDING,,
BIE_MODEL_GW_027.zip,docs/bie/SEMANTIC_CACHE_SPEC.md,135,3f28abf612ee23ce477f90c5e702ef43a88799d74f9a7a6050067fb25db42bc1,PENDING,,
BIE_MODEL_GW_027.zip,tests/model_gateway/test_semantic_cache.py,530,7e27484c2ac2fec7ce8c9ccbffc31950aced0232eaed61af6fd011a30ef78127,PENDING,,
BIE_MODEL_GW_027.zip,tests/model_gateway/__pycache__/test_semantic_cache.cpython-313.pyc,1943,70403def139b7c81b2c651c8157c4fe57e34786cccba93025306b684f18394c1,PENDING,,
BIE_MODEL_GW_028.zip,TEST_RESULT.txt,1180,da0de3e9aafb4e993c448757f17dcee7dd4ec4cac83a8d237c2acdd6de251dca,PENDING,,
BIE_MODEL_GW_028.zip,TASK_RESULT.json,118,d5c4d6199c6767d80f4c7d0049ea556fd01f879688f7e1d11c034fc7eb94e512,PENDING,,
BIE_MODEL_GW_028.zip,app/bie/model_gateway/__init__.py,0,e3b0c44298fc1c149afbf4c8996fb92427ae41e4649b934ca495991b7852b855,PENDING,,
BIE_MODEL_GW_028.zip,app/bie/model_gateway/prompt_versioning.py,642,4256657cbcbdc20956d6358e2cdc2d60ab0bafdf36beb9b39758d23aa5394ba7,PENDING,,
BIE_MODEL_GW_028.zip,app/bie/model_gateway/__pycache__/__init__.cpython-313.pyc,157,4352ba1cab39933f5fc23cdbd5d7ba7c86b5b6793e5f04671aefad1115ea6f87,PENDING,,
BIE_MODEL_GW_028.zip,app/bie/model_gateway/__pycache__/prompt_versioning.cpython-313.pyc,2337,598a9562ff095fab03687cebb5bdf9642dd90d2da8bda32fdb3515941130cc50,PENDING,,
BIE_MODEL_GW_028.zip,docs/bie/PROMPT_VERSIONING_SPEC.md,120,fa226f3672b6e1f89f8d5723dc57c9f185c14afab438fddf3f174a2376921326,PENDING,,
BIE_MODEL_GW_028.zip,tests/model_gateway/test_prompt_versioning.py,688,6a1e4f81eed795704a1348f53780c1b2038acc44fd6b5f20c23039dbb37bbcfc,PENDING,,
BIE_MODEL_GW_028.zip,tests/model_gateway/__pycache__/test_prompt_versioning.cpython-313.pyc,2576,e97c86fc58a17a36dd0dbf9a02ba83213c0618a4a684deb5f006c6ee400ef77e,PENDING,,
BIE_MODEL_GW_029.zip,TEST_RESULT.txt,1180,da0de3e9aafb4e993c448757f17dcee7dd4ec4cac83a8d237c2acdd6de251dca,PENDING,,
BIE_MODEL_GW_029.zip,TASK_RESULT.json,118,590db61e64f5c9ce93af47cf66f65b877515dffa01f62e74bc22fdda06520848,PENDING,,
BIE_MODEL_GW_029.zip,app/bie/model_gateway/tool_registry.py,684,360c1e9a551545453b8cc3324f16aae7d1aa92a2b6a0ea0c5499a40491a45d95,PENDING,,
BIE_MODEL_GW_029.zip,app/bie/model_gateway/__init__.py,0,e3b0c44298fc1c149afbf4c8996fb92427ae41e4649b934ca495991b7852b855,PENDING,,
BIE_MODEL_GW_029.zip,app/bie/model_gateway/__pycache__/__init__.cpython-313.pyc,157,c6121e5ba6898e4234795790a79bd569de3d3ed154814c845ce248ba357df33f,PENDING,,
BIE_MODEL_GW_029.zip,app/bie/model_gateway/__pycache__/tool_registry.cpython-313.pyc,2118,7f6fffdda1f82f9c80d13bed265c196e6ca19789e80c1326bfc7f13c0a71fec5,PENDING,,
BIE_MODEL_GW_029.zip,docs/bie/TOOL_REGISTRY_SPEC.md,109,4aedecc4ee57059b37c2ab6bf062a49b2f7455ab202ae9688f939ae4e417a1f6,PENDING,,
BIE_MODEL_GW_029.zip,tests/model_gateway/test_tool_registry.py,761,5128a296d2dbcf83cb6b3218ab3090ae53c7f8823ecff8ba54f1ac9dfa16e396,PENDING,,
BIE_MODEL_GW_029.zip,tests/model_gateway/__pycache__/test_tool_registry.cpython-313.pyc,2792,63d0e6a2561f78e28dba84c1a3fc39fb700ee3d6639ddc307b73014544924a7a,PENDING,,
BIE_MODEL_GW_030.zip,TEST_RESULT.txt,1180,da0de3e9aafb4e993c448757f17dcee7dd4ec4cac83a8d237c2acdd6de251dca,PENDING,,
BIE_MODEL_GW_030.zip,TASK_RESULT.json,119,e06a6a1f672cc7626a90d3b8eda82b355236957149ce3bb5a1b91be39b87a033,PENDING,,
BIE_MODEL_GW_030.zip,app/bie/model_gateway/gateway_audit.py,1346,3e3edf3bb4ac6b0d601eb02a4881b0da65a508b0ae8236d0726dbf532dfa6486,PENDING,,
BIE_MODEL_GW_030.zip,app/bie/model_gateway/__init__.py,0,e3b0c44298fc1c149afbf4c8996fb92427ae41e4649b934ca495991b7852b855,PENDING,,
BIE_MODEL_GW_030.zip,app/bie/model_gateway/__pycache__/__init__.cpython-313.pyc,157,0b61455a48397d280760f7d6cddff31f14c515d58364a95d9f7b3ba86ac565cd,PENDING,,
BIE_MODEL_GW_030.zip,app/bie/model_gateway/__pycache__/gateway_audit.cpython-313.pyc,3262,1d3ae06636fb7a21e332d2cb5e97d56e748b874fe1c355f8be621b1d08e53dde,PENDING,,
BIE_MODEL_GW_030.zip,docs/bie/GATEWAY_AUDIT_SPEC.md,124,bf272cdcec26fb62276609be199ae574e3845de22e6db9391008e55d8c6b5c53,PENDING,,
BIE_MODEL_GW_030.zip,tests/model_gateway/test_gateway_audit.py,678,f9ca271fd241d6148045a52401b5c134f21f0e24aa32d7f3e4e8dc990bf70027,PENDING,,
BIE_MODEL_GW_030.zip,tests/model_gateway/__pycache__/test_gateway_audit.cpython-313.pyc,2412,d562a1c93eb95d3fdb315cb871cd5b6c76e714ebd33c48f34801b01ea3bdba1f,PENDING,,
BIE_QA_RELEASE_001.zip,TASK_RESULT.json,512,349ee6b44698a1f543ec0b9b1aee8d7cc168bcc4068b616bd0bab9133923836a,PENDING,,
BIE_QA_RELEASE_001.zip,TEST_RESULT.txt,1186,6d2bebab54791e53dafb8341c0d7ebaf4b49b0d4b22e5c7459d02dddb04e7fcd,PENDING,,
BIE_QA_RELEASE_001.zip,docs/bie/QA_SPEC.md,3293,d77977249c9958e2aa6ee806b0c9e279812926ab3f76a529f6755972acb2b2b8,PENDING,,
BIE_QA_RELEASE_001.zip,docs/bie/RELEASE_GATE_MIGRATION_PLAN.md,1077,7979063d97454cd139abf90fd213b94b51f658e2f4c6322666a26a528f62cb16,PENDING,,
BIE_QA_RELEASE_001.zip,docs/bie/release-policy-example.json,648,e15b80f68e765d494c8a494a919779e6527db7b64da14d27458ea4ff0a7c466c,PENDING,,
BIE_QA_RELEASE_001.zip,app/bie/qa/__init__.py,0,e3b0c44298fc1c149afbf4c8996fb92427ae41e4649b934ca495991b7852b855,PENDING,,
BIE_QA_RELEASE_001.zip,app/bie/qa/release_contracts.py,8045,3e721b622855667f7898097bb5bcbe26855a39f24d1f335b2312af7c34846b3b,PENDING,,
BIE_QA_RELEASE_001.zip,app/bie/qa/__pycache__/__init__.cpython-313.pyc,148,4f3e687abf0097361b2967d68f52d49b06619872cc30577bfc7e4ccc9c4c9770,PENDING,,
BIE_QA_RELEASE_001.zip,app/bie/qa/__pycache__/release_contracts.cpython-313.pyc,11797,fce9fdf016470ce387bfc2b640c037fd564aeab90cfe16e799c100755d9fbf0d,PENDING,,
BIE_QA_RELEASE_001.zip,tests/qa/test_release_contracts.py,3814,bbf1e21131862011156ecd8fb6ce3891c2f99b6a93a55956400f69ee46902cda,PENDING,,
BIE_QA_RELEASE_001.zip,tests/qa/__pycache__/test_release_contracts.cpython-313.pyc,8017,6e5f26a156b1f30621cbf7206bf9a79c91c9091b5ca54eb4e3f4734cc57c0dce,PENDING,,
BIE_RE_CORE_001.zip,TASK_RESULT.json,711,131f5cd357413b4065d5faa71dd50452f502f8f195dc8f8c373216c7e26dd223,PENDING,,
BIE_RE_CORE_001.zip,TEST_RESULT.txt,861,f4247b308f175ee714a324cc7a03722aed2d1dbe8742da034dab56f0353a62dc,PENDING,,
BIE_RE_CORE_001.zip,docs/bie/reasoning-example.json,1543,6e41f58fbeb85afd4b51ffd5a94aaa88f7e1735163c604bda0a6b2f93203a10a,PENDING,,
BIE_RE_CORE_001.zip,docs/bie/reasoning-decision.schema.json,3858,4a3d88e1dcbec28cf7089f703bd3958d9a3d77c3b7d5711fc84266ac59107977,PENDING,,
BIE_RE_CORE_001.zip,docs/bie/REASONING_INTEGRATION_PLAN.md,1201,eeeb758053f3aa30fee8cca8040a73922b32921400d93a8359c9f887ea5a3809,PENDING,,
BIE_RE_CORE_001.zip,docs/bie/REASONING_SPEC.md,3733,39828237ba152c4216e8e4c2b03db7b47c4450280fd0dc86667fd9a765983b72,PENDING,,
BIE_RE_CORE_001.zip,app/bie/reasoning/__init__.py,0,e3b0c44298fc1c149afbf4c8996fb92427ae41e4649b934ca495991b7852b855,PENDING,,
BIE_RE_CORE_001.zip,app/bie/reasoning/decision_contracts.py,6180,ce0653410e6727ee904d516b4e97b57f78b22d3be33dde49921d3a584114e98c,PENDING,,
BIE_RE_CORE_001.zip,app/bie/reasoning/__pycache__/__init__.cpython-313.pyc,152,0b4e38a4ad947b554553ab4ca65e4002f22b3065bfc28df77d25da5fef6a6c07,PENDING,,
BIE_RE_CORE_001.zip,app/bie/reasoning/__pycache__/decision_contracts.cpython-313.pyc,9461,1ab9dfe0ff44fa37229c999d5b6d961d3945201459a997a0cc86a94b26ce5e2e,PENDING,,
BIE_RE_CORE_001.zip,tests/reasoning/test_reasoning_contracts.py,2940,578878ceabe96805a6c573eee9b66e60f62afb6093ce2a1d0002981e3edf702c,PENDING,,
BIE_RE_CORE_001.zip,tests/reasoning/__pycache__/test_reasoning_contracts.cpython-313.pyc,5633,b2cfe75063d306002b2d5f6d6e0bb9448cb7268362b33b90a4c5b3558d310fd4,PENDING,,
